time_s,br_nT,bt_nT,bn_nT
0.00,-8.2191,5.9972,1.9103
0.25,-7.6566,5.6236,1.9296
0.50,-7.5485,5.9814,1.3647
0.75,-6.8689,5.2410,1.1288
1.00,-7.1979,4.5342,1.4895
1.25,-6.5437,3.4608,1.7958
1.50,-6.0148,3.5818,1.6323
1.75,-6.0135,3.8632,1.3900
2.00,-6.0700,3.2993,1.6115
2.25,-5.6403,4.3129,1.5533
2.50,-5.9809,5.2050,1.5639
2.75,-5.0386,4.7219,1.6546
3.00,-4.1597,4.4223,2.2068
3.25,-4.6051,4.4559,2.3014
3.50,-5.0201,5.1860,1.8503
3.75,-5.9984,5.3903,1.7402
4.00,-6.2852,4.6929,1.8081
4.25,-6.3801,3.7857,1.1835
4.50,-6.4052,3.4714,0.7076
4.75,-5.8924,4.6135,0.4848
5.00,-5.1614,4.5765,0.6295
5.25,-5.3055,4.6611,0.8486
5.50,-4.8693,4.3464,1.2526
5.75,-4.9330,4.2605,1.5216
6.00,-5.4629,3.8120,1.3446
6.25,-5.1631,3.0443,1.2662
6.50,-6.5736,3.4772,0.4071
6.75,-7.0426,4.2301,0.1210
7.00,-7.1189,4.7764,0.1090
7.25,-7.6321,5.0202,-0.0022
7.50,-8.0227,5.1906,0.2305
7.75,-7.4971,5.3261,0.6119
8.00,-6.9278,5.5509,1.1347
8.25,-6.3782,5.5188,0.9344
8.50,-5.8360,5.1247,1.1435
8.75,-5.5707,4.6398,1.3586
9.00,-5.6994,4.9448,0.8145
9.25,-5.9173,5.0244,0.7578
9.50,-5.6267,4.2814,0.4911
9.75,-5.7975,4.2391,0.6029
10.00,-4.5900,4.5807,1.2362
10.25,-4.5295,5.2565,1.3721
10.50,-5.2430,5.1992,1.6670
10.75,-5.3403,4.8671,1.5324
11.00,-5.8254,4.1895,1.3094
11.25,-5.6510,4.0257,1.9182
11.50,-5.4537,4.4533,2.4422
11.75,-5.5418,4.4185,2.0367
12.00,-5.9495,4.2197,1.8136
12.25,-6.3702,4.5932,1.7421
12.50,-5.9873,4.5507,1.8118
12.75,-5.2575,4.7013,1.6390
13.00,-6.0957,4.9412,1.4416
13.25,-6.2258,5.1428,1.0506
13.50,-6.8954,4.0680,1.2762
13.75,-6.6874,4.2544,0.9406
14.00,-6.6167,4.3981,0.9199
14.25,-6.2176,4.9021,1.0288
14.50,-5.2462,5.4771,0.6683
14.75,-4.7552,5.0453,0.2450
15.00,-4.0038,4.7288,-0.2492
15.25,-3.9634,5.3539,-0.1963
15.50,-3.7417,5.7028,-0.1053
15.75,-4.0306,5.9200,0.4000
16.00,-4.1922,6.8046,0.9665
16.25,-4.2855,6.3713,1.4873
16.50,-4.3134,6.7795,1.6483
16.75,-4.9372,6.4520,1.5134
17.00,-4.7584,6.4221,1.3600
17.25,-2.8844,6.1651,1.4073
17.50,-2.7696,6.1953,1.7532
17.75,-4.3001,5.5162,1.6110
18.00,-4.3383,5.7733,1.6116
18.25,-3.6286,5.6320,1.7617
18.50,-2.9553,4.7810,1.5201
18.75,-3.4487,5.2401,1.0355
19.00,-3.5670,4.8221,1.0111
19.25,-3.4792,4.1339,1.0239
19.50,-4.3171,3.8562,0.3877
19.75,-3.4946,3.8747,0.2554
20.00,-3.2451,4.3683,0.4118
20.25,-4.2385,5.4103,0.8469
20.50,-4.6619,6.3398,1.0414
20.75,-4.1580,6.2446,0.9197
21.00,-4.5610,5.8775,0.7965
21.25,-4.6850,5.4363,0.8601
21.50,-4.9903,4.7337,0.9889
21.75,-4.6212,5.0204,0.7577
22.00,-5.0228,5.5650,0.9826
22.25,-5.2762,6.2136,0.4722
22.50,-5.1077,6.1236,0.9009
22.75,-5.3251,5.7321,1.4171
23.00,-5.7129,5.1400,1.5157
23.25,-6.5667,5.0147,1.4720
23.50,-7.2949,5.2756,1.2139
23.75,-7.6596,5.3477,1.7134
24.00,-8.1816,5.4332,1.9285
24.25,-8.4848,5.8371,1.6662
24.50,-7.3576,6.1018,1.0897
24.75,-6.5017,6.6905,0.5863
25.00,-7.5686,7.0482,0.4108
25.25,-8.1943,7.2060,0.5882
25.50,-7.5859,7.0302,1.2266
25.75,-6.8484,8.1879,0.8992
26.00,-6.5001,8.4625,0.1954
26.25,-7.2009,8.3128,0.1206
26.50,-7.2963,8.3741,0.2038
26.75,-7.6856,7.1029,0.0451
27.00,-7.0033,6.0622,0.2862
27.25,-7.0559,5.6696,0.9735
27.50,-6.4379,5.7909,1.6258
27.75,-6.0986,5.9729,1.3782
28.00,-5.9918,5.0025,1.6302
28.25,-6.8009,4.6782,1.7733
28.50,-6.9578,5.2610,1.7755
28.75,-6.8041,5.9756,2.1663
29.00,-7.1093,5.1914,2.4245
29.25,-7.8874,5.1985,2.5226
29.50,-7.6032,4.7508,3.3847
29.75,-7.7056,4.4514,3.7019
30.00,-7.8141,5.1347,3.4025
30.25,-6.7095,5.9060,2.9830
30.50,-5.8357,5.8139,3.0342
30.75,-6.4602,5.9719,2.9921
31.00,-7.3423,6.9417,3.3050
31.25,-7.4533,7.8084,3.2115
31.50,-7.7189,8.2298,3.0776
31.75,-7.5139,7.6352,2.8127
32.00,-7.0943,7.0174,2.5516
32.25,-6.5302,6.4850,2.1335
32.50,-5.8788,6.4845,1.6423
32.75,-6.0614,6.1362,1.8710
33.00,-6.0361,5.7951,2.2064
33.25,-6.3118,5.8181,1.9177
33.50,-5.8535,5.8020,1.9301
33.75,-4.2237,5.6068,2.2109
34.00,-4.5185,5.2039,2.5032
34.25,-4.5347,4.9466,2.9136
34.50,-4.0022,4.2753,3.4047
34.75,-3.6962,4.8068,3.1325
35.00,-3.7478,6.2760,2.4859
35.25,-4.2313,6.3787,2.0615
35.50,-4.7185,6.1841,2.1100
35.75,-5.4227,6.1505,2.3979
36.00,-6.3148,5.9776,2.0145
36.25,-6.7087,4.8970,1.7332
36.50,-6.9959,4.8554,1.5758
36.75,-7.8159,5.0134,2.2170
37.00,-7.2539,4.9244,2.3622
37.25,-6.6983,4.6344,2.6455
37.50,-5.6652,4.5697,2.3195
37.75,-5.6953,5.7278,1.9533
38.00,-5.3933,6.4072,1.2522
38.25,-5.8029,6.5064,1.5107
38.50,-6.2173,6.1137,2.6342
38.75,-6.4873,5.5392,2.9736
39.00,-6.4809,5.1888,3.0209
39.25,-5.8812,4.7378,2.8992
39.50,-4.7991,4.6689,2.1427
39.75,-4.1887,5.6166,2.3798
40.00,-3.1358,6.2114,1.7858
40.25,-2.4501,5.4652,1.4393
40.50,-3.0798,4.7181,0.9776
40.75,-2.9289,4.9911,0.4602
41.00,-3.5547,5.7107,0.5415
41.25,-4.6450,5.1964,0.5760
41.50,-5.2067,4.7146,1.2690
41.75,-5.0353,4.7261,2.1928
42.00,-6.0032,5.3755,2.0404
42.25,-6.4653,5.9359,1.5072
42.50,-5.7605,5.6152,1.3592
42.75,-5.4662,5.1792,1.8126
43.00,-5.3734,5.5330,2.4533
43.25,-4.7818,5.8981,2.7141
43.50,-4.5872,5.4830,2.8545
43.75,-4.5126,5.7018,2.3018
44.00,-4.7655,6.2712,1.9534
44.25,-5.0375,6.8107,2.2641
44.50,-5.2770,7.0088,2.1512
44.75,-4.6550,7.5568,2.0321
45.00,-3.8717,8.0817,2.0240
45.25,-4.0447,8.7383,1.9935
45.50,-4.1364,8.1485,1.5842
45.75,-4.1439,7.5972,1.7713
46.00,-5.0474,6.8353,1.9328
46.25,-5.3260,6.3913,2.4675
46.50,-5.4914,5.8030,2.9668
46.75,-5.5415,6.8670,3.0779
47.00,-5.5357,7.6693,2.7445
47.25,-5.4326,6.8982,2.2979
47.50,-5.8370,6.3657,1.0204
47.75,-5.5878,6.6957,0.6804
48.00,-4.6809,6.2318,0.5775
48.25,-4.6829,6.2373,0.7935
48.50,-4.8818,5.7021,1.4314
48.75,-4.7931,5.2385,1.6633
49.00,-4.8034,4.6090,2.1322
49.25,-4.7856,4.1575,1.5964
49.50,-5.6922,4.5258,0.9904
49.75,-6.5237,4.7848,0.9632
50.00,-7.5990,4.9200,0.4034
50.25,-7.0990,4.4660,0.5402
50.50,-6.4244,3.2573,0.8180
50.75,-6.2067,2.9581,1.1407
51.00,-6.6188,2.8935,1.1070
51.25,-6.7097,2.9762,1.2153
51.50,-6.4250,2.7538,1.2771
51.75,-5.8190,2.2493,1.6254
52.00,-5.3922,1.7377,1.7630
52.25,-4.6187,1.4236,1.3403
52.50,-5.5128,1.1879,0.8215
52.75,-6.8768,2.4122,1.0327
53.00,-6.8809,2.4996,1.7027
53.25,-6.7155,2.7163,2.2063
53.50,-6.2256,2.8485,1.9076
53.75,-5.5918,2.9316,2.2518
54.00,-5.1329,3.1985,1.6352
54.25,-4.8007,3.5050,1.5555
54.50,-4.7829,4.0774,1.9772
54.75,-4.4967,3.4974,2.8619
55.00,-5.9519,2.8819,3.1621
55.25,-6.4427,2.2098,2.5767
55.50,-6.5735,1.3303,2.5933
55.75,-6.1975,0.8922,2.6161
56.00,-6.1874,1.5966,2.5028
56.25,-5.8730,2.1461,1.9102
56.50,-5.7807,1.9150,1.6266
56.75,-5.6071,1.5512,1.6738
57.00,-7.0428,1.7265,1.8894
57.25,-7.1810,1.7475,1.7755
57.50,-7.2446,1.5504,1.7083
57.75,-7.3792,1.1201,1.8207
58.00,-7.6789,1.2592,1.8928
58.25,-7.9986,2.0244,2.8069
58.50,-7.8370,2.1229,3.1660
58.75,-7.6623,2.2832,3.6778
59.00,-8.3452,2.2600,3.6906
59.25,-8.8049,2.4272,2.9349
59.50,-8.4481,2.5331,2.8098
59.75,-7.3988,2.9002,3.4405
60.00,-8.2764,3.3137,4.0726
60.25,-9.4093,3.5588,3.9803
60.50,-10.0630,3.6388,4.2516
60.75,-9.6432,3.3606,4.1514
61.00,-8.7657,2.6237,4.5061
61.25,-9.4521,2.8575,4.2235
61.50,-9.6661,2.6597,3.9061
61.75,-10.1717,2.9079,3.9262
62.00,-8.7731,2.4149,4.1488
62.25,-7.6467,3.0139,4.1680
62.50,-7.9866,3.3793,3.6657
62.75,-7.3104,3.8985,3.2773
63.00,-7.6502,3.9015,2.2921
63.25,-8.0729,3.6385,2.0172
63.50,-7.9658,2.9517,1.8854
63.75,-7.9424,2.2386,2.4784
64.00,-7.0337,2.5033,3.0381
64.25,-7.2232,2.7658,3.1688
64.50,-6.1483,2.7094,3.5291
64.75,-5.3295,2.8718,3.7272
65.00,-4.9398,3.6952,3.8649
65.25,-5.0398,3.7938,3.2135
65.50,-5.6513,4.1475,3.5242
65.75,-6.7873,4.5746,3.5963
66.00,-8.2915,4.6141,3.4587
66.25,-8.9162,4.7551,2.9705
66.50,-8.9854,4.9804,3.3372
66.75,-7.6836,3.8849,3.6154
67.00,-6.8881,3.1428,3.6723
67.25,-7.3765,3.3114,2.9845
67.50,-6.2069,3.3029,2.1225
67.75,-6.9753,4.0448,2.3095
68.00,-8.5391,4.5481,2.1018
68.25,-8.6427,5.2132,2.5525
68.50,-8.8542,4.6156,2.4660
68.75,-8.1146,3.4639,2.8384
69.00,-7.1007,3.9098,3.1089
69.25,-7.5628,4.3031,3.1399
69.50,-7.4506,4.0255,3.3497
69.75,-7.1520,4.4612,3.4846
70.00,-7.2204,4.3355,3.0497
70.25,-6.6158,4.2823,2.8912
70.50,-6.7004,3.7206,3.0078
70.75,-6.2054,4.3816,3.8325
71.00,-4.5716,3.5923,4.0821
71.25,-4.1581,2.3341,3.6887
71.50,-4.8967,2.1466,3.6394
71.75,-5.2549,1.3242,3.6181
72.00,-5.5670,0.6625,3.6953
72.25,-4.9172,0.8760,3.2415
72.50,-3.7565,0.9696,3.1370
72.75,-3.3665,1.3943,2.8593
73.00,-4.4822,1.2857,2.8083
73.25,-5.7277,1.0775,2.7536
73.50,-5.2915,2.2860,3.2105
73.75,-4.9156,2.7423,3.6058
74.00,-4.8286,2.9509,3.9855
74.25,-4.9848,2.8017,4.1368
74.50,-4.9727,2.8514,4.7104
74.75,-4.6138,2.7270,4.6938
75.00,-4.8946,3.6026,4.0680
75.25,-5.2941,4.0185,4.4131
75.50,-4.5810,3.3691,4.5467
75.75,-3.4064,3.2340,4.3555
76.00,-3.5244,3.2525,4.2287
76.25,-3.5864,3.2521,3.3203
76.50,-3.1685,3.5641,2.7308
76.75,-3.2443,3.9174,2.8274
77.00,-3.0318,3.9427,2.6077
77.25,-3.4074,3.8729,2.7236
77.50,-3.5496,3.0229,2.4010
77.75,-3.1105,2.9796,2.1664
78.00,-2.3917,3.0435,2.4477
78.25,-2.8641,3.1630,2.8412
78.50,-3.0690,3.6541,2.4437
78.75,-3.6635,4.0193,2.0346
79.00,-3.7221,3.7547,1.7689
79.25,-3.3270,4.0902,2.1655
79.50,-3.2656,4.7705,2.6500
79.75,-3.5435,4.6366,3.0917
80.00,-4.7341,4.0204,3.2746
80.25,-5.4764,3.6338,3.3490
80.50,-5.8530,3.5828,2.9913
80.75,-6.1595,4.0122,3.0580
81.00,-6.9324,4.5666,3.0444
81.25,-7.4553,5.4447,2.8578
81.50,-7.3610,5.1087,3.2674
81.75,-7.7955,4.8454,3.8881
82.00,-7.6106,5.6826,3.7760
82.25,-6.8175,5.6901,4.1378
82.50,-6.7375,6.4461,4.4289
82.75,-6.5491,6.4144,3.7649
83.00,-6.3251,6.7660,3.3625
83.25,-6.3238,6.5868,3.3936
83.50,-6.4857,6.3949,3.7953
83.75,-6.8566,6.2613,3.5867
84.00,-7.0495,6.4938,4.3464
84.25,-7.4198,6.9188,4.4620
84.50,-7.2167,7.1540,4.5341
84.75,-6.5049,6.2655,4.5815
85.00,-7.0399,6.5038,4.3068
85.25,-7.2059,6.6453,3.6485
85.50,-7.5914,6.3616,3.0725
85.75,-8.0643,6.0621,2.9595
86.00,-8.0600,5.7533,2.4669
86.25,-7.6699,5.2947,1.9044
86.50,-7.3564,5.4584,2.3245
86.75,-6.9231,5.4839,2.4382
87.00,-5.6025,5.3601,2.7694
87.25,-6.2072,5.2836,2.9664
87.50,-5.8452,5.0406,2.5362
87.75,-4.6114,5.1312,2.3307
88.00,-4.7916,5.8023,2.1021
88.25,-5.5640,5.8840,1.5038
88.50,-5.9798,6.1018,1.1913
88.75,-5.9987,6.3761,1.4297
89.00,-5.8549,5.9260,1.2973
89.25,-6.2243,6.4399,1.7024
89.50,-5.8927,6.4607,1.6824
89.75,-5.5736,6.6400,1.6809
90.00,-5.3080,6.6545,1.0299
90.25,-5.5598,6.4793,1.1198
90.50,-5.7420,6.6960,1.5246
90.75,-5.5455,6.3311,1.9908
91.00,-4.9704,6.1281,1.8883
91.25,-5.4158,6.2260,1.5929
91.50,-5.2287,5.9399,1.6397
91.75,-5.3942,5.3678,1.9376
92.00,-5.3691,4.8347,2.5622
92.25,-5.9651,5.5024,2.9754
92.50,-5.6714,6.0959,2.6751
92.75,-6.0848,5.8739,2.9795
93.00,-7.1465,5.2992,3.0263
93.25,-7.4488,5.2939,2.9919
93.50,-7.7054,5.8526,2.7735
93.75,-6.5807,5.6321,2.6386
94.00,-6.5287,5.4850,2.8050
94.25,-7.0908,4.8477,3.4562
94.50,-7.4085,4.4451,3.9973
94.75,-7.5726,3.7277,3.8762
95.00,-7.6828,4.5351,3.9074
95.25,-6.6696,4.7173,3.5373
95.50,-7.2176,4.0107,3.5707
95.75,-7.6884,4.7636,3.4995
96.00,-9.1979,4.9585,3.6162
96.25,-10.6536,5.9227,3.3725
96.50,-10.3217,6.9709,3.8077
96.75,-9.9856,7.2793,3.6105
97.00,-8.9825,7.2705,3.9260
97.25,-8.5109,7.7104,3.9922
97.50,-9.3561,7.6727,4.1217
97.75,-9.7777,8.0141,4.0080
98.00,-9.2723,8.6315,3.8701
98.25,-8.8368,8.7659,3.5869
98.50,-8.2615,7.8129,3.2935
98.75,-8.4095,6.5335,3.5071
99.00,-7.9754,6.3451,3.1224
99.25,-7.7464,7.4516,2.7762
99.50,-7.8807,7.7848,2.7919
99.75,-7.7693,7.7937,2.5177
100.00,-7.6472,7.7767,2.5488
100.25,-8.8395,7.0745,2.7302
100.50,-9.1249,7.1326,2.3209
100.75,-9.4770,6.5488,1.8238
101.00,-9.8902,6.0246,2.1597
101.25,-8.9258,6.1313,2.5534
101.50,-7.6167,5.8022,2.3245
101.75,-7.7795,5.6269,3.0394
102.00,-9.2025,5.8566,2.8303
102.25,-9.7110,6.6201,2.8833
102.50,-9.8735,7.2160,2.5800
102.75,-9.3170,7.4192,2.8807
103.00,-8.0437,7.1950,3.2976
103.25,-8.7114,7.3313,3.0332
103.50,-9.8521,6.8996,3.0802
103.75,-9.7906,7.2298,3.2297
104.00,-9.3598,7.2157,3.4314
104.25,-10.7204,7.4552,3.3718
104.50,-10.7806,7.6170,2.7058
104.75,-10.0344,7.6157,2.4304
105.00,-9.6919,7.2000,2.7987
105.25,-9.8210,7.0437,3.0378
105.50,-10.2267,6.7701,2.3072
105.75,-9.8317,6.6081,1.9572
106.00,-9.2690,7.6310,2.1947
106.25,-8.9949,8.1161,2.1642
106.50,-9.2236,7.4648,2.2994
106.75,-10.8129,7.1958,1.9194
107.00,-10.7905,6.1489,1.5823
107.25,-10.2238,6.1758,1.7393
107.50,-9.8157,7.0393,1.9608
107.75,-9.3124,6.9666,2.1330
108.00,-9.3591,7.0306,2.3998
108.25,-8.8560,8.6577,2.6928
108.50,-8.7759,9.4300,2.5656
108.75,-9.0151,9.1434,2.6623
109.00,-9.2488,8.9788,3.3193
109.25,-8.5316,7.9485,3.4248
109.50,-7.6993,6.8288,3.1741
109.75,-7.5768,6.5851,2.6901
110.00,-8.1373,6.7918,2.5132
110.25,-8.1984,7.2859,2.6326
110.50,-7.7717,6.8389,2.8224
110.75,-6.7577,6.7717,3.0078
111.00,-6.9408,5.8632,2.7934
111.25,-6.3590,5.9839,2.7559
111.50,-7.1144,5.9649,2.8390
111.75,-6.6007,5.5375,2.6203
112.00,-6.4588,5.7191,1.9328
112.25,-6.7213,5.0672,1.5669
112.50,-6.7757,4.8180,1.5880
112.75,-7.1520,5.7451,1.5678
113.00,-7.5315,5.9674,1.4572
113.25,-7.8081,6.4280,0.8778
113.50,-6.9463,7.1350,0.3066
113.75,-8.7704,6.7547,0.4312
114.00,-9.4911,6.6084,0.8380
114.25,-8.6322,6.6694,1.0300
114.50,-8.1045,7.5557,1.1056
114.75,-8.2054,8.0600,2.2598
115.00,-8.4062,8.4324,2.8842
115.25,-9.2970,8.3247,2.4979
115.50,-10.5241,7.7720,2.6817
115.75,-11.5460,7.6340,2.3931
116.00,-10.8101,7.2346,1.7159
116.25,-10.2774,7.2988,1.0014
116.50,-9.2791,7.3663,0.2658
116.75,-8.7243,7.3485,0.5226
117.00,-9.1727,6.8616,0.6977
117.25,-8.9591,6.4321,0.9411
117.50,-9.0450,6.5152,1.1341
117.75,-9.5674,6.3588,1.9702
118.00,-10.2662,6.3261,1.7655
118.25,-11.1841,7.0651,1.4132
118.50,-11.3549,7.2201,1.3656
118.75,-10.4058,6.5480,1.4290
119.00,-9.4716,6.8882,1.8426
119.25,-9.4943,6.9479,1.8700
119.50,-8.6835,5.8898,1.1380
119.75,-7.4587,5.3165,0.8500
120.00,-7.4332,5.3537,0.6492
120.25,-7.1361,4.5890,0.5805
120.50,-6.7362,5.1069,0.4176
120.75,-6.7870,5.9156,0.1622
121.00,-6.5472,6.2832,-0.1553
121.25,-6.3914,5.6706,-0.4870
121.50,-6.0134,5.9209,-0.1830
121.75,-6.3343,6.6008,0.5412
122.00,-5.9932,6.1429,1.0757
122.25,-5.6489,5.7290,1.4850
122.50,-5.9739,5.4036,1.6007
122.75,-6.3319,6.4537,1.5161
123.00,-6.0362,6.7252,1.6957
123.25,-5.2630,6.7279,1.8621
123.50,-4.7608,7.2162,1.4273
123.75,-4.8446,7.3638,0.8031
124.00,-5.1917,7.2076,0.9514
124.25,-4.9570,7.8578,1.3102
124.50,-4.6835,7.6173,1.6572
124.75,-5.2321,7.0076,2.2242
125.00,-5.8993,6.7686,2.6508
125.25,-5.6919,6.5749,3.3687
125.50,-6.1866,6.9829,3.1570
125.75,-6.9479,6.9663,2.8570
126.00,-7.0793,6.2641,2.9874
126.25,-6.9854,6.3807,3.1420
126.50,-7.7696,7.1213,3.0923
126.75,-7.5078,7.2826,2.7954
127.00,-6.3241,6.1019,2.3041
127.25,-6.5915,5.7868,2.1404
127.50,-6.7907,6.0665,2.4715
127.75,-7.1964,6.3079,2.4549
128.00,-7.0520,5.8645,2.3539
128.25,-7.8139,5.7468,2.4473
128.50,-7.6277,5.7711,2.9351
128.75,-7.2042,5.6385,2.7451
129.00,-7.3820,5.1345,2.0324
129.25,-7.5594,5.0574,1.9504
129.50,-7.3499,4.8706,1.5001
129.75,-6.7149,5.2328,1.1623
130.00,-5.6051,5.6355,1.2777
130.25,-4.8268,5.5299,1.3368
130.50,-5.1844,5.8243,1.3311
130.75,-4.7622,6.2228,1.0159
131.00,-4.5445,6.3255,0.9289
131.25,-5.1987,6.8203,1.4475
131.50,-5.0978,6.3109,1.9979
131.75,-5.8987,5.5839,2.2343
132.00,-6.0073,5.0317,2.6445
132.25,-5.8885,4.6226,3.2189
132.50,-5.3937,5.0107,2.7148
132.75,-5.3915,5.3070,2.6101
133.00,-5.7129,5.6600,2.7163
133.25,-5.9487,5.7658,1.8555
133.50,-5.9606,5.5139,2.3619
133.75,-6.3005,4.9889,2.5579
134.00,-6.8763,5.0164,1.8934
134.25,-6.6634,5.1968,1.5762
134.50,-6.0399,5.2978,1.4420
134.75,-5.8105,5.1730,1.3769
135.00,-5.6634,5.2690,1.2172
135.25,-6.4980,5.3523,0.9182
135.50,-7.0046,5.0008,0.9253
135.75,-7.1258,5.6123,1.3953
136.00,-7.5706,6.7812,1.6668
136.25,-7.2507,6.8466,1.4039
136.50,-6.7801,6.6229,0.4287
136.75,-6.9818,7.4527,0.4264
137.00,-7.1707,7.4133,0.3885
137.25,-7.9338,7.7068,0.4188
137.50,-7.6253,7.8663,1.0683
137.75,-7.2610,7.7167,1.3561
138.00,-5.9502,8.4051,1.6349
138.25,-5.9422,8.0345,1.9377
138.50,-6.6755,7.3850,2.3363
138.75,-6.9168,8.4062,2.4815
139.00,-7.0488,8.4012,1.5819
139.25,-7.7223,7.4922,1.1712
139.50,-8.0189,7.3657,1.2774
139.75,-8.0326,7.1194,1.2734
140.00,-7.9688,6.7900,1.2609
140.25,-7.3598,6.3594,1.2319
140.50,-6.6814,5.6903,0.7220
140.75,-6.9762,5.3550,0.8290
141.00,-6.9535,5.5074,1.3801
141.25,-6.8162,5.8609,1.6721
141.50,-7.0050,6.5954,1.6654
141.75,-6.2537,6.9811,1.7196
142.00,-5.4897,7.4830,1.5108
142.25,-5.5058,7.7762,1.6489
142.50,-5.8134,8.3428,1.3810
142.75,-6.0860,7.8580,1.4729
143.00,-7.0877,7.3049,1.5201
143.25,-7.6857,6.8661,1.4454
143.50,-7.8542,6.7969,1.3668
143.75,-7.4156,7.1845,1.0544
144.00,-6.7628,7.2833,0.7562
144.25,-6.2441,6.7643,0.9645
144.50,-6.6299,6.4106,1.1400
144.75,-6.2091,7.0493,1.1527
145.00,-6.0020,6.8876,0.7611
145.25,-5.2406,6.4780,0.8127
145.50,-4.7819,7.0996,0.9744
145.75,-5.2427,7.9658,1.0749
146.00,-5.8824,7.9200,0.8437
146.25,-5.4752,8.1094,0.6248
146.50,-4.8502,7.5747,1.0100
146.75,-5.3689,7.7208,1.0355
147.00,-4.5434,7.4811,0.7726
147.25,-4.7660,7.7315,0.6454
147.50,-5.0658,7.8001,0.3621
147.75,-5.8206,7.5317,0.5503
148.00,-5.4196,7.0941,0.6946
148.25,-4.7536,7.2899,0.3030
148.50,-4.5917,7.1654,0.0360
148.75,-4.1643,6.3287,0.0169
149.00,-5.0597,6.6713,-0.5695
149.25,-5.2220,6.9196,-0.5770
149.50,-6.2365,7.0958,0.2308
149.75,-6.9341,6.7274,0.0240
150.00,-6.4474,7.3123,-0.1019
150.25,-7.1653,7.3354,0.0156
150.50,-7.5922,7.1819,0.7395
150.75,-7.4577,7.5612,1.1827
151.00,-7.7268,7.8065,1.7222
151.25,-9.2523,7.4210,1.7028
151.50,-9.6851,6.5469,1.5103
151.75,-8.1622,6.6438,1.3853
152.00,-7.6902,6.7223,1.4792
152.25,-7.2394,6.7928,1.3340
152.50,-6.3853,6.6079,0.8962
152.75,-5.5336,5.9777,1.2568
153.00,-5.3356,6.5959,1.7892
153.25,-5.6015,6.9040,1.8850
153.50,-5.6744,6.9945,1.8616
153.75,-5.3398,6.8096,1.7892
154.00,-5.6578,6.0025,1.4166
154.25,-5.8899,5.9133,0.8495
154.50,-6.5203,6.0477,0.5825
154.75,-7.0092,5.8006,0.9621
155.00,-6.5216,5.8067,0.8238
155.25,-5.7848,6.2010,0.7549
155.50,-5.7068,6.8536,0.7643
155.75,-6.8968,6.8896,0.5541
156.00,-6.9481,5.8270,1.0844
156.25,-7.1101,5.3954,1.3490
156.50,-6.9806,6.2211,1.3510
156.75,-7.2288,6.5089,0.3657
157.00,-7.3712,7.0042,-0.6538
157.25,-8.0566,6.8542,-0.6059
157.50,-7.7062,6.5892,-0.7795
157.75,-7.5490,5.9457,-0.6616
158.00,-7.6686,5.6041,-0.7162
158.25,-8.2188,4.8274,-0.9699
158.50,-7.7525,4.9573,-0.8991
158.75,-7.6638,4.9162,-1.5023
159.00,-7.1143,5.5497,-1.9188
159.25,-6.1291,5.7832,-2.3907
159.50,-6.5041,6.5241,-2.4854
159.75,-6.3834,7.0021,-2.7736
160.00,-5.9733,6.4565,-2.5485
160.25,-6.7280,6.3706,-2.6883
160.50,-7.3961,6.4082,-2.9911
160.75,-7.4636,5.6669,-2.8388
161.00,-7.4927,4.9620,-2.3745
161.25,-8.2271,4.8087,-1.7467
161.50,-8.5851,5.2411,-1.1618
161.75,-8.9562,5.5744,-1.4103
162.00,-8.5183,6.4445,-1.8802
162.25,-7.8312,6.3154,-1.5214
162.50,-7.4820,6.3680,-0.8002
162.75,-6.9742,7.0487,-0.5953
163.00,-7.3294,6.7641,-0.3524
163.25,-6.7899,6.2412,-0.4591
163.50,-6.8191,6.0775,0.0717
163.75,-6.8031,6.9577,0.6875
164.00,-6.6589,7.5031,0.7151
164.25,-6.7171,7.4647,-0.5113
164.50,-6.8573,7.7359,-0.7062
164.75,-6.3305,8.0102,-0.4008
165.00,-5.9817,7.9545,-0.3456
165.25,-4.5671,7.2937,-0.2266
165.50,-4.3678,7.0152,-0.2420
165.75,-4.9353,7.1833,-0.2798
166.00,-6.3447,7.0432,-0.5918
166.25,-7.2356,7.2858,-0.5250
166.50,-6.6068,6.9921,-0.7971
166.75,-6.9557,6.0746,-0.9240
167.00,-7.8831,5.2976,-0.4956
167.25,-8.8418,4.7838,0.0736
167.50,-9.5655,5.2637,0.2169
167.75,-9.7435,6.4060,-0.2294
168.00,-9.1510,5.3000,-0.5661
168.25,-9.6660,3.8646,-0.6821
168.50,-9.0809,3.9798,-0.4620
168.75,-8.8142,4.9085,-0.2634
169.00,-7.5970,5.5466,-0.3444
169.25,-7.3325,6.1936,-0.5221
169.50,-8.1434,5.8002,-0.2452
169.75,-8.9281,5.2759,-0.2743
170.00,-8.5921,5.1437,-0.6626
170.25,-8.4136,5.1849,-0.6005
170.50,-8.0994,4.6898,-0.3330
170.75,-7.1302,4.2004,-0.3943
171.00,-6.8927,3.8654,-0.1856
171.25,-7.0392,3.3975,0.4683
171.50,-6.9209,2.6597,0.8694
171.75,-7.2208,3.5675,1.2011
172.00,-7.9617,4.5625,0.7412
172.25,-8.2234,4.5896,-0.0902
172.50,-9.0277,4.1398,0.5574
172.75,-8.8852,4.3986,0.5524
173.00,-8.2327,5.1824,-0.1921
173.25,-7.7200,5.3956,-0.8107
173.50,-7.0435,5.4642,-1.2328
173.75,-6.9108,5.9738,-0.6942
174.00,-7.2227,5.3123,-0.5221
174.25,-7.6096,5.0229,-0.4590
174.50,-7.9097,5.1047,-0.6575
174.75,-8.3999,4.9944,-0.7830
175.00,-8.3600,5.5419,-1.0263
175.25,-8.4837,5.9846,-1.4761
175.50,-8.7128,5.1333,-0.5799
175.75,-9.7363,3.7808,-0.2932
176.00,-10.1997,3.1793,-0.4943
176.25,-9.4435,3.3788,0.0821
176.50,-8.0117,3.5906,-0.1395
176.75,-7.4853,4.0010,-0.2294
177.00,-7.7329,4.1242,-0.3008
177.25,-8.0913,4.2298,-0.6489
177.50,-8.6154,3.9748,-0.7253
177.75,-8.8652,3.9622,-0.8889
178.00,-9.6724,4.2008,-1.0724
178.25,-9.6118,4.6556,-1.6503
178.50,-9.9156,5.1095,-1.6842
178.75,-9.1649,5.1467,-1.7149
179.00,-8.4673,5.7537,-1.3888
179.25,-7.8897,5.4583,-1.1708
179.50,-8.0456,4.9916,-0.9632
179.75,-8.4679,4.8351,-0.4888
180.00,-7.5785,5.1112,-0.7781
180.25,-7.1645,5.4160,-0.9058
180.50,-6.5103,5.0070,-0.3172
180.75,-6.5542,4.9625,0.3262
181.00,-7.1782,5.3844,0.2516
181.25,-8.1691,5.6861,0.3137
181.50,-8.7965,5.7709,0.2298
181.75,-9.2052,5.4343,0.9383
182.00,-8.1763,4.4539,1.1108
182.25,-6.7171,4.0044,0.5087
182.50,-6.2109,3.9022,-0.1832
182.75,-5.5405,4.8004,-0.4984
183.00,-5.5995,5.4616,-0.3961
183.25,-4.9314,5.5901,0.0601
183.50,-5.7345,6.5328,0.6069
183.75,-5.3613,6.2462,1.1462
184.00,-5.2438,6.0182,0.8828
184.25,-5.7917,5.4092,0.5989
184.50,-7.0080,5.5692,-0.4166
184.75,-7.2710,6.3631,-0.9936
185.00,-7.6485,5.3041,-1.0524
185.25,-7.0008,6.0411,-0.9892
185.50,-6.0936,6.6030,-0.4625
185.75,-5.3947,6.3685,-0.4725
186.00,-5.7131,6.3196,-0.5233
186.25,-7.9126,6.9791,-0.9301
186.50,-9.0641,7.1365,-0.4934
186.75,-9.2354,7.2348,-0.1295
187.00,-9.7980,8.0537,-1.0374
187.25,-10.3116,7.7804,-1.4858
187.50,-10.4068,7.1465,-1.1469
187.75,-10.1155,6.7570,-0.2551
188.00,-10.0881,7.2118,0.0485
188.25,-11.3183,8.3288,0.1413
188.50,-11.8152,7.2169,-0.1866
188.75,-10.8760,6.4888,-0.1748
189.00,-9.9002,6.1319,-0.4615
189.25,-9.5337,6.3393,0.1129
189.50,-9.0284,6.5239,0.6952
189.75,-8.6777,6.9105,1.1700
190.00,-8.8761,6.7187,1.5884
190.25,-7.9882,6.6208,1.6986
190.50,-8.3685,6.0280,0.9569
190.75,-8.5562,5.2820,0.0228
191.00,-8.6644,5.4548,-0.3451
191.25,-10.2583,6.3542,-0.3548
191.50,-10.9304,7.2915,-0.0817
191.75,-10.4444,6.8702,0.7798
192.00,-10.0496,6.4679,1.1996
192.25,-10.6623,6.3991,1.1913
192.50,-10.6475,6.2712,1.3089
192.75,-10.8270,5.8607,1.1327
193.00,-10.5512,5.6318,0.7031
193.25,-9.8692,5.6439,0.6154
193.50,-10.1040,5.6227,0.7701
193.75,-9.3207,5.4944,0.5584
194.00,-7.6804,6.2145,-0.0507
194.25,-6.4530,6.4646,0.1038
194.50,-6.0312,5.8298,0.4769
194.75,-6.0166,5.6751,0.6438
195.00,-6.0890,6.9438,1.5622
195.25,-6.4873,6.8037,2.0007
195.50,-6.1207,7.2494,2.3049
195.75,-5.8404,7.8418,1.6392
196.00,-5.4215,7.6601,1.4160
196.25,-5.5467,7.1609,1.4308
196.50,-5.1200,6.5465,1.2528
196.75,-4.6324,6.1012,1.9544
197.00,-4.3901,6.4858,2.5716
197.25,-5.8728,6.2998,2.7126
197.50,-7.2517,6.0845,2.7618
197.75,-7.7489,6.3442,2.9706
198.00,-6.8429,7.2425,2.5336
198.25,-6.4343,8.7309,2.4258
198.50,-6.8521,9.6228,2.4336
198.75,-6.6513,9.2597,1.7088
199.00,-6.7443,8.8433,1.3102
199.25,-7.8218,9.3555,1.2956
199.50,-7.6358,8.3310,1.6369
199.75,-6.6097,7.6402,1.8860
200.00,-5.7930,6.6958,2.0114
200.25,-5.2710,6.3218,1.2796
200.50,-4.6054,6.3457,1.1851
200.75,-4.6191,6.8915,1.5618
201.00,-5.2577,7.3148,1.8633
201.25,-4.8124,7.8755,1.2372
201.50,-3.7830,8.4199,0.4067
201.75,-4.3078,8.5567,-0.0992
202.00,-4.2849,8.7885,-0.1097
202.25,-3.4825,8.8388,0.1189
202.50,-2.9834,8.1004,0.3661
202.75,-2.4498,8.1636,0.6761
203.00,-3.4142,8.0062,0.4480
203.25,-4.0034,7.8152,0.4660
203.50,-3.7850,8.1782,0.6810
203.75,-4.2265,7.9227,1.0676
204.00,-3.8835,7.4218,1.3402
204.25,-3.6487,7.3876,1.6333
204.50,-3.7124,7.8931,1.3995
204.75,-3.5225,7.6528,0.6356
205.00,-3.8679,7.9378,0.6160
205.25,-3.4635,8.2037,1.1278
205.50,-4.4832,8.0406,1.5297
205.75,-5.0667,8.4443,1.3748
206.00,-5.5750,7.7534,1.7461
206.25,-5.8276,7.1994,2.3024
206.50,-5.2181,7.2242,2.2607
206.75,-4.9437,7.1667,1.8511
207.00,-5.1242,7.6771,1.6848
207.25,-5.3923,8.2891,1.4635
207.50,-4.7933,9.5461,1.7631
207.75,-5.6206,9.4984,2.4385
208.00,-5.6538,9.7909,2.7958
208.25,-5.6683,9.5365,2.5085
208.50,-5.0913,8.9782,2.3582
208.75,-4.8769,9.1020,2.2974
209.00,-5.9492,9.1609,2.1029
209.25,-7.0164,8.3577,2.4370
209.50,-6.7657,7.3754,2.5718
209.75,-6.3045,6.4275,2.2123
210.00,-5.9412,6.3742,1.7905
210.25,-5.9087,6.3316,1.5723
210.50,-5.7662,6.7309,1.3364
210.75,-6.1116,7.1139,1.5373
211.00,-5.8942,6.3879,1.8043
211.25,-5.4813,5.1426,1.7450
211.50,-5.6200,4.7663,2.1592
211.75,-6.1002,5.3647,3.3804
212.00,-5.7342,6.1873,3.7746
212.25,-5.8632,6.0485,3.4051
212.50,-5.6174,5.9265,3.0648
212.75,-6.0806,6.2255,2.9286
213.00,-7.8225,6.3013,3.2702
213.25,-8.4289,6.0700,2.9962
213.50,-8.7144,6.5672,2.8479
213.75,-8.9087,6.3022,2.8350
214.00,-8.6441,5.6221,2.4470
214.25,-8.6655,5.7215,1.3763
214.50,-8.5723,5.8223,0.8922
214.75,-9.1821,5.8361,1.0024
215.00,-8.6020,5.3122,0.8326
215.25,-7.7994,4.8694,1.5061
215.50,-6.6325,5.3445,2.0555
215.75,-7.3729,5.0579,2.2906
216.00,-8.3767,4.3064,2.7564
216.25,-7.9409,4.1239,1.8891
216.50,-7.6675,3.8791,2.0937
216.75,-7.6274,4.7310,2.4501
217.00,-7.7685,5.7033,2.2047
217.25,-8.2523,6.2277,1.2919
217.50,-8.6059,6.3679,0.9477
217.75,-7.6547,6.3810,0.9855
218.00,-6.4199,6.2122,0.5445
218.25,-6.5667,5.8374,0.2917
218.50,-6.7315,5.7797,0.3531
218.75,-7.1144,4.7402,0.9106
219.00,-7.5893,4.9666,0.8748
219.25,-6.7540,4.8065,0.2037
219.50,-6.3738,4.3584,-0.3319
219.75,-5.9670,4.3364,0.0891
220.00,-6.5417,3.8068,0.7788
220.25,-6.3274,3.8499,0.8064
220.50,-6.6626,4.5296,0.7592
220.75,-6.3599,4.8819,0.8430
221.00,-5.3729,4.4663,1.2905
221.25,-5.7336,4.1935,1.6686
221.50,-6.2772,4.1325,1.9324
221.75,-5.8252,4.5910,2.0580
222.00,-5.1393,3.8845,2.4050
222.25,-5.0864,3.4998,2.2979
222.50,-5.4973,3.1410,1.7931
222.75,-5.8453,3.5034,1.8191
223.00,-6.0739,4.2902,1.9944
223.25,-5.8889,4.3628,2.0029
223.50,-5.5744,4.0073,2.4276
223.75,-6.0380,3.2611,2.5074
224.00,-6.9903,3.0349,2.8155
224.25,-6.7454,4.2203,3.4019
224.50,-6.6154,4.0217,2.9984
224.75,-6.5103,3.5034,2.9314
225.00,-6.8698,2.9452,3.2665
225.25,-6.5389,3.0087,3.6501
225.50,-7.7493,2.8606,3.1156
225.75,-8.7068,2.9788,2.8370
226.00,-8.7700,3.0435,2.7641
226.25,-7.7690,2.9723,2.4291
226.50,-8.0788,3.6026,2.8992
226.75,-8.2080,4.0259,3.4102
227.00,-8.1931,4.0642,3.0023
227.25,-8.4248,4.8333,3.2861
227.50,-9.2004,5.3281,3.4430
227.75,-8.3715,6.1422,2.8257
228.00,-9.1588,6.1641,2.5940
228.25,-9.4845,5.7323,1.9501
228.50,-9.2619,5.3377,1.4197
228.75,-9.2420,5.4414,0.8495
229.00,-8.7701,5.8783,0.3844
229.25,-7.7866,6.0542,0.2211
229.50,-7.4855,6.2295,0.3674
229.75,-6.6638,6.5752,0.8369
230.00,-5.2781,6.2817,1.2756
230.25,-5.2053,5.6704,1.9043
230.50,-5.8059,5.8756,2.2019
230.75,-6.2466,5.8382,2.0844
231.00,-6.4544,6.2796,1.6396
231.25,-6.5255,7.7729,1.2868
231.50,-6.1061,7.8833,0.6765
231.75,-5.6829,7.6423,0.5356
232.00,-5.3190,7.4453,0.6243
232.25,-5.9996,6.4754,0.7598
232.50,-6.7950,6.0204,0.8860
232.75,-7.4375,5.5190,1.2948
233.00,-7.3269,4.9488,1.5571
233.25,-7.9654,4.6918,2.0615
233.50,-8.1241,4.5373,2.3070
233.75,-7.5654,4.8098,2.0742
234.00,-7.2654,4.3591,1.4476
234.25,-7.6191,4.1765,1.0107
234.50,-7.9802,4.1965,0.1592
234.75,-8.0748,5.0114,0.0469
235.00,-7.9002,5.4828,0.0995
235.25,-7.9070,5.4367,0.1008
235.50,-8.2549,5.0428,0.2385
235.75,-9.7075,4.9876,0.2251
236.00,-11.0518,4.8992,-0.0495
236.25,-11.2811,4.6852,-0.1645
236.50,-10.1983,4.7245,0.0487
236.75,-9.5366,5.2760,0.3129
237.00,-8.8359,6.0961,0.2935
237.25,-9.2301,5.7283,1.1013
237.50,-8.9070,4.6012,1.7970
237.75,-9.0274,4.0990,1.8391
238.00,-9.0219,3.7548,1.2771
238.25,-8.5821,3.9903,1.3800
238.50,-8.3342,3.8988,1.3338
238.75,-8.0671,4.0646,1.3609
239.00,-7.4364,4.1787,1.4012
239.25,-7.3980,3.2891,1.3760
239.50,-7.9943,3.5283,1.3851
239.75,-8.4335,3.4284,1.5274
240.00,-8.6568,3.4110,2.6680
240.25,-7.7712,3.2976,2.5447
240.50,-7.4211,3.0471,2.3245
240.75,-6.5821,2.7181,2.1805
241.00,-6.2499,2.3215,1.9090
241.25,-6.6781,2.3932,1.9545
241.50,-7.1646,2.4463,1.8944
241.75,-8.1955,2.3116,1.4072
242.00,-8.6439,2.6175,0.9932
242.25,-8.7962,2.7760,0.5762
242.50,-8.0850,2.8900,0.0110
242.75,-8.6914,3.5867,-0.0716
243.00,-9.6080,3.7190,-0.1244
243.25,-9.9789,3.2937,0.4308
243.50,-10.1934,3.6011,0.7325
243.75,-9.5107,4.1716,0.8201
244.00,-8.9029,4.1573,0.9144
244.25,-9.4933,4.0862,0.7762
244.50,-9.2666,3.9102,0.6718
244.75,-8.5942,3.7104,0.6039
245.00,-7.6297,3.5883,1.0811
245.25,-7.3434,3.7603,1.6916
245.50,-8.0643,3.6778,1.4442
245.75,-8.7858,4.0006,0.8729
246.00,-10.0007,4.3057,0.7411
246.25,-10.0157,4.1952,0.6466
246.50,-10.0363,4.0312,0.6992
246.75,-10.6031,4.2198,0.4884
247.00,-10.1640,4.7871,0.1178
247.25,-9.4357,5.3075,-0.4963
247.50,-8.4127,5.8270,-0.6155
247.75,-7.7108,6.2171,-0.2792
248.00,-7.5789,6.2780,-0.0380
248.25,-7.7747,5.8055,0.6513
248.50,-7.2523,6.0875,0.8445
248.75,-7.4034,6.0086,1.3676
249.00,-6.9894,5.5565,1.4630
249.25,-6.7918,5.1719,1.5461
249.50,-7.3495,4.8259,1.5905
249.75,-7.7469,4.1753,1.0843
250.00,-7.4908,3.9085,0.8124
250.25,-7.4014,4.5759,0.7636
250.50,-8.2930,5.2162,0.8258
250.75,-8.4723,4.8302,0.5796
251.00,-8.4862,4.3319,-0.1266
251.25,-8.2024,4.4624,0.2000
251.50,-8.8603,4.9838,-0.0243
251.75,-9.0151,5.0943,-0.0633
252.00,-8.7545,4.8005,0.4784
252.25,-8.7438,4.8528,0.4389
252.50,-9.3999,5.3496,0.8149
252.75,-9.7607,4.7831,-0.1994
253.00,-9.3166,4.6318,-0.6134
253.25,-9.0991,4.9931,-0.5178
253.50,-9.4515,4.5284,-0.5119
253.75,-9.3127,3.7878,-0.4326
254.00,-8.6407,3.1084,-0.4431
254.25,-7.8623,3.3300,-0.2845
254.50,-7.5860,3.6338,-0.2574
254.75,-7.9202,3.5341,0.0559
255.00,-6.5801,3.4494,0.1560
255.25,-6.2657,3.9469,-0.4305
255.50,-6.9202,4.3873,-0.5002
255.75,-7.4779,5.2109,-0.1859
256.00,-7.4065,4.7556,0.4559
256.25,-7.3353,5.0836,0.1798
256.50,-7.3634,5.0625,0.1619
256.75,-7.9792,4.7005,0.1543
257.00,-6.9767,4.9870,-0.3667
257.25,-6.5301,5.0588,-0.5452
257.50,-7.4098,5.2906,-0.8936
257.75,-7.5029,5.3430,-1.1187
258.00,-7.1433,5.2039,-1.0178
258.25,-7.6416,4.5208,-1.0293
258.50,-8.9802,3.3665,-1.2809
258.75,-9.9313,3.1111,-1.6926
259.00,-10.3221,3.5083,-1.5285
259.25,-9.8539,4.8206,-1.2915
259.50,-9.0532,5.4919,-1.5335
259.75,-9.5104,4.9838,-1.5467
260.00,-8.9956,4.5111,-0.7458
260.25,-8.4117,4.2742,-0.0415
260.50,-7.7681,4.3267,0.1296
260.75,-7.3779,3.7021,0.4225
261.00,-7.1998,3.5025,0.6032
261.25,-7.6510,3.8611,0.3979
261.50,-7.2228,4.4020,0.2827
261.75,-7.1584,4.7104,0.2314
262.00,-7.3147,5.0496,-0.0079
262.25,-7.3146,5.2282,-0.2523
262.50,-6.9524,5.0912,-0.3307
262.75,-6.3480,4.8863,0.0238
263.00,-6.4663,4.0917,0.0723
263.25,-6.2531,3.8373,-0.1667
263.50,-5.5742,3.7635,-0.1379
263.75,-6.3986,2.6709,-0.3186
264.00,-6.9824,2.5369,-0.6475
264.25,-6.5205,3.5978,-0.4501
264.50,-5.8645,3.9193,-0.4539
264.75,-5.8818,4.1730,-0.4797
265.00,-6.6395,4.4480,-0.8266
265.25,-7.8509,4.9927,-0.7741
265.50,-7.2846,4.9113,-0.5643
265.75,-7.0741,4.2790,-0.1237
266.00,-7.3514,3.9732,0.0059
266.25,-6.6736,4.0178,-0.1185
266.50,-6.7811,3.7324,-0.1410
266.75,-7.3259,2.9067,-0.0099
267.00,-8.7509,2.7906,0.1410
267.25,-8.6654,4.2666,-0.0465
267.50,-8.8771,4.3891,0.2023
267.75,-8.1800,4.3429,-0.0267
268.00,-7.6664,4.0973,-0.2118
268.25,-7.6326,4.3810,-0.4133
268.50,-8.1522,4.7134,-0.7728
268.75,-8.8288,5.5532,-0.8056
269.00,-8.7622,5.0595,-1.0470
269.25,-8.6015,5.0124,-1.5374
269.50,-8.4800,5.4183,-2.2056
269.75,-8.7311,5.6736,-1.7299
270.00,-8.8609,6.1709,-1.3984
270.25,-8.7941,5.3970,-1.1600
270.50,-8.9810,4.7533,-1.1984
270.75,-8.4822,4.7844,-0.8689
271.00,-7.6586,4.9572,-0.9046
271.25,-6.9697,5.0152,-1.2248
271.50,-6.4732,6.0372,-1.5127
271.75,-6.8141,6.4074,-1.0302
272.00,-6.1477,6.1204,-1.1566
272.25,-6.8004,5.3621,-1.6598
272.50,-7.4741,4.8559,-1.4964
272.75,-8.1520,4.6880,-0.9608
273.00,-8.3713,4.1188,-0.8000
273.25,-8.0744,3.5110,-0.8992
273.50,-7.6816,3.5513,-0.8366
273.75,-8.4101,4.1781,-0.9978
274.00,-9.1860,3.6444,-1.0284
274.25,-9.0474,3.2945,-0.9265
274.50,-9.4870,3.0213,-0.4669
274.75,-9.0224,3.1371,-0.4142
275.00,-9.4945,3.5583,-0.4754
275.25,-10.7448,3.5297,-0.4603
275.50,-11.9285,2.8625,-1.1503
275.75,-11.4853,3.2116,-1.7385
276.00,-11.0641,2.9509,-1.2685
276.25,-10.5170,2.2631,-0.6046
276.50,-9.2623,2.5819,-0.9572
276.75,-8.8328,3.0964,-0.9064
277.00,-8.1069,3.8240,-0.3240
277.25,-6.9310,4.0430,0.0746
277.50,-7.1879,3.7193,-0.2725
277.75,-8.2248,4.0459,-0.2560
278.00,-8.5396,3.2067,-0.4635
278.25,-8.4641,2.5011,-0.4820
278.50,-7.7555,2.4774,-0.7814
278.75,-7.6626,2.7040,-0.5858
279.00,-7.5740,2.8252,0.0753
279.25,-6.9914,3.0279,-0.1335
279.50,-7.7845,3.5349,0.2037
279.75,-8.5453,3.7478,0.4059
280.00,-8.4411,3.6257,0.0691
280.25,-8.8191,3.8448,0.6514
280.50,-8.0859,3.2992,0.8172
280.75,-6.8098,2.9571,1.2230
281.00,-6.1992,2.8777,0.9230
281.25,-6.2233,3.0935,0.0010
281.50,-5.9800,3.6452,0.0835
281.75,-6.2924,3.5470,0.5040
282.00,-5.8256,3.7836,1.0103
282.25,-6.9174,4.7811,1.1299
282.50,-6.2914,5.0189,0.4438
282.75,-5.5440,4.9484,0.1240
283.00,-5.9476,5.2983,0.2230
283.25,-6.2981,5.7910,-0.4537
283.50,-7.0662,5.3593,-0.5113
283.75,-6.9762,4.8325,0.1816
284.00,-6.5296,4.2974,0.4191
284.25,-5.6023,3.6009,0.5425
284.50,-4.4964,3.2270,0.8966
284.75,-5.0592,3.3970,0.6157
285.00,-5.5610,3.8435,0.1177
285.25,-5.8723,4.0044,-0.1848
285.50,-6.0720,3.2095,0.1586
285.75,-6.3013,3.2637,0.5613
286.00,-5.6896,2.8913,0.6277
286.25,-5.9623,2.9142,0.7353
286.50,-6.1302,3.4855,0.4110
286.75,-6.2003,3.6723,0.3184
287.00,-6.5502,4.1679,-0.1481
287.25,-7.0790,4.9080,-0.2275
287.50,-7.7528,5.2033,0.6350
287.75,-7.3758,5.0343,0.8518
288.00,-7.4261,4.9969,0.4023
288.25,-7.4031,4.7796,0.3913
288.50,-7.0265,4.6661,0.1582
288.75,-7.2081,4.6443,0.2461
289.00,-8.5069,4.3875,0.4774
289.25,-9.0320,4.3737,-0.1049
289.50,-8.6420,3.7649,-0.3418
289.75,-8.0096,4.1737,-0.0426
290.00,-7.3246,5.1899,0.0991
290.25,-7.1618,5.7663,-0.1767
290.50,-7.2193,4.9891,-0.6359
290.75,-7.1133,4.9072,-0.7857
291.00,-7.3077,5.6538,-1.3080
291.25,-7.9826,6.1753,-1.6364
291.50,-8.7624,6.5206,-1.8126
291.75,-8.7792,7.1126,-1.7067
292.00,-8.3292,7.0120,-1.8817
292.25,-7.7877,7.1032,-1.2989
292.50,-7.1294,6.9363,-1.4836
292.75,-7.0221,6.2498,-1.7663
293.00,-6.4519,5.7707,-2.1657
293.25,-6.2803,6.0598,-2.6590
293.50,-6.1136,5.6641,-2.3988
293.75,-6.4286,6.2680,-2.3075
294.00,-6.8131,6.4556,-2.2942
294.25,-7.5968,6.6053,-2.6658
294.50,-8.6314,6.5130,-2.6654
294.75,-8.6710,6.6886,-2.4526
295.00,-9.0868,6.6070,-2.1008
295.25,-10.0469,6.6533,-1.3315
295.50,-10.0405,6.6093,-1.4102
295.75,-9.5235,6.3609,-1.7281
296.00,-10.1977,5.9776,-1.8476
296.25,-9.9103,5.8955,-1.6090
296.50,-10.1397,6.1164,-2.1038
296.75,-10.5014,6.3673,-1.8591
297.00,-10.8938,6.0013,-1.1402
297.25,-10.8298,6.0545,-0.8541
297.50,-9.8790,6.7071,-0.9589
297.75,-9.8562,6.6797,-1.1246
298.00,-9.9358,6.8023,-1.7845
298.25,-9.3811,6.0831,-2.1890
298.50,-9.8986,5.0285,-2.1818
298.75,-9.1761,4.7351,-1.9740
299.00,-8.3420,3.8871,-2.0135
299.25,-8.9432,4.4461,-1.8158
299.50,-9.1065,5.4481,-1.4860
299.75,-9.6965,5.4048,-1.7325
300.00,-10.1724,5.1990,-2.2007
300.25,-10.3424,4.5493,-2.0653
300.50,-11.0959,4.1278,-1.8435
300.75,-11.0991,4.0065,-1.7942
301.00,-11.2954,3.5553,-1.6271
301.25,-11.4577,4.3886,-1.6181
301.50,-11.1300,4.4496,-1.6873
301.75,-11.2915,3.5578,-1.7693
302.00,-10.7436,2.8275,-1.3452
302.25,-9.8893,3.3295,-2.1029
302.50,-9.8439,3.9808,-2.6505
302.75,-9.2217,4.7084,-2.7649
303.00,-9.5467,4.9299,-2.0925
303.25,-9.9828,4.6738,-1.3578
303.50,-9.6899,3.9574,-1.1317
303.75,-9.7472,3.8715,-0.9919
304.00,-9.4836,4.3248,-0.5993
304.25,-9.0097,4.6886,-0.4435
304.50,-9.0163,4.5576,-0.6155
304.75,-8.9888,4.6515,-0.8988
305.00,-8.8181,4.8064,0.0062
305.25,-9.6013,5.6263,0.3352
305.50,-9.5937,5.1387,-0.2686
305.75,-8.9487,5.0097,-0.1269
306.00,-9.4143,5.5995,0.1350
306.25,-9.4042,5.9548,0.2945
306.50,-10.0535,6.5829,-0.2557
306.75,-10.4789,6.9695,-0.4469
307.00,-10.8666,7.0703,-0.4760
307.25,-10.7359,6.9638,-0.2624
307.50,-10.7263,6.4052,0.1228
307.75,-10.6030,5.9465,0.3463
308.00,-11.2477,5.8971,0.8892
308.25,-11.3773,5.4079,1.3879
308.50,-11.4606,5.3535,1.2417
308.75,-11.5727,4.8641,0.6789
309.00,-11.5756,4.6098,0.7516
309.25,-10.9672,5.3146,1.1760
309.50,-10.1889,6.5107,1.5478
309.75,-9.9759,6.6837,0.9882
310.00,-10.3150,6.3208,0.9832
310.25,-10.8408,6.0515,1.1842
310.50,-10.8245,6.9066,1.4733
310.75,-11.1323,6.3076,1.4962
311.00,-10.9729,5.8525,1.7027
311.25,-10.9460,5.9529,0.8486
311.50,-10.4530,5.4472,0.3766
311.75,-9.9494,4.9162,0.3259
312.00,-10.7121,5.0909,0.5359
312.25,-11.3604,5.4604,0.7685
312.50,-10.9326,4.7290,1.1103
312.75,-9.8409,4.4441,0.9253
313.00,-8.7822,4.6423,0.9041
313.25,-7.7707,4.6431,0.2069
313.50,-8.5536,4.9911,0.0428
313.75,-8.5571,4.7387,-0.0458
314.00,-8.7149,4.6981,0.0376
314.25,-9.3213,4.5015,0.3008
314.50,-9.7806,4.6686,0.7109
314.75,-10.7857,4.8422,0.4185
315.00,-11.1568,5.1421,0.4478
315.25,-11.2592,5.4860,-0.1323
315.50,-10.7018,5.4951,-0.3470
315.75,-10.7833,5.6322,-0.0316
316.00,-10.6871,5.3142,-0.0444
316.25,-9.7350,5.6348,-0.5109
316.50,-9.6576,6.1487,-0.9373
316.75,-9.9822,5.9402,-0.7587
317.00,-10.3149,5.7243,-0.8619
317.25,-11.0196,5.0878,-0.5659
317.50,-11.2784,5.2784,-0.9460
317.75,-10.7703,5.8925,-1.0002
318.00,-10.3684,5.7863,-0.9614
318.25,-9.6846,6.4824,-1.1751
318.50,-9.9788,6.6853,-0.6803
318.75,-10.5217,6.8518,-0.4209
319.00,-10.5474,6.7012,-0.6490
319.25,-10.3862,6.9768,-0.5805
319.50,-10.0104,6.8055,-0.5453
319.75,-9.8444,6.6500,-0.3169
320.00,-10.4862,6.4399,-0.1939
320.25,-10.4139,7.0005,-0.0689
320.50,-9.5708,7.4150,-0.0558
320.75,-9.8539,6.3693,-0.4802
321.00,-10.8066,6.4029,-0.5457
321.25,-11.5055,7.3976,-0.3557
321.50,-11.1956,7.3419,-0.3483
321.75,-10.5710,7.3227,-0.3824
322.00,-10.2729,7.6402,-0.3118
322.25,-9.9237,6.9196,-0.5381
322.50,-10.4335,6.5679,-1.1639
322.75,-10.0959,6.3333,-1.1818
323.00,-9.9602,6.0941,-1.5189
323.25,-10.1470,6.2451,-1.8978
323.50,-9.9511,6.4296,-2.3222
323.75,-10.9904,6.6547,-2.6733
324.00,-11.0427,6.7332,-2.7632
324.25,-11.0850,6.9534,-2.3517
324.50,-11.6091,6.3025,-1.8463
324.75,-10.3196,6.3467,-1.5198
325.00,-9.7288,6.1146,-1.2105
325.25,-9.1276,6.1815,-1.1098
325.50,-9.8513,5.6386,-1.2900
325.75,-9.3309,6.0771,-1.2085
326.00,-9.3774,6.1874,-1.4345
326.25,-9.1783,6.7652,-1.1193
326.50,-8.9396,7.5276,-0.5515
326.75,-8.3544,7.8145,-0.3816
327.00,-7.7715,8.2289,-0.3619
327.25,-6.8456,8.2308,-0.6836
327.50,-7.4482,7.3661,-1.3579
327.75,-8.8042,7.2283,-1.5580
328.00,-9.7437,8.1194,-1.6406
328.25,-9.7751,8.8094,-2.0438
328.50,-10.1360,9.5317,-1.8723
328.75,-10.3669,10.1085,-1.3012
329.00,-9.9801,10.2141,-1.6198
329.25,-9.5368,9.4919,-1.7647
329.50,-11.3794,8.6351,-1.4638
329.75,-10.8504,8.6579,-1.6266
330.00,-9.4201,8.0800,-1.5072
330.25,-8.8342,7.3055,-1.3274
330.50,-9.1721,6.3582,-0.3278
330.75,-10.4886,6.0798,-0.4697
331.00,-10.1034,5.4452,-0.1211
331.25,-10.4769,5.0914,0.1580
331.50,-11.0534,5.4877,0.5345
331.75,-10.9466,6.0319,0.0796
332.00,-10.2470,6.8228,-0.2930
332.25,-9.9745,7.2407,-0.8206
332.50,-9.3784,6.8735,-0.8703
332.75,-9.4605,6.4979,-0.9547
333.00,-8.6810,6.4616,-1.4451
333.25,-8.5758,6.8440,-1.7069
333.50,-7.4561,7.5705,-1.9112
333.75,-7.3976,7.5017,-1.4898
334.00,-7.7343,7.7841,-1.2838
334.25,-7.8282,7.1903,-1.2113
334.50,-8.8751,7.4643,-1.9233
334.75,-8.8248,8.0757,-1.9977
335.00,-8.2144,8.3377,-1.3626
335.25,-7.5446,8.5491,-1.1159
335.50,-7.5063,8.1629,-1.3378
335.75,-8.0625,7.7813,-0.4928
336.00,-7.8243,7.4306,-0.1706
336.25,-6.9390,7.4821,-0.0668
336.50,-6.5029,7.5183,-0.5503
336.75,-7.3710,7.1155,-0.7421
337.00,-7.9583,7.3747,-0.8990
337.25,-8.0530,6.9113,-0.9529
337.50,-9.4112,6.4871,-1.1136
337.75,-10.7547,6.7665,-1.5419
338.00,-10.9855,6.6214,-1.6248
338.25,-10.4453,5.7914,-1.4472
338.50,-9.2963,5.5645,-1.4416
338.75,-8.5507,5.7483,-1.2193
339.00,-9.0594,5.7359,-1.1284
339.25,-9.0015,5.8554,-1.2701
339.50,-9.3031,5.6014,-1.3246
339.75,-9.4492,5.5472,-1.0643
340.00,-9.6628,6.1347,-0.8851
340.25,-9.5646,6.9752,-1.6822
340.50,-10.2856,7.5239,-1.8116
340.75,-10.4923,7.7726,-1.8904
341.00,-10.3065,7.7297,-2.1718
341.25,-9.3679,7.3352,-1.6147
341.50,-8.3573,6.6997,-1.8062
341.75,-8.1878,5.6218,-1.6791
342.00,-8.1986,5.5163,-1.7183
342.25,-7.2482,6.3369,-1.5584
342.50,-7.7084,7.2215,-1.4054
342.75,-7.8092,8.2536,-0.9991
343.00,-7.1368,8.4018,-0.7808
343.25,-6.9416,7.4215,-0.8677
343.50,-6.6851,6.9923,-0.5115
343.75,-6.1152,6.8450,-0.1428
344.00,-7.0555,6.3464,-0.3199
344.25,-8.0382,6.5725,-1.1049
344.50,-7.9906,6.7653,-1.3764
344.75,-8.3508,6.7072,-1.4295
345.00,-9.2515,6.9103,-1.1528
345.25,-9.4834,7.1409,-0.8919
345.50,-10.3216,6.0653,-0.8653
345.75,-10.1274,4.9582,-0.2905
346.00,-9.1196,5.3788,0.0431
346.25,-9.1582,5.5733,0.3977
346.50,-9.7814,5.1689,0.3329
346.75,-10.5715,5.1462,0.0331
347.00,-9.8788,6.1648,0.3499
347.25,-9.8108,6.0200,0.2460
347.50,-9.3417,6.1213,0.0522
347.75,-8.7435,6.4816,-0.7406
348.00,-8.7024,6.1108,-1.1816
348.25,-9.3963,5.5947,-1.0071
348.50,-10.2905,5.4281,-1.1195
348.75,-10.3201,5.5641,-0.5080
349.00,-9.5063,5.5842,0.0493
349.25,-9.0701,6.2427,0.3580
349.50,-9.0999,6.5994,-0.6738
349.75,-9.1128,6.9009,-0.9401
350.00,-9.1323,6.6817,-0.8003
350.25,-9.0196,6.7092,-0.5458
350.50,-10.2541,6.7669,-0.6480
350.75,-10.3599,6.3729,-1.0451
351.00,-9.5577,5.5297,-1.5226
351.25,-9.0949,5.5768,-1.8489
351.50,-9.4628,6.0166,-2.0311
351.75,-10.1154,6.5227,-2.1010
352.00,-10.9471,6.7686,-1.9324
352.25,-10.8057,7.4343,-1.1234
352.50,-9.7105,7.2877,-0.6338
352.75,-9.4494,7.4970,-0.9687
353.00,-9.6247,7.8729,-0.8182
353.25,-8.8455,7.5825,-0.5209
353.50,-9.1092,6.6314,-0.4191
353.75,-10.0454,6.4789,0.0772
354.00,-9.4193,5.7509,0.0121
354.25,-8.7721,5.8448,-0.1658
354.50,-7.9570,6.0269,-0.2769
354.75,-7.6686,6.4175,-0.5805
355.00,-8.0624,6.5248,-0.2924
355.25,-8.3802,6.4223,-0.2924
355.50,-7.8055,7.2663,-0.6499
355.75,-8.0346,7.8162,-1.2490
356.00,-7.9653,7.1135,-1.4099
356.25,-8.5343,7.0473,-0.9170
356.50,-8.2548,6.5861,-0.9501
356.75,-8.5118,6.5994,-0.3171
357.00,-9.3136,6.9445,0.3750
357.25,-9.8388,7.4043,0.2799
357.50,-8.6632,7.4566,-0.4349
357.75,-7.9629,7.3398,-0.0202
358.00,-7.8582,6.7838,-0.0613
358.25,-8.0645,5.9103,-0.9301
358.50,-8.3944,5.0658,-1.4256
358.75,-7.7603,4.3621,-1.0983
359.00,-8.0911,4.3717,-0.8261
359.25,-8.8762,4.1231,-0.6734
359.50,-7.7784,4.3548,-0.5275
359.75,-8.0939,4.6963,-0.9109
360.00,-9.0723,5.0622,-0.3602
360.25,-8.7841,4.7314,-0.7172
360.50,-8.8085,4.5441,-1.5460
360.75,-9.0076,5.2419,-1.9363
361.00,-9.8064,6.0078,-1.4331
361.25,-9.9027,6.9875,-1.2287
361.50,-8.7561,6.8566,-0.9241
361.75,-7.7986,6.8022,-1.0860
362.00,-7.2712,6.6195,-0.7555
362.25,-6.3176,6.7480,-0.0140
362.50,-6.4933,7.8037,-0.2414
362.75,-7.1755,7.1713,-1.2230
363.00,-7.2257,6.9470,-1.5642
363.25,-6.7374,7.4179,-1.2870
363.50,-7.6004,7.2495,-1.1288
363.75,-7.7915,7.0480,-1.0922
364.00,-7.4788,6.6935,-0.9520
364.25,-8.5630,7.5167,-1.2992
364.50,-9.7558,7.4290,-1.1576
364.75,-9.8652,7.7654,-1.4017
365.00,-9.9346,7.8129,-1.4752
365.25,-10.1474,7.2832,-1.9087
365.50,-10.2275,6.8938,-2.1552
365.75,-9.6640,5.8725,-1.8509
366.00,-9.2107,5.8526,-1.5356
366.25,-9.6447,6.0831,-1.4551
366.50,-10.2226,5.6135,-1.7538
366.75,-9.8948,5.1306,-2.0392
367.00,-9.7052,4.5133,-1.8052
367.25,-9.0476,4.9395,-1.9609
367.50,-8.4291,4.5328,-2.2186
367.75,-7.6250,3.6309,-2.2782
368.00,-7.7582,3.0715,-3.0833
368.25,-9.2133,3.5913,-3.1647
368.50,-9.0017,4.2234,-3.0756
368.75,-9.7848,4.3781,-2.7172
369.00,-10.0695,5.0181,-3.0174
369.25,-10.0268,4.9786,-2.8097
369.50,-9.7281,4.8535,-2.4450
369.75,-9.5720,4.5290,-2.6523
370.00,-9.3142,4.3442,-2.5492
370.25,-9.6135,4.3313,-2.2219
370.50,-9.7513,4.2124,-2.2137
370.75,-8.7982,4.8265,-2.3135
371.00,-8.1478,5.1386,-2.1029
371.25,-7.8073,4.5380,-2.2128
371.50,-9.2038,5.0470,-2.3910
371.75,-10.0581,4.5805,-2.2674
372.00,-10.3709,3.8843,-2.3718
372.25,-11.4695,4.0493,-2.4968
372.50,-11.8232,4.3581,-1.8492
372.75,-11.9525,4.7195,-1.6820
373.00,-10.9519,4.2031,-1.8801
373.25,-10.2502,4.8225,-1.2771
373.50,-11.1871,5.4884,-1.7305
373.75,-11.1617,5.1512,-1.8926
374.00,-11.0866,5.0456,-1.3718
374.25,-10.8627,4.4731,-1.4531
374.50,-10.2454,4.5196,-1.5301
374.75,-10.5404,4.7776,-1.4686
375.00,-10.5139,4.5319,-1.8733
375.25,-10.8575,3.9951,-1.9167
375.50,-11.1087,4.1700,-2.4909
375.75,-11.7072,3.8785,-2.4719
376.00,-11.5442,4.0730,-2.8965
376.25,-10.4791,4.3291,-2.6269
376.50,-9.5723,5.2142,-2.4023
376.75,-9.4820,5.9304,-1.9730
377.00,-8.0052,6.0998,-1.8293
377.25,-9.1061,5.6294,-2.0625
377.50,-9.8454,5.8031,-1.7821
377.75,-10.2180,6.0468,-1.4212
378.00,-10.1051,5.8491,-1.2595
378.25,-10.1515,5.4311,-1.2555
378.50,-10.0284,5.0161,-1.3156
378.75,-10.5884,4.7365,-1.0390
379.00,-10.5835,5.0127,-1.2927
379.25,-9.7228,4.6943,-1.2844
379.50,-10.0031,4.3052,-1.1791
379.75,-10.7303,4.1708,-1.2574
380.00,-9.9829,4.6314,-1.3642
380.25,-8.4386,5.2815,-1.3551
380.50,-8.1092,5.2159,-1.7962
380.75,-7.3141,4.4932,-1.4263
381.00,-7.0115,3.8644,-0.8339
381.25,-8.0172,4.7660,-1.3214
381.50,-8.6663,5.4916,-2.0154
381.75,-9.6217,5.5908,-1.7758
382.00,-9.3495,5.1966,-1.3876
382.25,-9.8438,4.5475,-1.5591
382.50,-9.7183,4.7519,-1.2673
382.75,-9.4725,4.5974,-1.3306
383.00,-9.3372,3.8703,-1.2307
383.25,-8.5511,3.9953,-1.5950
383.50,-9.1869,5.2773,-2.3013
383.75,-9.6754,5.5963,-2.7045
384.00,-9.8090,4.7550,-2.3974
384.25,-9.5274,4.6329,-2.1274
384.50,-9.0465,4.1178,-2.1958
384.75,-9.1272,4.1618,-1.9060
385.00,-9.5297,4.7155,-1.4589
385.25,-8.9044,5.4712,-1.4538
385.50,-8.9109,4.8366,-1.9532
385.75,-9.6809,4.9541,-2.4647
386.00,-10.6157,5.0697,-2.1902
386.25,-10.5054,4.7520,-2.0153
386.50,-10.2671,5.3263,-1.2443
386.75,-10.9592,5.9385,-0.4219
387.00,-11.5597,5.8931,-0.2144
387.25,-11.0044,5.8489,-0.8802
387.50,-10.6051,6.1286,-0.6069
387.75,-9.8823,5.8955,-0.0569
388.00,-10.0995,5.9493,0.6410
388.25,-9.6907,4.8858,0.2653
388.50,-8.9549,4.7580,-0.1476
388.75,-8.7937,4.8198,-0.0600
389.00,-9.6456,5.6253,-0.3267
389.25,-10.2138,6.4785,-0.6272
389.50,-10.2303,6.9903,-0.9151
389.75,-9.1493,6.6726,-0.7687
390.00,-8.4128,5.9693,-0.7741
390.25,-9.2850,5.4789,-0.3132
390.50,-9.5058,5.8048,-0.0850
390.75,-8.9266,6.5348,0.3567
391.00,-9.5987,6.4225,-0.3539
391.25,-9.7808,6.6239,-1.2268
391.50,-9.9857,6.9702,-1.0608
391.75,-9.4205,6.6806,-0.8592
392.00,-9.0344,7.1507,-0.7354
392.25,-9.1228,7.3927,0.0353
392.50,-8.3555,7.2020,0.2480
392.75,-8.2632,7.0461,-0.0703
393.00,-8.5006,7.7671,-0.4578
393.25,-9.1996,7.4952,-0.5290
393.50,-9.4851,6.9585,-0.8726
393.75,-8.5856,6.6233,-0.7547
394.00,-8.2232,6.8056,-0.3133
394.25,-7.1470,7.1049,-0.2608
394.50,-7.0121,7.0506,-0.2806
394.75,-7.1080,6.8974,-0.0638
395.00,-7.2182,6.6912,-0.3016
395.25,-7.4236,5.8105,-0.6015
395.50,-7.5327,6.2119,-0.0142
395.75,-7.7366,6.8346,0.1418
396.00,-7.7093,7.3886,-0.1907
396.25,-8.2000,6.9704,-0.0207
396.50,-8.4899,7.0039,-0.0755
396.75,-7.8715,7.3420,-0.3567
397.00,-7.6411,7.2088,-0.4257
397.25,-8.3578,7.1583,-0.2816
397.50,-8.4197,6.7000,0.2196
397.75,-9.9218,6.3394,0.1035
398.00,-9.2717,5.8328,0.0960
398.25,-7.7363,5.5287,-0.0402
398.50,-7.9089,5.7860,0.2153
398.75,-7.1696,6.6042,0.3541
399.00,-7.8479,6.8218,0.3251
399.25,-8.2488,7.1574,0.6113
399.50,-8.0598,5.9664,0.5693
399.75,-7.9711,5.8282,1.0317
400.00,-7.9902,6.0823,1.2396
400.25,-7.7182,6.5938,1.5038
400.50,-8.6288,7.0702,1.0940
400.75,-8.7431,7.3408,0.4541
401.00,-8.0971,6.6932,0.2782
401.25,-6.5584,7.0770,0.3117
401.50,-5.8556,6.6640,-0.2024
401.75,-6.4600,6.6004,-0.1563
402.00,-7.1469,6.9360,0.0787
402.25,-6.5721,6.9514,-0.0067
402.50,-5.5479,7.0643,0.1538
402.75,-4.8269,7.3072,-0.2324
403.00,-4.5757,7.3919,-0.6793
403.25,-5.7256,6.7834,-1.1798
403.50,-7.1170,7.3772,-1.5930
403.75,-7.7871,8.3074,-2.1129
404.00,-6.6673,8.5974,-2.0781
404.25,-6.0696,8.6417,-1.3036
404.50,-5.6202,8.0519,-0.8234
404.75,-5.5030,7.5866,-0.6198
405.00,-6.2962,8.2111,-0.5943
405.25,-5.7881,8.2292,-0.6547
405.50,-4.9705,7.6869,-0.6904
405.75,-5.0568,7.0724,-0.9327
406.00,-4.8491,6.2809,-1.2754
406.25,-5.0607,6.0103,-1.3859
406.50,-4.9889,6.1931,-1.2577
406.75,-5.2036,6.3903,-1.3705
407.00,-6.4280,6.2288,-1.4460
407.25,-7.1494,5.9313,-1.0022
407.50,-7.4752,7.2033,-0.2153
407.75,-7.3489,7.6112,0.1668
408.00,-7.5902,7.1206,-0.3913
408.25,-7.4922,6.6289,-0.9066
408.50,-6.9504,5.3464,-0.8658
408.75,-6.0536,5.6719,-0.7770
409.00,-6.3111,6.1769,-0.1989
409.25,-7.0832,6.7588,0.5714
409.50,-6.2616,7.0834,1.2564
409.75,-5.8295,6.3250,1.2050
410.00,-6.2802,6.0204,0.7674
410.25,-6.6470,5.8916,0.6800
410.50,-7.5608,5.1726,0.8895
410.75,-8.5413,4.9878,0.7754
411.00,-9.6556,5.9608,-0.0420
411.25,-9.7162,6.8522,0.3446
411.50,-8.5188,6.9732,0.6630
411.75,-8.6342,6.8766,0.8222
412.00,-8.4131,6.6212,0.4892
412.25,-8.7529,5.9892,0.0653
412.50,-9.1483,5.4889,-0.0249
412.75,-9.6878,5.4446,-0.3471
413.00,-9.3586,6.1975,-0.6429
413.25,-9.1742,6.7186,-0.7918
413.50,-8.5431,6.3592,-0.3378
413.75,-8.4216,5.8889,-0.3450
414.00,-8.9238,6.3035,-0.1038
414.25,-9.3288,6.3774,0.6096
414.50,-9.9859,5.7696,1.2858
414.75,-9.9289,5.1523,1.2273
415.00,-11.3858,5.8930,1.1009
415.25,-10.7340,5.4456,0.7682
415.50,-10.1039,4.9858,0.9289
415.75,-9.9341,4.9268,1.7295
416.00,-10.7325,3.8598,1.8962
416.25,-11.2537,3.4933,1.9456
416.50,-10.8335,3.8395,1.8712
416.75,-10.2556,4.6764,1.4227
417.00,-10.0894,5.3512,1.2617
417.25,-9.7592,5.9170,1.4167
417.50,-9.7823,4.9209,1.0894
417.75,-9.0842,3.7746,0.9304
418.00,-8.6982,4.3071,1.0922
418.25,-8.4361,4.3037,0.8179
418.50,-7.5465,4.2762,0.0361
418.75,-6.8235,4.5024,-0.2548
419.00,-6.6743,3.6494,-0.5114
419.25,-6.2677,3.4398,-0.0917
419.50,-5.0894,2.9735,0.2538
419.75,-5.5620,2.4576,0.2257
420.00,-6.4846,3.3456,0.2081
420.25,-6.9565,3.7233,0.3557
420.50,-6.8043,4.1182,0.3074
420.75,-5.4357,4.1759,0.0065
421.00,-4.7153,3.4356,0.5869
421.25,-5.2040,3.5782,0.8743
421.50,-5.9509,3.0956,0.7961
421.75,-6.8811,2.9790,1.3182
422.00,-5.7734,3.4495,1.3617
422.25,-5.8417,3.4872,0.9279
422.50,-7.3542,3.1393,0.5231
422.75,-7.6290,2.2904,0.0988
423.00,-6.3264,1.9176,-0.1691
423.25,-6.1913,1.8003,-0.1717
423.50,-6.4779,1.9358,-0.8348
423.75,-7.1979,1.8911,-1.2533
424.00,-8.4053,2.3796,-0.6961
424.25,-9.0179,2.9539,-0.6401
424.50,-8.9568,2.9331,-0.8042
424.75,-9.3273,3.0096,-0.5014
425.00,-9.4546,2.9707,-0.5042
425.25,-8.1029,3.2640,-1.1246
425.50,-7.2449,3.2140,-1.2699
425.75,-5.7312,2.9910,-0.7220
426.00,-5.6928,2.7501,-0.2197
426.25,-5.6000,2.8244,-0.0610
426.50,-4.9336,2.7121,0.1361
426.75,-4.1121,1.9162,0.3103
427.00,-4.8724,1.6449,0.5407
427.25,-5.0712,1.9797,0.5734
427.50,-5.1168,2.8356,0.6445
427.75,-4.5275,2.3822,0.4873
428.00,-3.9107,2.1611,0.3924
428.25,-3.3080,2.1873,0.6631
428.50,-3.4236,2.8519,0.8603
428.75,-4.3985,3.3550,0.9252
429.00,-4.6051,3.8573,1.0765
429.25,-3.9861,3.8346,0.8122
429.50,-3.9686,3.0611,0.4609
429.75,-3.9244,2.4552,0.1506
430.00,-3.6126,2.5925,-0.2268
430.25,-3.9905,2.2936,-0.3186
430.50,-4.7393,1.9701,0.4031
430.75,-4.8147,1.5439,0.8521
431.00,-4.7549,1.3674,0.6621
431.25,-4.5273,2.0839,0.4555
431.50,-5.5250,1.8937,0.6571
431.75,-6.1692,1.7435,0.5911
432.00,-7.3894,1.0825,0.6213
432.25,-7.0327,0.8866,0.3888
432.50,-5.5684,2.0134,0.1747
432.75,-5.1694,2.5181,-0.0939
433.00,-4.4476,2.3799,-0.1071
433.25,-4.7936,3.1954,0.0864
433.50,-4.3023,3.4668,0.4214
433.75,-4.0754,3.3943,0.9279
434.00,-3.7664,3.0670,0.9331
434.25,-3.9226,2.9127,0.6570
434.50,-4.9876,2.9522,0.5008
434.75,-4.9954,2.5186,0.7523
435.00,-4.9308,1.8862,1.1985
435.25,-4.7406,1.7365,1.0410
435.50,-6.3748,1.9524,0.6890
435.75,-7.8653,2.1992,0.7837
436.00,-8.4704,2.5135,0.7312
436.25,-7.8361,2.3220,0.6061
436.50,-7.4034,2.1217,0.8173
436.75,-7.6672,2.4271,1.2831
437.00,-8.3428,2.5924,1.6583
437.25,-8.4296,2.7343,1.4612
437.50,-8.7170,2.7568,0.9480
437.75,-8.7107,2.5980,0.8247
438.00,-8.9654,1.8564,0.6251
438.25,-8.7034,2.1250,0.6653
438.50,-8.9341,2.7322,0.8360
438.75,-8.7537,2.9100,0.3729
439.00,-8.2785,3.0371,0.8929
439.25,-8.2609,3.2659,0.6678
439.50,-7.9774,3.3443,0.6176
439.75,-7.6545,3.3410,1.2693
440.00,-7.9149,3.4968,1.3692
440.25,-8.7590,3.8112,0.6648
440.50,-9.5932,3.2086,0.4542
440.75,-8.7428,2.6668,0.4228
441.00,-8.6281,2.0498,0.7638
441.25,-8.0874,1.8130,0.8907
441.50,-8.6798,2.0488,0.1233
441.75,-8.7461,2.7858,0.1634
442.00,-8.8253,3.5441,0.3790
442.25,-8.7624,3.5589,0.9063
442.50,-9.6947,3.5723,0.6959
442.75,-10.6361,3.5261,0.4251
443.00,-11.1504,3.8109,0.3317
443.25,-10.8676,4.6103,0.8076
443.50,-9.7866,4.7261,0.8790
443.75,-8.5883,3.8834,0.3733
444.00,-8.1673,3.6638,0.4130
444.25,-7.3219,4.0480,0.0808
444.50,-6.8971,3.9503,-0.0333
444.75,-7.7476,3.8082,0.5025
445.00,-8.3405,3.9595,0.3585
445.25,-8.5792,3.8205,0.2361
445.50,-7.8951,3.1020,0.2508
445.75,-8.1053,2.5642,0.4585
446.00,-8.3406,3.0594,1.3219
446.25,-8.3930,3.2795,1.5619
446.50,-8.4827,3.0607,1.3725
446.75,-8.4167,3.7316,0.9859
447.00,-8.3013,3.3627,1.3883
447.25,-9.3306,3.0271,1.9918
447.50,-9.9525,3.1927,1.7356
447.75,-10.6812,3.4957,1.7090
448.00,-11.1621,3.9242,2.0683
448.25,-11.6520,3.4411,1.6113
448.50,-11.9669,3.5244,1.0830
448.75,-12.0657,3.6569,1.2953
449.00,-12.2267,3.5015,1.6034
449.25,-12.5339,3.2904,1.3889
449.50,-11.7060,2.9417,1.9653
449.75,-10.3174,3.0560,2.0422
450.00,-10.5162,3.2675,2.3211
450.25,-11.5360,3.2840,1.7987
450.50,-12.5602,2.3790,1.7824
450.75,-12.8302,1.9677,1.5128
451.00,-13.1277,1.9903,1.6999
451.25,-13.1098,2.0891,1.7243
451.50,-13.0939,1.5325,1.4952
451.75,-12.4976,1.9013,1.4608
452.00,-12.0496,2.8393,1.5029
452.25,-12.1591,3.1432,1.9875
452.50,-12.9961,3.5263,2.1604
452.75,-13.6472,3.8388,1.6713
453.00,-13.5085,3.4185,1.3900
453.25,-13.9951,2.7834,0.8661
453.50,-14.0621,2.3603,0.8594
453.75,-13.6201,1.9160,0.8722
454.00,-13.5797,1.9761,0.9451
454.25,-13.1950,2.0242,0.9115
454.50,-13.4988,2.3111,1.1688
454.75,-13.3933,2.0522,1.8409
455.00,-12.2416,1.5877,1.3728
455.25,-11.5133,0.8838,1.7312
455.50,-12.2784,0.8955,1.5995
455.75,-12.9120,1.4529,1.2316
456.00,-13.7988,1.3700,1.1011
456.25,-13.4696,1.8059,1.3879
456.50,-13.5219,1.7270,1.4926
456.75,-13.9980,1.5198,1.7005
457.00,-12.9954,1.4537,1.6177
457.25,-12.9058,1.9479,1.6931
457.50,-13.2348,1.4743,2.0627
457.75,-13.8692,0.6338,2.0704
458.00,-14.5113,0.2469,2.2466
458.25,-16.0933,1.0404,2.2009
458.50,-15.8769,2.1544,2.1541
458.75,-15.9078,3.6153,1.4886
459.00,-16.2668,3.9074,1.6682
459.25,-14.4033,3.1093,1.4657
459.50,-12.9589,3.0379,1.1252
459.75,-12.0988,3.0212,1.7090
460.00,-11.4259,2.6681,2.0845
460.25,-11.0637,2.7227,1.6840
460.50,-10.9329,3.3468,1.3017
460.75,-11.2160,3.2985,1.4541
461.00,-11.4108,2.3407,0.9323
461.25,-11.3362,2.2339,0.9030
461.50,-10.8612,2.2144,0.7766
461.75,-11.4010,1.8801,1.0669
462.00,-12.8051,2.2266,0.7885
462.25,-13.8717,2.7458,0.3440
462.50,-13.0807,1.2461,0.8400
462.75,-12.2385,0.7491,0.7149
463.00,-11.8134,0.9909,0.4534
463.25,-11.3248,1.0372,0.2632
463.50,-11.1981,1.7766,0.8365
463.75,-10.7774,2.1316,0.8630
464.00,-11.5511,2.1543,1.0893
464.25,-12.2979,2.6805,0.8891
464.50,-12.5899,3.0546,0.2876
464.75,-12.5592,3.3579,-0.2251
465.00,-12.3152,3.3740,-0.0468
465.25,-12.9344,2.7083,0.4511
465.50,-13.1218,2.3594,0.6813
465.75,-12.8382,1.9196,0.5949
466.00,-12.7382,2.1688,0.9135
466.25,-12.2522,3.2915,0.5928
466.50,-11.7239,3.3434,0.4757
466.75,-11.1929,3.8289,0.7629
467.00,-10.7503,4.5460,0.4179
467.25,-10.9896,4.3826,-0.3589
467.50,-11.3258,3.4965,-0.1700
467.75,-11.3676,2.9547,-0.0370
468.00,-12.2049,3.3117,-0.0511
468.25,-12.8022,3.5847,-0.1108
468.50,-12.6918,3.9715,0.0469
468.75,-12.0701,3.9337,0.1863
469.00,-11.6373,3.4174,0.2032
469.25,-11.1057,3.2796,0.0362
469.50,-9.6479,3.3570,0.2724
469.75,-9.4491,3.1996,1.1856
470.00,-10.4584,3.7329,1.0036
470.25,-9.9957,3.7295,0.8151
470.50,-9.4026,3.7152,1.0147
470.75,-9.8674,2.7025,1.4200
471.00,-10.2525,2.9795,1.5514
471.25,-10.5296,3.2325,1.6745
471.50,-10.5391,3.0363,1.8892
471.75,-10.5622,2.6504,1.9817
472.00,-11.6053,1.9679,2.2225
472.25,-10.9678,1.2494,2.0974
472.50,-9.5426,1.1359,2.1012
472.75,-9.3110,2.0234,1.9595
473.00,-10.0674,2.7506,2.0977
473.25,-10.3210,2.6737,2.1534
473.50,-9.9483,2.6474,2.0053
473.75,-10.2934,1.8823,1.8361
474.00,-10.2680,1.8203,1.5799
474.25,-10.1356,2.2877,1.2836
474.50,-9.8821,2.5021,0.6661
474.75,-11.0510,2.4565,0.4740
475.00,-11.7382,2.6291,0.9832
475.25,-11.0337,3.3209,1.0835
475.50,-10.6695,4.3860,1.2663
475.75,-10.2516,3.9499,1.0968
476.00,-9.5735,3.7630,0.5193
476.25,-9.1886,3.6570,0.4401
476.50,-9.9571,3.8052,1.1413
476.75,-10.9547,3.3460,1.7348
477.00,-11.0045,3.0787,1.6263
477.25,-10.5335,3.2897,1.6318
477.50,-9.5202,3.1357,1.9738
477.75,-9.4990,2.3901,1.9222
478.00,-9.5092,2.4974,1.3355
478.25,-9.2441,2.4753,1.6076
478.50,-9.6780,2.5529,2.0668
478.75,-10.6074,3.2358,2.4209
479.00,-11.1860,2.5874,2.6551
479.25,-9.8361,2.7203,2.6820
479.50,-8.5153,3.0781,2.7836
479.75,-8.2526,2.4587,2.9986
480.00,-9.0558,2.0894,2.4952
480.25,-9.2920,2.2825,2.7322
480.50,-9.8697,2.2110,3.1121
480.75,-10.0623,1.8205,3.3983
481.00,-8.5523,1.0134,3.8128
481.25,-8.7951,0.4215,3.7977
481.50,-8.3762,0.7590,3.6781
481.75,-8.6252,0.9394,3.1734
482.00,-9.8489,2.2205,3.0734
482.25,-10.1096,1.8930,3.1692
482.50,-9.7372,1.1350,1.7216
482.75,-7.7676,1.1644,1.2637
483.00,-6.9810,1.0813,1.7780
483.25,-7.3548,0.5905,2.2317
483.50,-8.1873,0.2053,2.9207
483.75,-10.1005,0.6833,2.2118
484.00,-10.8247,1.7476,1.8405
484.25,-11.1178,2.3105,1.9301
484.50,-10.3507,1.6068,1.9115
484.75,-10.0233,1.4153,1.7601
485.00,-9.7506,0.3709,1.8774
485.25,-10.2959,0.6208,1.2718
485.50,-10.0175,1.0750,0.7239
485.75,-9.6151,1.5698,0.7065
486.00,-9.8165,1.6781,0.8480
486.25,-9.5066,1.0950,1.3411
486.50,-9.9774,1.1519,1.7568
486.75,-10.6130,0.4478,1.0443
487.00,-10.1350,-0.3179,0.4861
487.25,-9.8022,-1.6701,0.6349
487.50,-9.6767,-2.4801,0.8850
487.75,-9.2121,-2.5589,1.5280
488.00,-10.1935,-1.8421,1.6887
488.25,-10.5715,-1.4051,1.9877
488.50,-10.6028,-0.9979,2.0483
488.75,-10.1553,-0.5915,1.6505
489.00,-10.4925,-0.2743,1.1087
489.25,-10.4138,-0.2410,1.0154
489.50,-9.7802,-0.3896,1.2286
489.75,-9.5474,-0.4609,1.2196
490.00,-10.3254,-0.2732,1.0414
490.25,-10.2129,-0.7227,1.0076
490.50,-9.7848,-0.6209,0.8059
490.75,-9.4407,-0.0030,0.7928
491.00,-9.3987,-1.0160,0.5366
491.25,-8.5206,-1.4508,-0.1364
491.50,-8.8571,-0.9266,-0.1827
491.75,-9.5053,0.1418,0.3801
492.00,-9.6540,0.8900,0.4345
492.25,-9.8504,0.4214,0.5622
492.50,-10.8929,1.3304,0.3025
492.75,-10.1648,1.6813,0.2051
493.00,-10.4774,1.7799,0.4832
493.25,-10.4026,1.0322,0.4661
493.50,-11.7361,0.9096,1.4458
493.75,-11.5665,1.1170,1.8608
494.00,-11.3580,0.4671,1.5608
494.25,-9.8869,0.1470,1.5435
494.50,-9.9592,0.6730,1.7128
494.75,-10.0318,1.6577,1.7114
495.00,-10.9431,1.4853,1.1707
495.25,-11.4767,0.9380,0.6430
495.50,-10.2009,0.3902,0.4887
495.75,-8.6626,0.4899,1.1795
496.00,-7.8312,1.1361,1.5569
496.25,-7.5177,1.1760,2.3184
496.50,-8.0420,1.2401,2.2364
496.75,-8.0884,1.2280,2.2556
497.00,-8.2742,1.1067,1.7510
497.25,-7.5583,0.8743,1.3802
497.50,-8.2184,0.5419,0.8229
497.75,-7.5163,-0.2185,0.6412
498.00,-7.6877,0.9936,0.5441
498.25,-7.3346,1.8671,0.2076
498.50,-7.2195,2.2931,-0.1367
498.75,-5.1075,2.8991,-0.1960
499.00,-3.3902,2.9199,0.2969
499.25,-3.3626,2.5213,-0.2710
499.50,-3.4232,2.2984,-0.4800
499.75,-4.0622,2.4471,0.0665
500.00,-4.4198,2.7248,0.8341
500.25,-5.1565,3.4690,0.6589
500.50,-5.3168,3.6088,0.3120
500.75,-5.4066,2.4399,1.0337
501.00,-5.4416,1.5173,1.1209
501.25,-4.6766,1.1125,1.6399
501.50,-4.4915,1.3544,1.8686
501.75,-4.4564,1.2712,1.6434
502.00,-4.9529,1.6927,1.5491
502.25,-4.8145,1.6051,1.7673
502.50,-4.8010,2.0002,2.1540
502.75,-4.6149,2.6583,2.4294
503.00,-4.8086,2.8247,1.8929
503.25,-5.3476,3.2072,1.2814
503.50,-5.3310,3.6502,1.2724
503.75,-5.4449,3.6838,1.5637
504.00,-5.4549,4.4055,1.5530
504.25,-5.8014,3.8618,1.2671
504.50,-6.8164,2.9615,0.9072
504.75,-8.2963,2.8196,0.6905
505.00,-9.2678,2.4892,0.3888
505.25,-9.2770,2.3967,0.8222
505.50,-8.0486,1.8019,0.6727
505.75,-7.0758,1.8040,0.3007
506.00,-7.0453,1.5360,0.3037
506.25,-7.2982,1.7609,0.7704
506.50,-7.7589,2.4752,1.3091
506.75,-7.7304,2.4329,1.3853
507.00,-6.8131,2.2896,1.1702
507.25,-7.6214,1.8174,0.4166
507.50,-8.0105,1.5860,0.1521
507.75,-8.7759,2.0048,0.8139
508.00,-8.9153,1.8572,1.0959
508.25,-8.6481,1.5124,0.6294
508.50,-9.0689,1.6724,-0.1114
508.75,-8.5806,2.5875,-0.4769
509.00,-7.7484,2.0794,-0.6321
509.25,-7.2296,1.6029,-1.4025
509.50,-7.8877,1.8301,-1.5696
509.75,-8.8003,2.0365,-0.6398
510.00,-8.7221,2.2303,0.0178
510.25,-9.1617,1.8811,-0.2471
510.50,-9.8082,1.3881,-0.6836
510.75,-9.5096,0.5608,-0.7840
511.00,-9.4083,1.0255,-0.2663
511.25,-8.8128,0.9769,0.5573
511.50,-8.9047,0.5007,0.8462
511.75,-10.4002,1.1586,1.0048
512.00,-10.9920,1.0242,1.0327
512.25,-10.4796,0.6126,1.3558
512.50,-10.1373,0.1344,1.6511
512.75,-10.2004,0.2798,1.0108
513.00,-9.4272,0.3111,1.0190
513.25,-8.2958,0.8130,0.7738
513.50,-7.3969,1.0653,0.7984
513.75,-8.1834,0.9534,0.5396
514.00,-8.4810,-0.2639,0.5484
514.25,-7.6154,-0.8347,1.1245
514.50,-7.3314,-0.3745,1.0946
514.75,-7.7244,-0.6819,1.0057
515.00,-6.8504,-1.3914,0.5783
515.25,-6.3307,-1.5464,0.1230
515.50,-6.0009,-1.3184,-0.4516
515.75,-5.7293,-0.7763,-0.3576
516.00,-5.6370,-0.8616,0.2098
516.25,-6.4949,-1.1428,0.2709
516.50,-6.6961,-1.1211,0.4609
516.75,-7.2757,-0.7701,0.5919
517.00,-7.0995,-0.0809,0.1349
517.25,-7.1369,0.7040,0.0894
517.50,-6.1779,1.4425,-0.0335
517.75,-6.7611,1.2296,0.0855
518.00,-6.2858,0.8986,0.4778
518.25,-6.2831,1.4694,0.5688
518.50,-6.3944,1.4747,1.0224
518.75,-6.1008,1.2613,1.0687
519.00,-7.2694,1.0348,0.8319
519.25,-7.6041,0.9638,1.0252
519.50,-8.1366,0.8676,1.0082
519.75,-8.1289,1.2916,0.4316
520.00,-6.9704,1.6764,0.3730
520.25,-6.4127,1.4787,-0.3163
520.50,-6.4693,1.1522,-1.0450
520.75,-5.9257,1.4759,-0.7595
521.00,-5.0758,0.9854,-0.8667
521.25,-4.5518,0.8499,-1.3037
521.50,-4.2970,1.3273,-1.2576
521.75,-4.0924,1.1477,-0.9900
522.00,-4.3400,1.3305,-0.1598
522.25,-4.8954,0.9777,-0.3865
522.50,-4.6626,0.4259,-1.0293
522.75,-4.6151,0.7143,-1.3279
523.00,-4.4107,1.1720,-1.5983
523.25,-4.1703,1.0244,-1.9144
523.50,-5.3719,0.2104,-2.0374
523.75,-4.9282,0.4959,-2.1451
524.00,-4.6836,0.9176,-2.1258
524.25,-4.3821,0.8134,-2.3798
524.50,-3.1290,0.7612,-2.1965
524.75,-3.2596,0.1564,-1.7911
525.00,-3.7918,-0.1461,-1.2025
525.25,-4.2219,0.1124,-1.6783
525.50,-4.1173,-0.1591,-1.6990
525.75,-5.0398,0.1038,-1.7591
526.00,-4.7273,0.1901,-1.6660
526.25,-4.9607,0.4398,-1.0567
526.50,-5.7622,0.9755,-0.1009
526.75,-6.5293,1.7662,0.2164
527.00,-6.7279,1.6007,-0.0792
527.25,-6.7593,1.3231,0.2079
527.50,-5.8551,1.6660,-0.1902
527.75,-5.8034,0.7211,0.0832
528.00,-4.9647,0.2858,0.5893
528.25,-4.9942,0.4484,0.4940
528.50,-5.1551,0.5863,0.0959
528.75,-4.6338,0.2272,-0.8133
529.00,-4.0429,0.7213,-0.5089
529.25,-4.7829,0.4538,0.2486
529.50,-5.6339,-0.3989,1.4803
529.75,-6.2187,-0.2978,1.8296
530.00,-6.9515,-0.2166,1.6870
530.25,-6.1410,0.1837,0.8966
530.50,-5.4644,0.3559,0.8549
530.75,-5.1667,0.0686,0.9063
531.00,-4.1414,-0.6903,0.8415
531.25,-3.6032,-1.2912,0.8452
531.50,-3.6286,-1.5267,0.6767
531.75,-4.5416,-0.7192,0.7264
532.00,-5.8850,-0.7405,0.3725
532.25,-6.3166,-0.8465,0.3219
532.50,-5.8860,-0.4311,1.0704
532.75,-6.7043,-0.5196,1.4520
533.00,-6.6390,0.1231,1.9689
533.25,-6.2225,0.5969,1.6910
533.50,-6.1745,-0.3311,1.3056
533.75,-7.0354,-0.4943,1.1078
534.00,-6.2028,-0.3753,0.9948
534.25,-4.7560,-0.8045,0.4595
534.50,-5.6033,0.1524,0.2974
534.75,-5.6094,0.2470,0.0128
535.00,-5.2539,-0.2164,0.3348
535.25,-5.3901,-0.6331,0.1753
535.50,-5.7757,-0.6769,-0.4708
535.75,-5.9358,0.3933,-1.2853
536.00,-6.5963,0.8007,-1.0031
536.25,-6.1264,2.0421,-0.8937
536.50,-5.8979,2.6133,-0.6048
536.75,-6.7778,2.3045,-0.4981
537.00,-7.3803,2.6009,0.0130
537.25,-8.4324,2.2659,-0.1780
537.50,-7.5045,2.6870,-0.4113
537.75,-7.3638,2.6999,-0.5681
538.00,-6.6181,1.8901,-0.0468
538.25,-6.8391,1.6164,0.2619
538.50,-7.4231,1.5503,0.2583
538.75,-7.8698,1.3749,-0.3616
539.00,-8.4815,0.5878,-1.4773
539.25,-8.4095,0.3743,-1.8611
539.50,-7.1598,0.8861,-2.0704
539.75,-7.4828,1.0474,-1.6278
540.00,-7.3856,0.7145,-0.9736
540.25,-6.5946,1.0930,-0.9733
540.50,-7.1414,1.2098,-1.1221
540.75,-7.8265,1.4792,-1.1033
541.00,-8.0829,1.4041,-1.0018
541.25,-7.4318,1.3602,-1.1905
541.50,-7.2092,1.6858,-1.0883
541.75,-5.9305,1.9507,-1.2513
542.00,-4.3076,3.0323,-1.1254
542.25,-4.3392,2.9392,-0.8008
542.50,-5.2659,3.0122,-0.4040
542.75,-4.7145,2.3234,-0.5510
543.00,-3.9092,1.7446,-0.3755
543.25,-4.9043,1.5372,-0.4664
543.50,-5.0543,2.2392,-0.4464
543.75,-4.9712,2.6009,-0.3027
544.00,-4.5369,2.4377,-0.7931
544.25,-5.0847,2.2854,-0.7176
544.50,-4.8948,2.1859,-0.5647
544.75,-4.9788,1.4240,-0.3678
545.00,-5.0975,1.1170,-0.6871
545.25,-5.6262,1.8735,-0.6683
545.50,-6.0349,1.7933,-0.4750
545.75,-5.9419,2.2916,-0.2460
546.00,-5.7756,2.8573,-0.9017
546.25,-5.7587,3.0910,-0.7083
546.50,-5.2129,2.7898,-0.1858
546.75,-5.5569,3.1161,-0.0252
547.00,-6.2349,2.3653,0.2256
547.25,-6.0431,2.9324,0.3704
547.50,-5.9685,3.4733,-0.1284
547.75,-4.6051,3.9076,-0.3801
548.00,-4.0930,3.9805,-0.1384
548.25,-3.2377,4.5959,-0.2984
548.50,-3.6000,4.9514,-0.0404
548.75,-3.1946,5.0366,-0.1129
549.00,-3.3241,4.6457,0.0268
549.25,-3.2213,3.6153,0.2047
549.50,-3.4860,2.5357,0.5747
549.75,-3.8732,2.7068,0.5043
550.00,-4.2198,2.7096,0.0263
550.25,-5.3167,3.1659,0.2504
550.50,-4.8776,2.9357,0.7530
550.75,-4.2040,3.1268,1.2983
551.00,-4.2209,3.3530,1.9148
551.25,-3.8542,3.4276,1.4535
551.50,-3.6362,3.2597,0.8002
551.75,-4.5457,3.1384,1.0077
552.00,-5.2240,2.9567,1.2449
552.25,-6.3923,3.6287,0.9141
552.50,-6.0639,3.9939,0.8426
552.75,-5.4781,3.8380,0.2209
553.00,-4.4417,3.1765,-0.4922
553.25,-4.2510,2.0069,-0.7157
553.50,-4.7230,1.5849,-1.0709
553.75,-5.0312,1.7177,-0.7319
554.00,-5.4910,2.5591,-0.6418
554.25,-5.2578,3.0062,-0.3509
554.50,-5.7063,3.4931,-0.5275
554.75,-5.8903,3.3420,-0.7145
555.00,-6.3544,3.3958,-0.7350
555.25,-7.3048,3.3957,-1.2073
555.50,-6.8103,3.9795,-1.6227
555.75,-6.8852,4.3529,-1.3924
556.00,-7.9523,4.7718,-0.7811
556.25,-8.0966,4.7850,-0.3949
556.50,-8.0047,5.0399,-0.1182
556.75,-8.3434,4.5527,-0.5889
557.00,-7.7427,4.3057,-0.3486
557.25,-7.9282,4.4668,0.1256
557.50,-7.4531,4.4431,0.1913
557.75,-6.9411,4.3596,-0.4071
558.00,-6.3073,4.9748,-1.1005
558.25,-6.0611,5.4625,-1.0226
558.50,-6.3432,5.7484,-0.9262
558.75,-5.8958,5.2474,-1.2220
559.00,-6.3569,4.9362,-1.7311
559.25,-6.1848,4.2074,-1.6052
559.50,-5.3261,3.1675,-1.4614
559.75,-4.7542,2.7379,-1.5812
560.00,-5.2859,2.9335,-1.8191
560.25,-4.7260,2.7371,-1.8055
560.50,-4.1904,3.0512,-2.1722
560.75,-4.3401,3.4878,-1.8796
561.00,-4.0680,3.4009,-1.6008
561.25,-3.9221,3.3224,-1.5430
561.50,-3.3687,3.8927,-2.1463
561.75,-3.1776,4.5656,-2.4697
562.00,-3.2134,4.8477,-2.1995
562.25,-3.5738,4.7881,-1.9240
562.50,-2.8457,4.9363,-0.9526
562.75,-1.8862,4.7189,-0.5260
563.00,-0.9819,4.0825,-0.1189
563.25,-1.4991,4.4091,-0.6436
563.50,-2.9609,5.2230,-0.7402
563.75,-2.6030,5.6048,-1.1714
564.00,-1.8254,5.0618,-2.0643
564.25,-1.4825,3.9665,-2.4498
564.50,-2.3589,3.1969,-2.7965
564.75,-3.3356,2.9311,-2.6311
565.00,-3.1860,3.1943,-2.1796
565.25,-1.4097,2.3753,-2.4540
565.50,-0.6303,2.5023,-2.0414
565.75,-1.3334,2.1225,-1.9242
566.00,-0.7219,1.7441,-2.0985
566.25,-1.6365,1.8553,-2.7573
566.50,-1.6203,1.2359,-3.0154
566.75,-0.6477,1.7476,-3.0575
567.00,-0.2969,1.9352,-3.1883
567.25,0.1851,2.3339,-3.3058
567.50,-0.9904,1.3301,-3.6189
567.75,-0.8523,1.3297,-4.2991
568.00,-0.0198,1.6146,-4.0361
568.25,0.1035,2.5379,-3.6506
568.50,-0.2879,2.4405,-3.4476
568.75,0.1637,2.2626,-3.5865
569.00,0.6382,2.7204,-3.6490
569.25,0.1078,2.9988,-3.5360
569.50,-0.2830,2.2747,-3.4067
569.75,-0.2988,1.7112,-3.2746
570.00,-0.7776,1.5200,-3.4620
570.25,-1.0365,1.5689,-3.7499
570.50,-0.4420,1.7227,-4.0993
570.75,0.4287,2.7750,-3.7552
571.00,0.5160,2.9856,-3.1575
571.25,-0.0288,3.2862,-3.3776
571.50,-0.3329,3.4554,-3.3390
571.75,-0.9528,2.7687,-3.3782
572.00,-0.8903,3.2142,-3.6723
572.25,-0.4628,3.7381,-3.6867
572.50,-0.3964,3.7288,-3.5768
572.75,-0.5834,3.1902,-3.1721
573.00,-0.4357,2.7017,-2.8489
573.25,-0.6208,2.1116,-3.0434
573.50,-0.9212,1.8925,-3.3606
573.75,-0.8634,1.5235,-3.9427
574.00,-0.6690,1.3196,-4.4497
574.25,-1.8311,0.8443,-4.2647
574.50,-2.6047,1.1389,-4.2318
574.75,-2.9777,1.0596,-4.4421
575.00,-2.8121,0.9251,-4.1995
575.25,-2.4802,1.5862,-4.1756
575.50,-2.2555,2.2553,-3.2561
575.75,-2.3919,2.4013,-2.5921
576.00,-2.6483,2.0134,-2.9749
576.25,-3.2340,2.3325,-3.6547
576.50,-3.6000,2.1771,-4.1995
576.75,-3.5290,1.3120,-4.2532
577.00,-2.3760,1.5568,-3.7092
577.25,-1.9696,0.9171,-3.2489
577.50,-1.6297,0.1365,-2.9427
577.75,-1.7071,0.0452,-2.6524
578.00,-1.1451,-0.4976,-2.2928
578.25,-0.3497,-0.5319,-2.0082
578.50,-0.9025,0.1399,-1.6140
578.75,-0.8584,0.9311,-0.9735
579.00,-0.3648,1.2923,-1.0578
579.25,-0.9442,1.5128,-1.0651
579.50,-1.9687,3.0446,-1.3457
579.75,-2.4397,2.2319,-1.4691
580.00,-2.5312,1.7978,-1.4380
580.25,-3.7033,2.0657,-1.4961
580.50,-3.5463,2.7665,-1.8002
580.75,-3.2453,2.1715,-2.0662
581.00,-3.1543,2.2799,-2.0106
581.25,-2.9277,2.3807,-2.3883
581.50,-3.0722,2.9044,-2.5137
581.75,-3.1898,3.1936,-2.3972
582.00,-3.0057,3.1823,-2.0883
582.25,-2.8677,2.8107,-1.6481
582.50,-2.8197,2.3481,-1.9916
582.75,-2.1681,2.9261,-2.0641
583.00,-2.0131,3.8661,-2.1071
583.25,-2.3440,4.2607,-2.8637
583.50,-2.5589,4.1274,-3.5526
583.75,-3.2194,4.0367,-3.6037
584.00,-5.1898,4.3889,-3.9001
584.25,-6.0248,3.9342,-4.2218
584.50,-4.7960,3.6893,-4.1628
584.75,-4.1526,4.1017,-4.0001
585.00,-3.5814,4.6181,-4.3711
585.25,-3.7873,4.9580,-4.3893
585.50,-4.1225,4.1290,-4.3836
585.75,-4.0894,3.5062,-4.5635
586.00,-4.4502,3.4315,-4.4049
586.25,-4.8043,3.0748,-4.2943
586.50,-4.4470,2.8505,-4.0037
586.75,-4.6592,2.5530,-4.6035
587.00,-5.0160,3.0342,-4.5083
587.25,-4.9493,3.3912,-4.4011
587.50,-4.9686,3.5495,-4.5279
587.75,-4.6202,3.1405,-3.9672
588.00,-5.1439,3.6433,-3.7449
588.25,-4.9828,3.4267,-3.2158
588.50,-5.0231,4.0104,-3.3379
588.75,-4.4848,4.0892,-3.5259
589.00,-5.9760,4.0439,-3.3670
589.25,-5.5128,3.6022,-2.9003
589.50,-4.8729,2.8682,-2.5759
589.75,-4.5198,1.9995,-2.7299
590.00,-4.8405,1.9903,-2.9398
590.25,-4.5779,1.8897,-2.7442
590.50,-5.0018,1.2409,-2.5940
590.75,-4.3587,1.7325,-3.3130
591.00,-3.8941,1.8700,-3.0865
591.25,-3.7146,1.8713,-2.0801
591.50,-4.5255,0.7137,-2.7485
591.75,-4.2941,0.2518,-2.9340
592.00,-2.8788,0.8567,-3.8701
592.25,-2.2695,1.7628,-4.0182
592.50,-1.7532,2.2483,-3.8720
592.75,-2.7972,2.3369,-3.4779
593.00,-2.5034,2.4290,-3.0087
593.25,-2.3971,1.8379,-3.4880
593.50,-3.1929,1.3683,-3.5379
593.75,-2.1926,1.2837,-3.8788
594.00,-0.9910,1.2752,-3.9027
594.25,-0.6421,1.5265,-3.6872
594.50,-1.0160,2.0172,-3.8595
594.75,-1.5993,2.3864,-3.9627
595.00,-2.0030,1.2309,-3.7977
595.25,-2.2438,0.8549,-4.0895
595.50,-2.3412,0.1899,-4.4347
595.75,-1.9476,-0.0164,-4.8960
596.00,-1.2207,0.1759,-4.4569
596.25,-0.6886,0.8562,-3.9859
596.50,0.1201,1.0635,-3.4529
596.75,0.5137,0.8799,-3.6246
597.00,1.0197,1.1160,-4.0369
597.25,0.9133,0.2007,-3.9427
597.50,0.4690,-0.1615,-3.8164
597.75,0.5115,-0.1577,-3.1711
598.00,0.6519,-0.0844,-2.9450
598.25,-0.0345,-0.7233,-3.1786
598.50,0.1544,-1.0723,-3.1750
598.75,0.4882,-0.7100,-3.3570
599.00,-0.0242,-0.3422,-3.4762
599.25,-0.1446,-0.2396,-3.8722
599.50,-1.4622,-0.3424,-4.6764
599.75,-2.0822,-0.2093,-5.1376
600.00,-2.4484,-0.3356,-5.0707
600.25,-2.8477,-0.4590,-5.2477
600.50,-2.8896,-0.0590,-5.7620
600.75,-2.9817,-0.2680,-6.0829
601.00,-2.9187,-0.7477,-5.6000
601.25,-2.8235,-0.6833,-6.0500
601.50,-2.9946,-0.5583,-5.8130
601.75,-3.7270,-0.0028,-5.6827
602.00,-3.4504,-0.2476,-5.1839
602.25,-2.8515,-0.5591,-4.6358
602.50,-2.1941,-0.4341,-4.2564
602.75,-2.6156,0.3975,-3.6208
603.00,-2.1843,0.8362,-3.8183
603.25,-2.3762,0.5239,-4.3310
603.50,-1.7642,0.1353,-4.6570
603.75,-1.3698,-0.4071,-4.7358
604.00,-1.8682,0.3307,-4.8127
604.25,-1.9144,0.3188,-4.2686
604.50,-1.7362,0.4724,-4.2866
604.75,-2.0711,0.1498,-4.8626
605.00,-2.4803,-0.6086,-4.8549
605.25,-2.4701,-0.7915,-4.6808
605.50,-2.0436,-0.4624,-4.8982
605.75,-3.0754,0.2322,-4.9051
606.00,-3.0934,0.9739,-4.3700
606.25,-3.1775,1.1631,-4.2065
606.50,-2.8475,0.4383,-3.8693
606.75,-2.8305,-0.3187,-3.5946
607.00,-3.4754,-0.1044,-3.8157
607.25,-3.6253,0.4799,-3.8719
607.50,-2.8440,0.6466,-3.6338
607.75,-2.2159,0.8542,-4.1730
608.00,-1.8897,0.5434,-4.7148
608.25,-0.7620,0.4643,-5.3002
608.50,0.0867,0.7706,-6.0495
608.75,0.6764,0.5489,-6.2415
609.00,0.6064,0.2236,-5.9696
609.25,0.0751,0.5200,-5.1733
609.50,0.0628,1.6956,-4.6289
609.75,-0.2105,2.1294,-4.1388
610.00,-0.3458,2.3107,-4.1960
610.25,-0.1095,2.9446,-4.1395
610.50,-1.2481,2.9679,-4.6369
610.75,-2.7520,3.3143,-4.4065
611.00,-4.2649,3.5164,-4.3859
611.25,-4.4149,3.8564,-4.5186
611.50,-3.4813,4.2678,-4.4145
611.75,-3.2602,3.8471,-3.7256
612.00,-2.7116,3.8260,-3.4516
612.25,-3.0249,3.3375,-3.5564
612.50,-3.4469,3.5894,-3.3269
612.75,-3.0112,4.0794,-3.3178
613.00,-2.5709,3.9419,-3.6106
613.25,-1.9949,3.4405,-3.3567
613.50,-2.3234,2.3534,-2.7931
613.75,-2.1761,1.5053,-2.3480
614.00,-2.9579,1.5733,-2.3985
614.25,-2.9577,1.4594,-2.9004
614.50,-2.8672,1.4351,-3.0132
614.75,-4.0310,1.4299,-2.5843
615.00,-4.1802,1.6557,-2.6343
615.25,-4.9552,1.7301,-3.0841
615.50,-5.2648,1.8461,-3.3718
615.75,-4.6990,1.1903,-3.3013
616.00,-4.2205,0.6978,-3.5233
616.25,-3.7716,0.9608,-3.6842
616.50,-3.4020,1.5708,-3.4800
616.75,-3.3828,2.0761,-3.6065
617.00,-3.1976,2.0657,-3.4694
617.25,-3.4654,2.2242,-3.1094
617.50,-3.5856,1.8484,-2.6970
617.75,-3.7594,1.7185,-3.1391
618.00,-3.6346,1.2827,-3.5122
618.25,-2.4950,0.7896,-3.4599
618.50,-2.0072,1.7123,-3.9004
618.75,-2.3332,1.9700,-4.1404
619.00,-2.9294,2.0775,-4.1956
619.25,-3.2702,2.1776,-3.5773
619.50,-4.3718,1.9766,-3.6371
619.75,-5.6319,1.9067,-3.7238
620.00,-6.1916,0.8542,-3.9164
620.25,-5.3790,0.1580,-3.7563
620.50,-5.2596,0.1016,-4.1597
620.75,-4.7155,0.1648,-4.3066
621.00,-4.0747,0.8558,-4.3359
621.25,-3.4280,1.0220,-3.9542
621.50,-3.5811,0.8349,-3.9814
621.75,-4.1187,0.4423,-4.4860
622.00,-4.2385,0.2501,-4.0154
622.25,-3.4044,0.3578,-3.6707
622.50,-3.8388,1.3799,-3.7038
622.75,-3.9446,1.7352,-3.9033
623.00,-3.3805,0.5193,-3.7952
623.25,-3.4362,-0.8213,-3.8292
623.50,-4.7723,-0.7177,-3.3495
623.75,-5.6687,-0.2732,-2.8732
624.00,-6.3331,0.4346,-2.7301
624.25,-7.0985,0.2037,-2.3633
624.50,-6.2515,0.5728,-2.0518
624.75,-4.6250,1.2467,-2.4464
625.00,-3.0567,1.4384,-2.7804
625.25,-3.0057,1.7861,-2.9103
625.50,-4.0616,1.6084,-2.5969
625.75,-3.8116,1.2166,-2.9488
626.00,-4.6810,1.3428,-3.1355
626.25,-5.1810,0.9383,-3.2867
626.50,-5.0350,1.4020,-3.6558
626.75,-5.0146,1.3775,-3.6204
627.00,-4.4659,1.3813,-3.3480
627.25,-4.5115,1.1950,-4.0272
627.50,-5.0090,1.1555,-3.8400
627.75,-6.2730,1.6621,-3.5905
628.00,-5.8956,2.5550,-4.0050
628.25,-6.0688,2.7665,-4.1545
628.50,-5.7542,2.6804,-3.4899
628.75,-5.1227,2.9638,-3.3199
629.00,-5.0438,3.2131,-3.1998
629.25,-5.8041,2.4273,-2.2702
629.50,-6.0399,2.0387,-1.6579
629.75,-5.5442,1.4925,-1.9369
630.00,-5.8047,1.6143,-2.4580
630.25,-5.8593,1.6356,-2.7918
630.50,-6.1006,1.5719,-2.6344
630.75,-6.6931,2.1925,-2.3545
631.00,-7.2187,2.2761,-2.3660
631.25,-7.1556,2.1456,-2.3847
631.50,-7.0359,2.0578,-1.8734
631.75,-7.1843,1.4375,-1.2331
632.00,-6.5393,0.3314,-1.5834
632.25,-6.5966,0.2619,-1.8490
632.50,-5.7923,0.4675,-2.5435
632.75,-6.6117,1.0852,-2.5847
633.00,-6.8215,1.2651,-2.2575
633.25,-6.1004,0.7062,-2.1627
633.50,-6.1057,0.8373,-2.1988
633.75,-6.3411,1.2482,-2.4887
634.00,-7.2389,0.5237,-2.6023
634.25,-6.8667,0.2167,-2.6281
634.50,-5.5332,0.8522,-2.1458
634.75,-4.2549,0.9663,-1.9196
635.00,-3.7502,1.2460,-1.8622
635.25,-4.2466,1.8665,-1.7850
635.50,-4.5504,1.5839,-1.5836
635.75,-4.8953,0.7011,-1.5577
636.00,-5.0614,0.2628,-2.2609
636.25,-4.6544,0.0587,-2.1101
636.50,-4.0821,1.4195,-1.5701
636.75,-4.2120,1.3632,-1.6507
637.00,-4.6878,1.6030,-1.5617
637.25,-6.1763,1.5823,-1.5870
637.50,-6.8771,2.0598,-2.1576
637.75,-6.8630,1.8120,-1.8238
638.00,-6.2030,1.0936,-1.4481
638.25,-6.0709,1.1304,-1.4140
638.50,-7.0253,0.6069,-1.7890
638.75,-6.9786,0.7826,-1.7399
639.00,-6.4796,0.5864,-1.5169
639.25,-6.8457,0.1019,-1.2837
639.50,-7.0880,0.4803,-1.5657
639.75,-6.9504,0.6859,-1.7128
640.00,-6.9250,2.0889,-1.9918
640.25,-7.3567,2.5831,-2.2614
640.50,-7.7427,2.5119,-2.5161
640.75,-6.5451,2.4053,-2.4792
641.00,-5.9166,2.1027,-2.5675
641.25,-5.3617,2.2733,-2.5033
641.50,-4.9420,1.9727,-2.9722
641.75,-4.0681,1.7702,-3.2696
642.00,-3.7520,2.0626,-2.0041
642.25,-4.1320,2.2750,-1.7626
642.50,-3.6538,2.3500,-2.1188
642.75,-3.5725,2.5374,-2.3496
643.00,-3.2420,2.9182,-1.9921
643.25,-3.7550,2.2978,-2.4506
643.50,-4.5138,1.6127,-2.6987
643.75,-4.6649,1.8802,-2.6464
644.00,-4.0621,1.9034,-2.5541
644.25,-4.0105,1.1783,-2.3067
644.50,-5.4902,0.6946,-2.4946
644.75,-5.8664,0.2638,-2.8508
645.00,-5.2581,1.2655,-3.2517
645.25,-5.2625,2.0551,-3.1942
645.50,-5.2500,1.7630,-3.5955
645.75,-5.6818,1.5959,-3.7833
646.00,-6.3038,1.2544,-2.9082
646.25,-5.6445,1.0615,-2.4267
646.50,-4.2458,0.4653,-2.7986
646.75,-3.6705,0.3095,-2.7645
647.00,-4.6489,0.2031,-2.5383
647.25,-4.9741,-0.2301,-2.7834
647.50,-5.4990,-0.0105,-2.9905
647.75,-5.0857,0.2973,-2.5035
648.00,-4.3162,1.3291,-2.5192
648.25,-4.2011,1.9927,-2.8601
648.50,-3.2305,2.1535,-2.9454
648.75,-2.3904,2.1856,-2.6860
649.00,-2.9213,1.4866,-2.6995
649.25,-3.3963,1.9171,-2.4137
649.50,-3.9056,2.6801,-1.8205
649.75,-2.8495,2.9480,-1.7106
650.00,-2.7650,2.6662,-2.1433
650.25,-2.6505,2.1024,-2.4553
650.50,-2.9463,1.4549,-2.1990
650.75,-2.3857,0.9797,-1.8376
651.00,-0.9260,0.8101,-1.5875
651.25,-0.4625,1.3948,-1.6153
651.50,-0.4902,1.4117,-1.5756
651.75,-0.4915,1.1752,-1.5168
652.00,0.1271,0.6823,-1.4713
652.25,-0.5612,0.1294,-1.6112
652.50,-1.5445,0.0794,-1.0967
652.75,-2.5044,0.6361,-1.4117
653.00,-2.0991,0.6662,-1.5217
653.25,-2.2239,0.5805,-1.8488
653.50,-2.8395,0.4940,-1.6275
653.75,-3.1298,0.8293,-1.5101
654.00,-3.4015,1.4556,-1.7554
654.25,-3.4927,1.1512,-1.7385
654.50,-3.6511,1.2319,-1.4299
654.75,-4.0035,1.2478,-1.5692
655.00,-3.6470,1.3010,-1.7767
655.25,-3.3469,1.1238,-1.1499
655.50,-3.7377,1.4365,-0.9605
655.75,-3.5984,2.0569,-1.3834
656.00,-2.6735,2.0253,-1.0395
656.25,-2.2253,1.4642,-1.1214
656.50,-2.1232,0.6266,-1.5176
656.75,-1.4013,0.7930,-2.2836
657.00,-1.6731,1.1875,-2.3280
657.25,-1.4261,1.1010,-2.4694
657.50,-0.2267,1.0165,-2.0079
657.75,-0.5450,1.5365,-1.6691
658.00,-0.5905,1.6396,-1.7049
658.25,-0.9068,2.0582,-1.9343
658.50,-0.8427,3.2763,-2.2123
658.75,-0.9885,3.0951,-2.9285
659.00,-0.8454,2.3508,-2.8844
659.25,-1.0804,1.7145,-2.7392
659.50,-1.3671,1.5513,-2.0240
659.75,-2.3549,1.3146,-1.1189
660.00,-3.0275,1.3790,-1.7987
660.25,-3.3104,0.7270,-1.8419
660.50,-3.6066,0.9086,-1.4803
660.75,-2.5508,0.9977,-1.8127
661.00,-2.5528,1.3957,-2.3560
661.25,-2.9667,1.9535,-2.9914
661.50,-2.2771,1.6370,-3.4113
661.75,-1.4336,2.1255,-3.5045
662.00,-1.7772,1.9464,-3.3718
662.25,-2.4306,2.0680,-3.3212
662.50,-2.5383,1.8632,-3.0366
662.75,-1.8537,1.2180,-2.5193
663.00,-1.1386,1.0676,-2.1730
663.25,-1.3552,0.3838,-1.8219
663.50,-2.4489,0.8962,-2.2560
663.75,-2.5643,1.2125,-2.7893
664.00,-2.5800,0.9837,-2.4152
664.25,-2.8347,1.7326,-1.9397
664.50,-3.1932,2.6370,-1.9801
664.75,-3.2192,2.3342,-2.4466
665.00,-2.5874,1.8540,-2.5047
665.25,-1.9043,2.0372,-2.4027
665.50,-1.9434,1.7183,-2.7535
665.75,-2.2341,1.9712,-3.4181
666.00,-1.8487,2.6725,-3.7689
666.25,-1.8981,2.8616,-3.7430
666.50,-2.3075,2.7396,-3.4827
666.75,-1.6767,2.1251,-3.9232
667.00,-0.8508,2.0025,-3.5333
667.25,-1.3701,2.7855,-3.1918
667.50,-1.9773,3.4053,-3.4302
667.75,-1.9593,3.2034,-3.9763
668.00,-1.4788,2.6866,-4.4524
668.25,-2.6873,2.6765,-4.3469
668.50,-3.5647,2.5905,-3.8315
668.75,-2.7767,2.6463,-3.8390
669.00,-2.1524,2.9232,-4.1140
669.25,-2.3058,3.5900,-3.7709
669.50,-2.0119,3.6360,-3.1064
669.75,-2.2522,3.4442,-2.9715
670.00,-1.4880,3.4027,-2.9929
670.25,-1.4560,2.9511,-2.8710
670.50,-1.5859,2.7326,-2.7624
670.75,-1.6968,3.2447,-3.0967
671.00,-1.8495,3.4270,-3.2291
671.25,-0.9782,3.2606,-2.8096
671.50,-0.7147,3.6986,-2.7567
671.75,-2.2585,3.3519,-3.2030
672.00,-4.5068,2.7704,-2.7815
672.25,-4.8886,3.0058,-3.1569
672.50,-4.1566,3.4138,-4.1120
672.75,-3.1449,3.1048,-3.8906
673.00,-2.3005,2.5706,-3.4818
673.25,-3.2579,2.9339,-3.2899
673.50,-3.3330,3.7712,-3.0686
673.75,-3.0766,4.1006,-2.9072
674.00,-2.5200,4.1432,-3.3850
674.25,-2.8105,4.1553,-3.3669
674.50,-2.2315,4.3753,-4.0369
674.75,-2.0126,4.5776,-3.7051
675.00,-2.6589,4.1079,-3.0808
675.25,-1.5329,4.0005,-3.0804
675.50,-1.8781,4.1188,-3.6355
675.75,-3.5566,3.7515,-3.5134
676.00,-3.4485,3.1467,-3.8059
676.25,-3.4226,3.5759,-4.0408
676.50,-3.8487,3.6367,-4.2651
676.75,-3.9808,3.8022,-4.1980
677.00,-4.3892,4.4308,-3.9160
677.25,-3.2954,4.8403,-3.7326
677.50,-2.0652,4.7875,-3.5370
677.75,-3.0523,3.1255,-4.2670
678.00,-2.9309,1.2657,-4.7463
678.25,-3.1298,-0.0816,-4.8489
678.50,-3.7860,0.0974,-5.0014
678.75,-4.0106,1.0361,-5.2292
679.00,-3.6466,1.4862,-5.2010
679.25,-4.1813,1.7795,-4.4636
679.50,-4.4097,2.0918,-3.9478
679.75,-3.7514,2.4921,-4.0482
680.00,-3.4097,2.6483,-3.7749
680.25,-3.4740,1.9511,-3.7494
680.50,-3.7757,2.4705,-3.8498
680.75,-2.7906,2.6512,-3.7004
681.00,-2.9909,2.1992,-3.9854
681.25,-4.2516,2.1404,-4.2632
681.50,-4.8371,2.4298,-4.6897
681.75,-4.1992,2.4554,-4.8482
682.00,-4.4945,2.4714,-4.3556
682.25,-4.6275,2.3533,-4.2657
682.50,-4.0954,2.3006,-4.6285
682.75,-3.9787,2.6182,-4.2904
683.00,-3.4460,2.9481,-3.5817
683.25,-3.5058,3.0385,-3.3674
683.50,-3.2812,3.4616,-3.0145
683.75,-2.7498,2.3782,-3.3182
684.00,-2.5949,2.8501,-3.4529
684.25,-2.5583,3.0870,-4.2931
684.50,-2.5458,2.4726,-4.6034
684.75,-3.5292,2.8678,-4.1398
685.00,-4.0972,3.2760,-4.0994
685.25,-3.7280,3.5448,-3.5852
685.50,-2.8754,3.0635,-3.7584
685.75,-2.6815,3.4294,-3.8661
686.00,-2.8281,3.4363,-4.3269
686.25,-3.2327,2.9650,-4.5454
686.50,-3.5090,2.6259,-4.1394
686.75,-4.0210,2.4260,-4.3184
687.00,-4.3349,2.3974,-3.9677
687.25,-4.0062,2.6386,-4.0224
687.50,-3.6207,2.1889,-3.7376
687.75,-3.3606,1.8011,-3.6236
688.00,-2.6476,1.5320,-3.6493
688.25,-1.5644,2.5522,-3.0851
688.50,-1.1804,2.3562,-2.4500
688.75,-0.7256,1.7925,-2.3932
689.00,-0.5936,2.1478,-2.0271
689.25,-0.6927,1.7935,-2.2020
689.50,-0.4308,1.3156,-2.5707
689.75,-0.6527,1.2784,-2.3973
690.00,-0.1616,1.3176,-2.2975
690.25,-1.0865,0.3213,-2.8934
690.50,-2.0038,-0.0514,-3.1772
690.75,-2.1089,0.4699,-3.3470
691.00,-1.6681,0.2763,-2.6377
691.25,-0.9816,0.3061,-2.4111
691.50,-0.0708,0.1010,-2.3866
691.75,0.1538,-0.1490,-2.1302
692.00,-0.1117,-0.1660,-2.7888
692.25,-0.0600,0.2930,-2.8822
692.50,-0.2851,0.4193,-2.6940
692.75,-1.3964,0.7472,-2.5497
693.00,-1.3959,1.4839,-2.7166
693.25,-1.7193,1.9011,-2.9039
693.50,-0.9132,2.2078,-3.2952
693.75,0.1101,1.6159,-3.5427
694.00,-1.1492,0.9239,-3.5068
694.25,-1.0462,1.0919,-3.2365
694.50,-0.5817,1.1334,-3.3239
694.75,-1.1057,0.8551,-3.7320
695.00,-0.5979,1.0391,-3.9642
695.25,-0.7746,0.8070,-3.8963
695.50,-0.6863,0.8083,-4.1500
695.75,-1.0571,0.6430,-4.6442
696.00,-1.7405,1.0263,-4.7104
696.25,-2.4031,0.6714,-5.0527
696.50,-3.7794,0.0073,-4.8847
696.75,-4.5091,0.3358,-4.5388
697.00,-4.7552,0.6819,-4.5880
697.25,-5.7405,0.7306,-4.9385
697.50,-7.0132,-0.2259,-5.0843
697.75,-7.4182,-0.3243,-5.2166
698.00,-7.8804,-0.4082,-5.1626
698.25,-7.0900,-0.1042,-4.7885
698.50,-7.2057,0.3811,-4.5783
698.75,-7.1142,1.0577,-4.7362
699.00,-6.8316,1.5539,-4.0676
699.25,-7.2511,1.2664,-3.9830
699.50,-8.0960,1.0118,-3.7567
699.75,-8.6122,0.9459,-3.7559
700.00,-9.3717,0.4543,-3.4869
700.25,-9.6152,0.1168,-3.5099
700.50,-8.7183,-0.4370,-3.6643
700.75,-8.1888,-0.6686,-3.6375
701.00,-7.7687,-1.0578,-3.2449
701.25,-7.3643,-0.5846,-3.0417
701.50,-7.4528,-0.0563,-3.2040
701.75,-7.8074,0.8615,-3.1328
702.00,-7.6937,1.7962,-2.9522
702.25,-8.2571,1.7373,-3.6737
702.50,-9.2682,1.2532,-4.2108
702.75,-9.0995,0.5665,-3.8373
703.00,-7.3472,0.2694,-3.4538
703.25,-5.7862,0.2350,-3.6643
703.50,-5.4197,0.6254,-3.3513
703.75,-6.2875,0.9144,-3.4941
704.00,-6.3660,1.1331,-3.8902
704.25,-6.9404,0.8968,-4.3990
704.50,-7.6168,0.9660,-4.6134
704.75,-7.3720,1.1437,-4.3858
705.00,-7.8616,0.8648,-4.1065
705.25,-7.8162,1.0768,-4.3840
705.50,-6.8667,0.7749,-4.1758
705.75,-6.7547,0.0511,-4.0284
706.00,-6.2602,-0.3651,-3.9125
706.25,-6.5304,-0.2730,-4.1060
706.50,-6.5819,0.0547,-4.1154
706.75,-6.0550,0.7638,-3.7763
707.00,-6.5675,0.7938,-3.1079
707.25,-7.3154,0.7399,-2.3965
707.50,-7.0914,-0.0616,-2.7765
707.75,-6.6207,-0.2435,-2.7100
708.00,-6.7911,0.2816,-2.4256
708.25,-6.8923,0.6602,-2.5448
708.50,-7.1455,0.1559,-2.3650
708.75,-6.6981,-0.0022,-1.6276
709.00,-6.6759,0.6920,-1.3902
709.25,-6.8634,1.6294,-1.2694
709.50,-7.6017,2.0497,-1.4143
709.75,-7.3187,1.9197,-1.5319
710.00,-6.5768,1.8763,-1.4199
710.25,-7.5291,1.5466,-1.4261
710.50,-7.2632,1.6721,-1.4914
710.75,-7.1932,2.1450,-1.8560
711.00,-8.3721,2.3704,-1.9825
711.25,-9.1044,2.6443,-1.9987
711.50,-9.2882,2.2562,-2.1694
711.75,-9.1779,2.1134,-2.3402
712.00,-8.3159,1.8930,-2.1752
712.25,-7.3460,2.6257,-3.0497
712.50,-7.0731,2.8486,-3.8196
712.75,-6.0233,2.7305,-4.0548
713.00,-6.1937,2.3956,-3.7943
713.25,-7.5798,1.9758,-4.0724
713.50,-7.6196,1.6757,-4.2097
713.75,-7.6342,1.4330,-4.1683
714.00,-7.8864,1.0577,-4.2695
714.25,-7.7897,1.4136,-4.2534
714.50,-6.4559,2.1821,-4.4489
714.75,-6.0011,2.4658,-4.5550
715.00,-5.5329,2.2869,-4.4631
715.25,-5.3708,2.5709,-4.0690
715.50,-5.3233,2.5710,-3.9324
715.75,-6.2679,2.0784,-3.8267
716.00,-6.0349,1.1142,-3.6256
716.25,-5.5542,0.1995,-3.4511
716.50,-6.4068,0.0605,-3.7184
716.75,-6.8758,0.7132,-4.0709
717.00,-6.5664,1.3008,-4.0955
717.25,-6.8633,1.3889,-3.3613
717.50,-6.6800,1.7006,-3.6727
717.75,-6.3665,1.2814,-3.9681
718.00,-7.0586,0.8523,-4.0382
718.25,-7.5386,1.5943,-3.6123
718.50,-7.0314,1.5566,-3.5022
718.75,-6.4973,2.1109,-3.5281
719.00,-6.5863,2.6375,-3.2874
719.25,-5.6158,2.6607,-3.3334
719.50,-5.6910,2.6226,-3.2810
719.75,-5.3547,2.7916,-3.3290
720.00,-5.6601,3.2931,-3.2038
720.25,-5.5384,4.0344,-2.8618
720.50,-5.5312,3.2471,-3.1238
720.75,-4.6706,2.8820,-3.7001
721.00,-3.9164,3.0972,-3.5592
721.25,-3.4281,3.3758,-3.5477
721.50,-3.7310,3.2626,-3.4614
721.75,-4.1776,3.1440,-3.2872
722.00,-3.9850,3.5105,-2.8599
722.25,-5.0035,3.5629,-2.5753
722.50,-5.1245,3.9501,-2.2879
722.75,-5.1683,3.3553,-2.5885
723.00,-5.5886,3.3402,-2.7074
723.25,-6.2803,3.0588,-2.1386
723.50,-6.2609,3.0306,-1.9528
723.75,-5.1447,2.9736,-1.9853
724.00,-5.4290,3.7338,-2.1533
724.25,-5.6628,3.9587,-2.8872
724.50,-6.1428,4.1259,-3.1142
724.75,-6.6251,4.5125,-3.5121
725.00,-5.0069,4.3949,-3.5022
725.25,-4.1293,4.1347,-2.9068
725.50,-3.6468,4.1115,-3.2184
725.75,-4.0531,3.4271,-3.0170
726.00,-5.3742,3.1805,-3.1669
726.25,-6.0928,3.8372,-3.6011
726.50,-6.4510,3.8791,-3.9806
726.75,-6.5612,4.0137,-4.2999
727.00,-7.2288,3.5256,-4.2496
727.25,-7.4408,2.7697,-4.4106
727.50,-6.7796,2.5479,-4.5499
727.75,-5.9715,3.6058,-4.5330
728.00,-5.5141,4.0761,-3.7967
728.25,-4.8183,3.9906,-3.4561
728.50,-4.1434,3.8961,-3.1106
728.75,-4.3849,3.1064,-2.3479
729.00,-4.8663,3.1112,-1.9109
729.25,-4.9085,2.8691,-2.1796
729.50,-4.4797,2.8658,-2.5325
729.75,-4.7578,3.0216,-2.7107
730.00,-4.9557,3.2140,-2.6201
730.25,-4.7225,2.9141,-2.8019
730.50,-4.5839,2.4905,-3.0408
730.75,-4.6492,2.6037,-3.2369
731.00,-5.3345,2.6050,-2.7957
731.25,-4.8447,2.1167,-2.7474
731.50,-4.3726,2.8212,-3.1111
731.75,-2.8688,3.3764,-2.9844
732.00,-2.3824,4.0900,-2.7619
732.25,-3.4416,4.1053,-2.8718
732.50,-4.1361,4.2605,-2.7678
732.75,-4.9231,4.1047,-2.6132
733.00,-4.3556,3.3404,-2.3128
733.25,-4.7225,2.6058,-1.8423
733.50,-5.3959,2.7894,-1.4869
733.75,-5.2123,3.2826,-1.5883
734.00,-4.9025,3.9057,-1.6248
734.25,-4.9630,4.9561,-1.6051
734.50,-4.5706,6.3166,-2.0370
734.75,-4.3755,7.0636,-2.1834
735.00,-4.6860,6.4226,-1.9230
735.25,-4.9250,6.3187,-1.9617
735.50,-4.9909,5.8211,-2.7939
735.75,-4.3494,5.5098,-2.6320
736.00,-3.9766,6.4978,-1.8464
736.25,-4.1225,6.3093,-1.6389
736.50,-3.5910,5.5526,-1.6088
736.75,-4.4869,4.8143,-2.5510
737.00,-4.7864,3.9778,-2.7020
737.25,-4.8857,76.6368,-2.5544
737.50,-5.0205,4.8392,-2.1531
737.75,-5.6384,5.6370,-1.8668
738.00,-6.2721,6.0876,-1.8454
738.25,-4.8450,6.1854,-1.5860
738.50,-3.5536,5.4904,-1.4356
738.75,-4.2979,5.8235,-1.4308
739.00,-5.5228,5.5839,-1.5343
739.25,-5.2284,5.3190,-1.4261
739.50,-3.7774,5.5937,-2.1196
739.75,-2.8106,5.7834,-2.5185
740.00,-3.1930,5.3040,-1.9914
740.25,-2.6464,4.6359,-1.9579
740.50,-2.9247,3.5601,-1.5862
740.75,-3.2400,3.4401,-1.4316
741.00,-3.2369,4.8180,-2.1942
741.25,-2.8475,5.2882,-2.9554
741.50,-3.0190,4.9583,-2.7432
741.75,-3.5977,4.7960,-2.4342
742.00,-4.3907,4.7659,-2.5559
742.25,-4.5808,4.7920,-2.7211
742.50,-4.5926,5.2724,-2.6532
742.75,-4.5147,5.4181,-2.3796
743.00,-4.4336,6.0062,-2.3332
743.25,-3.5887,5.8616,-2.0094
743.50,-3.9062,5.4537,-2.2257
743.75,-3.2309,5.5795,-2.2169
744.00,-3.6902,4.4872,-2.1751
744.25,-4.4490,3.6893,-1.9750
744.50,-5.7714,3.8180,-1.9531
744.75,-5.7330,3.5641,-1.2394
745.00,-4.5488,3.8272,-1.6221
745.25,-4.0754,4.2456,-1.7206
745.50,-3.5013,4.9345,-1.5557
745.75,-2.9991,4.9334,-1.0834
746.00,-3.1554,4.4435,-1.1628
746.25,-2.7965,4.7835,-0.8212
746.50,-2.9322,4.8154,-0.8135
746.75,-2.8782,4.1442,-0.4600
747.00,-3.3367,4.7477,-0.2031
747.25,-3.2914,4.7441,0.1009
747.50,-4.5468,4.8557,-0.2943
747.75,-4.8513,5.4246,-0.3631
748.00,-4.4812,5.6675,-0.0571
748.25,-4.0482,5.6220,0.1937
748.50,-4.5364,4.9656,0.4653
748.75,-4.8401,4.0180,0.1501
749.00,-4.0377,3.7506,-0.5174
749.25,-3.3185,3.7199,-0.8786
749.50,-2.8215,4.0632,-0.8146
749.75,-2.9164,3.7988,-0.3252
750.00,-3.7203,3.0691,0.4267
750.25,-5.0519,2.9506,0.5042
750.50,-5.8361,3.7869,0.1701
750.75,-5.6463,3.5467,-0.2626
751.00,-5.7408,3.3911,-0.0225
751.25,-5.6250,2.9591,0.0760
751.50,-4.0247,2.7860,-0.2393
751.75,-4.9382,3.2621,-0.3827
752.00,-6.6750,3.4713,-0.4848
752.25,-7.1856,3.3247,-0.1407
752.50,-7.4173,4.2397,-0.2904
752.75,-7.0148,4.1248,-0.8885
753.00,-5.8757,3.6666,-1.3545
753.25,-5.6272,3.4766,-1.5828
753.50,-5.2623,2.8937,-1.0480
753.75,-5.4011,3.3691,-0.4003
754.00,-5.6179,3.6992,-0.1975
754.25,-6.2120,4.1266,-0.6361
754.50,-5.4574,4.3178,-0.6562
754.75,-4.4535,3.8498,-1.2244
755.00,-5.0865,3.5279,-1.3906
755.25,-5.2257,3.2274,-1.2679
755.50,-5.4908,2.9342,-0.9861
755.75,-5.3100,3.5224,-0.8375
756.00,-4.9601,3.9138,-0.8058
756.25,-4.9348,3.3174,-1.1996
756.50,-4.9060,2.9528,-1.2954
756.75,-4.8872,3.1881,-1.0660
757.00,-5.4220,3.3171,-0.7938
757.25,-5.7363,3.8003,-0.8270
757.50,-6.1295,4.4078,-0.9230
757.75,-5.7857,4.5793,-0.9412
758.00,-5.1256,4.8973,-0.9876
758.25,-5.4739,4.9215,-0.6245
758.50,-5.1212,5.0067,-0.4319
758.75,-4.7922,4.3269,-1.1601
759.00,-3.8167,3.5526,-1.2604
759.25,-3.8010,3.3393,-0.8537
759.50,-3.5441,3.8697,-0.3849
759.75,-3.8481,4.4989,-0.5420
760.00,-4.9060,4.1547,-1.2930
760.25,-4.4498,4.8290,-1.8681
760.50,-4.2367,4.4833,-1.5013
760.75,-4.4459,4.4283,-1.1277
761.00,-5.2276,4.5957,-0.9593
761.25,-4.7757,4.6609,-0.9236
761.50,-5.0178,5.0691,-1.1748
761.75,-5.1819,4.8171,-1.7008
762.00,-5.6468,4.0627,-1.2604
762.25,-6.7329,3.1434,-0.3998
762.50,-7.1247,2.7831,-0.2914
762.75,-7.8917,3.0854,-0.7796
763.00,-7.9520,3.7952,-0.8391
763.25,-7.2403,4.3116,-1.4074
763.50,-6.5207,5.1238,-1.2984
763.75,-6.2641,5.8699,-0.9601
764.00,-5.6988,5.7083,-0.5378
764.25,-4.8704,5.9686,-0.3531
764.50,-6.1201,6.2055,-0.7919
764.75,-7.0784,5.5026,-0.9790
765.00,-7.2559,5.2804,-1.3041
765.25,-6.9801,5.6971,-1.6159
765.50,-7.2106,6.2420,-1.8481
765.75,-6.8990,6.3145,-1.4866
766.00,-7.0753,5.7237,-1.3436
766.25,-6.8700,5.7166,-1.3638
766.50,-6.7012,5.8858,-1.5022
766.75,-5.7902,5.5985,-1.5798
767.00,-7.0840,5.0865,-2.1106
767.25,-8.1193,5.1123,-1.5441
767.50,-7.4456,4.9385,-1.4267
767.75,-6.4904,5.4446,-1.3141
768.00,-5.0440,5.7206,-1.1025
768.25,-4.0789,5.8756,-1.5798
768.50,-3.6551,5.0052,-1.2879
768.75,-4.4184,4.0597,-0.6704
769.00,-5.3170,4.0872,-0.2503
769.25,-5.3591,4.7398,-0.0628
769.50,-4.7281,4.6694,-0.8841
769.75,-4.8082,4.5059,-0.9943
770.00,-4.9921,5.0755,-1.2350
770.25,-5.0378,5.6287,-1.4489
770.50,-4.4499,6.2231,-1.9195
770.75,-4.5518,6.9134,-2.2939
771.00,-3.9482,7.0469,-2.3915
771.25,-4.6864,6.6280,-2.4338
771.50,-5.0172,6.9602,-2.4210
771.75,-4.7972,6.5634,-2.4353
772.00,-3.3543,6.5173,-2.5018
772.25,-3.7435,5.9928,-2.5086
772.50,-3.3308,5.8209,-2.5034
772.75,-2.9304,6.0420,-2.3834
773.00,-2.8821,6.3478,-2.3649
773.25,-2.4497,6.2398,-1.6607
773.50,-2.7576,5.6582,-0.9862
773.75,-3.2378,5.3737,-1.0539
774.00,-3.7730,5.1769,-1.4957
774.25,-3.8845,5.0782,-2.2896
774.50,-3.3734,5.0179,-1.7556
774.75,-3.6020,5.0924,-1.8748
775.00,-3.9850,4.9161,-1.9887
775.25,-3.8860,4.4953,-1.8454
775.50,-4.9702,5.1108,-2.0472
775.75,-5.2355,5.4461,-2.6121
776.00,-5.3735,5.3966,-3.1826
776.25,-5.6067,5.1838,-3.3016
776.50,-6.2158,5.7934,-2.9016
776.75,-6.4391,5.9909,-2.9012
777.00,-6.4699,5.7189,-2.8691
777.25,-5.8590,5.8527,-2.5223
777.50,-6.0347,5.7496,-2.5665
777.75,-5.8328,5.8990,-1.5828
778.00,-6.2736,5.2117,-1.1936
778.25,-6.2952,3.8870,-1.5235
778.50,-6.4858,3.9845,-1.9749
778.75,-6.2303,3.6169,-1.8833
779.00,-5.8453,3.7235,-1.7440
779.25,-6.0891,3.4661,-2.1875
779.50,-6.9149,4.1551,-2.4631
779.75,-6.7413,4.3566,-2.3863
780.00,-7.0492,3.8457,-1.3775
780.25,-6.4889,3.1029,-1.1334
780.50,-6.1877,3.4356,-1.6145
780.75,-5.8497,3.6768,-2.1968
781.00,-5.2789,3.1636,-2.3209
781.25,-6.4241,2.5381,-2.4112
781.50,-6.2547,2.9500,-2.1107
781.75,-6.6573,3.2492,-2.1666
782.00,-7.1309,3.4406,-1.7881
782.25,-7.3278,3.4169,-2.1915
782.50,-6.8136,3.7798,-1.9578
782.75,-5.8841,3.5972,-1.7598
783.00,-5.6195,3.2026,-1.7751
783.25,-5.5742,3.0615,-2.0001
783.50,-4.8264,4.2152,-1.7658
783.75,-4.5668,4.8569,-1.4604
784.00,-4.6927,5.5862,-1.6893
784.25,-4.4886,5.7459,-1.9108
784.50,-4.6187,6.1289,-1.8742
784.75,-4.6963,5.4390,-1.4455
785.00,-5.5905,4.5536,-1.5429
785.25,-5.4936,4.5379,-1.8685
785.50,-5.4037,4.5402,-1.6085
785.75,-5.9896,3.3130,-1.4718
786.00,-5.2440,3.0647,-1.1583
786.25,-5.2147,3.2601,-1.0755
786.50,-5.7067,3.6638,-0.8608
786.75,-5.7397,3.9496,-0.1470
787.00,-4.5868,3.9883,-0.1769
787.25,nan,nan,nan
787.50,nan,nan,nan
787.75,nan,nan,nan
788.00,nan,nan,nan
788.25,nan,nan,nan
788.50,nan,nan,nan
788.75,nan,nan,nan
789.00,nan,nan,nan
789.25,nan,nan,nan
789.50,nan,nan,nan
789.75,nan,nan,nan
790.00,nan,nan,nan
790.25,nan,nan,nan
790.50,nan,nan,nan
790.75,nan,nan,nan
791.00,nan,nan,nan
791.25,nan,nan,nan
791.50,nan,nan,nan
791.75,nan,nan,nan
792.00,nan,nan,nan
792.25,nan,nan,nan
792.50,nan,nan,nan
792.75,-4.4666,2.3572,-1.7531
793.00,-3.9361,2.2543,-1.7000
793.25,-3.0773,2.4199,-1.6940
793.50,-2.4214,2.2713,-2.2450
793.75,-1.5116,2.4034,-2.0386
794.00,-2.1107,2.4208,-1.5168
794.25,-3.0800,1.8090,-1.0988
794.50,-3.9744,1.2039,-1.3177
794.75,-4.8874,1.7905,-1.4508
795.00,-4.9002,2.2219,-1.2413
795.25,-4.4674,2.4859,-1.8501
795.50,-4.3324,2.5659,-1.9673
795.75,-4.5330,2.7614,-1.4916
796.00,-4.0572,3.7215,-1.7397
796.25,-4.2290,3.7285,-1.7082
796.50,-4.9088,4.4249,-1.3604
796.75,-5.0363,4.8321,-0.9588
797.00,-4.3097,4.9484,-0.6537
797.25,-5.5373,4.9407,-0.5511
797.50,-4.8040,4.5176,-0.8239
797.75,-3.8209,3.5437,-1.3049
798.00,-3.2322,3.5096,-0.7926
798.25,-2.5028,3.4869,-0.6265
798.50,-2.5344,4.3418,-0.7001
798.75,-2.7758,4.4110,-0.7625
799.00,-2.6019,3.8945,-1.3289
799.25,-3.3566,4.2729,-2.0008
799.50,-4.8431,4.2853,-2.0164
799.75,-4.8568,4.1727,-1.5880
800.00,-4.3915,4.7203,-1.3287
800.25,-5.2051,4.5946,-1.7153
800.50,-4.1650,5.1888,-2.1297
800.75,-4.5826,5.8764,-3.3680
801.00,-5.2151,5.5334,-3.6405
801.25,-5.4822,5.0569,-3.0800
801.50,-5.2441,4.9627,-2.9966
801.75,-4.8353,4.6542,-2.7190
802.00,-5.4284,3.8631,-2.3664
802.25,-5.5780,3.3291,-2.9147
802.50,-4.7984,3.9136,-3.1783
802.75,-5.3439,4.5651,-3.5074
803.00,-6.8737,4.5005,-3.8292
803.25,-7.3612,5.1638,-4.0803
803.50,-5.9032,5.3556,-3.3715
803.75,-5.7117,5.5479,-2.7242
804.00,-4.7338,4.6122,-2.2214
804.25,-4.0782,4.5915,-2.2897
804.50,-4.5945,4.6828,-2.2428
804.75,-4.8105,4.4255,-1.7597
805.00,-4.3554,4.4124,-2.0179
805.25,-4.3137,4.5933,-2.3204
805.50,-5.1331,4.6899,-2.2770
805.75,-4.7751,4.7688,-2.1831
806.00,-4.9289,4.9238,-2.0134
806.25,-6.3023,4.3722,-2.4535
806.50,-6.3057,3.8562,-2.2990
806.75,-6.7448,3.8676,-2.2810
807.00,-6.8470,3.5696,-2.5001
807.25,-6.0381,3.0330,-2.4610
807.50,-6.1225,3.2052,-1.9121
807.75,-6.3105,3.1582,-1.6405
808.00,-6.3127,2.4704,-1.6705
808.25,-6.2831,1.7643,-1.4075
808.50,-5.2372,1.6084,-1.7515
808.75,-4.3482,1.6352,-2.4241
809.00,-4.9656,1.8356,-2.8171
809.25,-4.9634,2.3582,-2.7778
809.50,-4.5188,2.8692,-2.9263
809.75,-4.6713,3.6226,-2.7211
810.00,-5.8938,3.7980,-2.3293
810.25,-7.4417,4.0785,-2.6741
810.50,-8.8034,3.8096,-2.4069
810.75,-8.5121,3.2712,-2.6892
811.00,-8.5938,2.8632,-2.9027
811.25,-8.1969,1.9757,-2.7047
811.50,-7.8447,1.4245,-2.8402
811.75,-6.8978,1.4638,-2.6766
812.00,-6.6304,2.1153,-2.0486
812.25,-6.3681,2.3341,-2.3801
812.50,-6.7899,1.4630,-2.6287
812.75,-6.9914,0.9124,-2.9982
813.00,-7.0181,0.5859,-3.1354
813.25,-6.4313,0.8638,-3.2552
813.50,-5.6695,2.0440,-3.2638
813.75,-5.5755,2.1065,-2.9250
814.00,-5.9812,2.2053,-3.3600
814.25,-6.7535,2.8722,-3.3129
814.50,-6.4583,2.4622,-3.3774
814.75,-6.0474,1.3011,-3.1276
815.00,-6.7479,0.6605,-3.1965
815.25,-8.2730,0.1522,-2.9040
815.50,-9.4817,0.5749,-2.8964
815.75,-9.5485,0.7667,-3.0391
816.00,-9.6780,0.8702,-3.3817
816.25,-8.4968,1.4230,-3.3112
816.50,-7.6616,1.6414,-2.6058
816.75,-7.9417,1.4514,-2.5378
817.00,-6.8544,0.7072,-2.4849
817.25,-6.1862,1.0712,-2.4857
817.50,-7.4508,1.2112,-2.1234
817.75,-7.6902,1.4358,-2.8000
818.00,-6.7839,2.1214,-3.1158
818.25,-7.3595,2.0458,-3.2213
818.50,-8.3632,2.7064,-3.6800
818.75,-8.4074,2.4013,-3.4867
819.00,-8.7939,2.3228,-3.5756
819.25,-9.2448,2.3080,-4.0580
819.50,-9.3978,1.5082,-3.8768
819.75,-9.4690,0.9984,-3.2700
820.00,-8.8918,0.4690,-3.3107
820.25,-8.5655,0.2745,-2.8923
820.50,-7.3452,0.6334,-2.6778
820.75,-6.9352,1.9018,-2.9513
821.00,-7.9045,2.9712,-3.0612
821.25,-8.2681,2.6589,-3.0929
821.50,-7.8808,1.9267,-3.3888
821.75,-8.5790,1.3359,-3.6212
822.00,-8.6950,0.7526,-3.1336
822.25,-8.7484,0.9977,-2.9670
822.50,-8.7424,2.1157,-2.4959
822.75,-8.9098,2.5056,-2.5492
823.00,-9.2718,1.8085,-3.3275
823.25,-9.6618,0.8747,-3.6265
823.50,-8.7899,-0.2451,-3.5421
823.75,-7.6123,-0.5851,-3.7933
824.00,-7.1133,-0.9716,-4.2497
824.25,-7.5528,-1.7714,-4.1224
824.50,-7.4637,-1.0143,-3.9897
824.75,-6.8126,0.0312,-3.5840
825.00,-7.5270,0.5813,-3.3377
825.25,-7.4057,0.5337,-3.5405
825.50,-7.5506,0.9717,-3.7261
825.75,-7.2615,0.8974,-3.4500
826.00,-7.2497,0.9640,-3.4352
826.25,-7.5988,1.0879,-2.8634
826.50,-7.8374,1.6611,-2.3219
826.75,-8.0132,1.4172,-2.5995
827.00,-8.2437,0.0529,-2.8584
827.25,-8.0095,-0.6876,-3.3337
827.50,-7.8756,-1.0681,-3.5688
827.75,-7.9876,-0.5262,-3.2845
828.00,-8.6233,-0.6797,-3.1942
828.25,-8.0031,-0.1346,-3.3221
828.50,-6.9499,-0.2657,-3.1962
828.75,-7.1094,-0.8243,-3.0118
829.00,-6.7607,-1.1476,-3.0890
829.25,-6.9102,-1.2075,-3.1869
829.50,-6.8267,-1.0816,-3.1325
829.75,-6.9659,-1.4086,-3.8250
830.00,-7.1631,-1.8064,-4.2015
830.25,-7.1747,-1.4312,-4.1400
830.50,-7.0621,-1.6611,-3.5588
830.75,-7.1803,-1.5816,-3.6660
831.00,-8.0436,-1.6232,-3.6847
831.25,-8.2991,-1.3876,-3.6520
831.50,-8.1830,-1.4540,-2.8686
831.75,-7.8830,-2.1774,-1.9387
832.00,-8.0967,-2.5952,-1.8766
832.25,-7.9193,-2.4663,-1.9191
832.50,-7.1381,-2.2927,-2.0743
832.75,-6.8291,-1.6430,-2.6784
833.00,-6.1405,-2.0885,-3.3443
833.25,-6.3634,-1.9717,-3.4015
833.50,-5.9163,-1.2500,-2.7255
833.75,-5.7805,-1.1020,-2.2523
834.00,-6.4199,-1.4414,-1.7927
834.25,-6.7341,-1.3633,-1.5487
834.50,-7.4687,-0.8738,-1.9187
834.75,-7.4390,-0.0498,-2.5814
835.00,-7.0849,0.1375,-2.9899
835.25,-7.3199,-0.4346,-2.9076
835.50,-7.2807,0.0426,-2.6594
835.75,-6.4118,-0.0317,-2.3353
836.00,-5.5779,-0.7514,-2.2356
836.25,-5.9030,-1.3365,-2.2867
836.50,-6.3616,-2.1733,-2.0545
836.75,-6.6687,-2.6575,-2.5208
837.00,-7.5215,-1.5429,-2.2087
837.25,-7.2174,-0.8511,-2.2522
837.50,-6.7433,-0.7786,-2.1449
837.75,-6.2577,-1.1084,-2.6653
838.00,-6.1573,-1.1216,-2.6973
838.25,-5.8541,-1.1952,-2.2499
838.50,-6.3495,-1.1363,-1.7925
838.75,-6.3933,-0.5100,-1.5550
839.00,-6.6946,0.2649,-1.8069
839.25,-7.3855,1.0720,-2.1141
839.50,-6.4650,1.1803,-2.1528
839.75,-6.8849,1.4802,-2.1411
840.00,-7.6766,1.8424,-2.0460
840.25,-7.7552,1.8508,-2.0340
840.50,-7.2740,1.8615,-2.1085
840.75,-6.6730,1.9525,-2.0430
841.00,-6.5346,1.4499,-1.8315
841.25,-6.3477,1.1399,-1.5055
841.50,-6.5468,0.2381,-1.1826
841.75,-6.9137,-0.2057,-0.8409
842.00,-7.9043,0.1343,-0.9054
842.25,-7.8750,0.4005,-1.1749
842.50,-8.0604,0.6052,-0.9462
842.75,-7.6701,1.1146,-0.5773
843.00,-6.9461,0.5237,-0.2807
843.25,-6.8334,-0.3579,-0.1458
843.50,-7.5599,-0.1701,-0.3949
843.75,-6.8389,0.0680,-0.2842
844.00,-6.3014,-0.0624,-0.3707
844.25,-7.4202,-0.1799,-0.4673
844.50,-7.8967,-0.2635,-0.3678
844.75,-7.4435,-0.1655,-0.6828
845.00,-6.7547,0.0498,-1.0133
845.25,-6.4402,-0.5470,-1.4093
845.50,-5.6068,-0.3147,-1.8666
845.75,-5.1483,0.1831,-2.4753
846.00,-5.3481,0.6892,-2.3594
846.25,-4.9644,0.9526,-2.0306
846.50,-5.2737,1.0685,-2.1313
846.75,-6.1616,0.6694,-2.6607
847.00,-5.6824,0.5971,-3.1046
847.25,-5.2283,0.6889,-3.2150
847.50,-5.0103,0.0551,-3.1175
847.75,-5.6693,-0.2154,-2.5313
848.00,-6.5272,-0.3793,-2.1839
848.25,-7.0679,-0.5592,-2.2844
848.50,-7.2376,-0.8889,-2.0447
848.75,-7.9708,-0.5636,-1.4946
849.00,-8.3421,-0.4418,-1.5823
849.25,-8.0576,-0.4269,-1.4997
849.50,-7.9003,0.8470,-1.3774
849.75,-7.5238,0.7361,-1.2131
850.00,-7.5156,0.0567,-0.5094
850.25,-7.8186,-0.0613,-0.1202
850.50,-6.9930,0.2329,0.0454
850.75,-7.2915,0.0651,-0.5616
851.00,-8.1861,0.0771,-0.7151
851.25,-8.1812,1.1241,-0.9795
851.50,-6.9686,0.6519,-1.3617
851.75,-6.4805,1.1428,-1.0147
852.00,-6.0019,1.3036,-1.1807
852.25,-4.5059,1.0368,-1.0693
852.50,-4.1515,2.1449,-0.7812
852.75,-4.5140,2.8064,-0.7343
853.00,-4.9589,4.1712,-0.4621
853.25,-4.7870,4.4464,-0.2711
853.50,-4.9704,3.9404,-0.4979
853.75,-4.2175,2.8789,-0.1111
854.00,-3.4956,2.4154,-0.1724
854.25,-3.4092,2.6394,0.3639
854.50,-3.2675,3.0554,0.3008
854.75,-2.8804,3.4075,-0.2431
855.00,-2.7861,3.2765,-0.3351
855.25,-2.5833,3.0280,-1.0790
855.50,-2.7308,2.1778,-0.6678
855.75,-2.7217,2.0338,-0.8016
856.00,-3.4700,2.0287,-0.8789
856.25,-3.8516,1.3066,-1.5078
856.50,-4.5912,1.1844,-2.0104
856.75,-4.8390,1.3387,-2.7277
857.00,-5.1224,1.6354,-2.8799
857.25,-5.0366,1.0647,-3.0294
857.50,-5.8103,0.8219,-2.3742
857.75,-6.6617,0.8854,-1.9003
858.00,-6.8970,0.6386,-2.0024
858.25,-6.8538,0.0702,-2.1639
858.50,-6.3267,-0.0822,-1.3616
858.75,-6.0622,-0.1030,-1.1260
859.00,-5.7742,0.4354,-1.0691
859.25,-4.4229,1.5534,-1.0728
859.50,-4.0487,2.5956,-0.5331
859.75,-4.5477,2.6651,-0.2262
860.00,-4.9997,2.6954,-0.0947
860.25,-5.3604,2.3812,0.0195
860.50,-5.5097,2.0570,0.1394
860.75,-4.9562,2.0732,0.5525
861.00,-4.4529,1.6893,0.4508
861.25,-3.5212,2.1446,-0.2103
861.50,-3.6452,2.4604,-0.8042
861.75,-4.2341,2.9261,-0.5379
862.00,-4.5103,2.9939,-0.2340
862.25,-5.4837,2.8708,-0.5389
862.50,-6.6270,2.8747,-0.8407
862.75,-6.7312,1.9776,-0.4978
863.00,-6.5841,1.7667,0.3056
863.25,-5.9833,2.2478,0.0420
863.50,-5.5753,2.9545,0.6126
863.75,-5.7203,2.4943,1.0646
864.00,-5.4678,2.2224,0.3544
864.25,-5.2154,1.4351,0.3159
864.50,-5.2277,0.8871,1.2607
864.75,-5.2180,1.0670,1.4027
865.00,-5.8301,1.2945,1.2385
865.25,-5.9879,1.7951,1.0272
865.50,-5.8998,1.9878,0.6464
865.75,-5.3642,2.4479,0.8922
866.00,-4.9810,2.2432,0.7724
866.25,-4.3128,2.1999,1.0627
866.50,-4.0002,1.1920,1.2597
866.75,-5.2775,-0.1704,1.3114
867.00,-5.1212,-1.2294,0.7058
867.25,-3.6086,-1.4211,0.0426
867.50,-3.2833,-1.4701,-0.0512
867.75,-3.7246,-0.8485,0.0171
868.00,-3.6212,-0.5277,0.2185
868.25,-3.8988,-0.2713,0.1971
868.50,-4.9184,0.4934,0.3373
868.75,-4.6289,0.8516,0.0725
869.00,-4.4259,0.7703,-0.0760
869.25,-5.4585,0.2395,0.2089
869.50,-5.4217,0.0590,0.1321
869.75,-5.6420,0.3002,0.2277
870.00,-5.6422,1.0449,0.1678
870.25,-5.2071,1.5399,-0.2105
870.50,-6.0543,2.4023,-0.8520
870.75,-5.2469,2.3568,-1.0135
871.00,-5.8638,2.1129,-0.3257
871.25,-6.4977,2.3817,0.0289
871.50,-6.0142,3.1506,-0.4054
871.75,-5.5486,3.8153,-0.5164
872.00,-5.5992,3.3059,-0.3891
872.25,-5.9058,3.6041,0.1439
872.50,-6.3552,3.5110,0.0445
872.75,-6.4444,3.0765,0.2309
873.00,-6.2487,3.1869,0.0095
873.25,-5.6498,2.6400,-0.5965
873.50,-5.5360,2.7431,-0.5365
873.75,-5.5594,2.4197,-0.5649
874.00,-5.4514,1.7534,-0.6754
874.25,-6.2077,1.8216,-0.4076
874.50,-6.1669,2.2952,0.1094
874.75,-6.0980,3.0195,0.7648
875.00,-5.9587,3.3741,0.8157
875.25,-5.5602,3.0510,0.8426
875.50,-5.4788,2.2379,0.4684
875.75,-5.7886,2.0125,-0.4663
876.00,-4.8896,2.0888,-0.6714
876.25,-3.8669,1.9049,-1.1922
876.50,-3.5666,1.3999,-1.1031
876.75,-3.8417,1.5851,-1.4162
877.00,-3.5703,2.3058,-1.3718
877.25,-4.2719,2.1747,-0.5709
877.50,-3.9583,2.0508,-0.3724
877.75,-3.9278,2.2062,-0.7205
878.00,-4.1486,1.7712,-1.1571
878.25,-3.8685,0.9789,-1.6342
878.50,-4.1626,0.9302,-1.4547
878.75,-3.7283,1.2122,-0.9303
879.00,-3.6925,1.4732,-0.2625
879.25,-4.2069,1.8589,-0.0599
879.50,-5.4158,1.2274,-0.5395
879.75,-5.1826,0.9219,-1.0509
880.00,-5.4079,0.9387,-0.2976
880.25,-6.0168,-0.0406,-0.0183
880.50,-7.5320,0.3091,-0.1161
880.75,-7.1945,1.3170,-0.4145
881.00,-6.9970,2.1322,-1.1805
881.25,-6.8557,2.0567,-1.6081
881.50,-6.8489,2.1154,-1.1890
881.75,-6.7732,3.2083,-0.6920
882.00,-5.6063,3.4775,-0.5736
882.25,-5.6236,2.1044,-0.5297
882.50,-5.0700,1.6486,-0.7466
882.75,-4.6580,1.6690,-1.1163
883.00,-4.1874,1.7707,-0.9077
883.25,-3.2903,1.8212,-1.3706
883.50,-2.6026,1.8912,-1.3877
883.75,-2.2974,1.7394,-1.2542
884.00,-1.5931,1.9935,-1.3460
884.25,-1.0756,1.6520,-1.2971
884.50,-0.5126,1.3957,-1.4259
884.75,-2.3124,1.5976,-1.6483
885.00,-3.6630,2.0002,-1.1704
885.25,-3.8453,1.9178,-0.4842
885.50,-3.6816,2.0117,-0.2663
885.75,-3.3958,2.3680,0.2117
886.00,-3.6847,2.9748,-0.0186
886.25,-4.1154,2.8287,-0.0402
886.50,-4.6761,2.5880,0.2829
886.75,-5.1764,2.2209,-0.1755
887.00,-5.9112,2.3742,-0.3993
887.25,-5.9012,2.8282,-0.1916
887.50,-6.3651,3.0442,0.0912
887.75,-6.7840,2.6631,0.6860
888.00,-7.1127,1.7412,0.8035
888.25,-7.5003,1.4645,1.1214
888.50,-7.7916,2.2481,0.8463
888.75,-6.6995,2.2281,0.2559
889.00,-6.1652,1.8147,-0.5463
889.25,-6.4462,1.3725,-0.3392
889.50,-5.8537,1.5287,-0.5862
889.75,-5.5458,2.2533,-0.7374
890.00,-5.2478,1.6214,-0.1817
890.25,-4.8768,0.9096,0.0056
890.50,-5.1515,0.8515,-0.3573
890.75,-6.6924,1.0948,-0.3005
891.00,-7.4073,1.6158,0.1583
891.25,-6.8497,1.5639,0.2245
891.50,-6.7264,1.5814,0.4297
891.75,-6.1772,2.2098,0.1733
892.00,-5.5930,2.4496,-0.1981
892.25,-6.0573,2.3076,-0.2039
892.50,-5.9354,1.9111,-0.2551
892.75,-6.1150,1.4497,-0.3372
893.00,-6.2623,1.7559,-0.6054
893.25,-5.7268,2.3542,-0.6937
893.50,-5.3286,2.8227,-0.2055
893.75,-4.7973,2.8673,0.0056
894.00,-5.3362,3.2989,0.0757
894.25,-3.8223,3.0776,-0.0981
894.50,-2.5765,3.2287,-0.1176
894.75,-2.0485,3.0312,-0.4838
895.00,-2.1760,3.0848,-0.4222
895.25,-2.4411,3.0508,0.3844
895.50,-2.5448,2.6659,0.3713
895.75,-2.7480,2.8882,0.3822
896.00,-2.1559,3.1488,0.7926
896.25,-2.0357,3.2164,1.1889
896.50,-1.5187,3.1348,1.1723
896.75,-0.3280,3.8952,1.0646
897.00,-0.6664,3.4217,0.9984
897.25,-1.2641,3.4752,0.8824
897.50,-1.0356,4.0671,0.4053
897.75,-0.9212,3.9319,-0.0184
898.00,-1.7917,3.8075,-0.0640
898.25,-2.1706,3.9171,-0.0793
898.50,-2.4102,3.8419,0.1874
898.75,-2.1642,3.6958,0.0280
899.00,-1.6116,3.5684,0.1455
899.25,-1.4676,2.6095,0.6400
899.50,-2.4809,2.6586,0.1244
899.75,-2.1429,3.2683,0.2854
900.00,-1.7815,3.3212,0.2738
900.25,-0.7674,3.0654,0.2795
900.50,-0.5192,2.8003,-0.4307
900.75,-0.6636,3.3644,-0.4382
901.00,-1.2140,3.3544,-0.3950
901.25,-1.6326,3.2256,-0.2685
901.50,-1.8530,2.8295,0.3062
901.75,-1.6634,3.0170,0.6762
902.00,-1.8308,4.1465,0.5201
902.25,-1.3144,4.2140,0.3281
902.50,-0.9330,3.3944,0.3920
902.75,-1.9153,2.6681,0.2690
903.00,-2.8735,2.7986,0.1252
903.25,-4.1276,2.4287,-0.1121
903.50,-4.5256,2.5894,-0.3448
903.75,-3.3666,3.4596,-0.4206
904.00,-2.1522,3.9836,0.0264
904.25,-1.5772,3.6274,-0.0592
904.50,-0.6198,3.5615,-0.3946
904.75,-0.7631,3.3072,0.0735
905.00,-1.2242,2.6902,0.4474
905.25,-1.4366,2.6677,0.6191
905.50,-2.3449,2.5150,0.5104
905.75,-2.5939,2.1178,-0.0848
906.00,-2.9747,1.6358,-0.2123
906.25,-2.0159,1.1308,-0.6897
906.50,-0.4145,0.6289,-0.6606
906.75,-0.2069,1.0376,-0.2948
907.00,-0.6800,1.9263,-0.5043
907.25,-1.2517,2.8114,-0.4613
907.50,-1.6039,3.0446,0.1306
907.75,-2.2730,2.1160,-0.1415
908.00,-2.5449,0.7803,-0.2416
908.25,-2.4607,1.1409,-0.5979
908.50,-2.3031,2.0286,-0.7103
908.75,-1.3922,2.1653,-1.0693
909.00,-0.9801,2.9268,-1.2709
909.25,-0.1632,3.1832,-1.8448
909.50,-0.4780,2.9528,-1.9211
909.75,-0.7568,3.0829,-1.4053
910.00,-0.2896,2.8313,-1.2009
910.25,-0.2536,2.0843,-1.4329
910.50,-0.7948,1.6136,-1.5667
910.75,-1.8501,2.0943,-1.1160
911.00,-2.7219,2.6462,-1.3409
911.25,-1.5826,2.1847,-0.8366
911.50,-0.8795,2.4070,-0.9287
911.75,-1.5496,2.9094,-1.0485
912.00,-2.0998,2.4651,-0.4838
912.25,-2.2504,2.9019,-0.3780
912.50,-2.9614,3.0017,-0.4393
912.75,-3.3760,2.7192,-0.6393
913.00,-2.3309,3.0824,-0.6139
913.25,-1.6742,2.8477,-0.5294
913.50,-2.0301,2.9088,-0.2342
913.75,-3.0468,2.7601,-0.2531
914.00,-3.4152,2.8506,-0.5219
914.25,-3.0899,3.3040,-0.7921
914.50,-3.5291,4.1861,-0.7018
914.75,-2.5420,4.1489,-0.9075
915.00,-1.9800,4.5988,-1.3169
915.25,-2.2649,4.4543,-1.4131
915.50,-2.6083,3.6855,-1.2050
915.75,-3.0219,3.2650,-1.4878
916.00,-2.7377,3.5654,-1.7988
916.25,-2.2545,2.8624,-2.1174
916.50,-1.6897,2.7915,-2.2125
916.75,-1.3356,3.0081,-2.2378
917.00,-1.4882,3.6496,-2.1104
917.25,-1.4908,3.4953,-2.6652
917.50,-1.8552,3.5225,-2.3438
917.75,-2.2621,3.6257,-2.1709
918.00,-2.4316,2.9490,-1.6332
918.25,-4.1884,2.5523,-2.0857
918.50,-5.2955,3.0848,-2.2885
918.75,-5.2665,3.6578,-2.3265
919.00,-5.0126,3.5814,-2.4697
919.25,-4.3294,3.2320,-2.7505
919.50,-4.2488,2.8748,-2.7779
919.75,-4.0132,1.6972,-2.5731
920.00,-4.3377,1.4095,-2.5184
920.25,-4.7105,1.9928,-2.4196
920.50,-5.7342,2.5728,-2.9648
920.75,-5.2032,1.9428,-3.3619
921.00,-5.4487,1.8200,-3.4404
921.25,-5.0582,1.9750,-3.2676
921.50,-4.3894,1.8896,-2.8782
921.75,-4.2837,1.8512,-1.8660
922.00,-4.1497,0.9765,-1.3463
922.25,-4.7381,1.1366,-1.2527
922.50,-5.2713,2.1811,-1.8270
922.75,-4.3124,2.2070,-2.5481
923.00,-3.2748,2.5136,-2.2718
923.25,-2.6775,2.3651,-1.4405
923.50,-2.9569,2.8104,-1.5757
923.75,-2.8211,3.3649,-2.4071
924.00,-2.9586,3.2147,-2.5562
924.25,-2.7468,3.0628,-2.1218
924.50,-2.9692,2.7127,-2.5155
924.75,-2.4096,2.6115,-2.7765
925.00,-2.9200,3.0746,-2.5504
925.25,-3.3953,3.5594,-2.1395
925.50,-3.0048,3.9744,-1.5077
925.75,-3.3855,4.2256,-2.0271
926.00,-3.2620,4.2280,-2.0526
926.25,-2.1117,4.2317,-1.9148
926.50,-2.1824,4.1693,-2.1509
926.75,-1.7933,3.5200,-2.4317
927.00,-1.8626,3.2128,-2.7385
927.25,-1.7583,2.9500,-3.0948
927.50,-0.6131,3.0467,-3.7039
927.75,-0.3829,3.3869,-3.6362
928.00,-0.7288,3.9401,-3.9926
928.25,-1.5755,4.3411,-3.5207
928.50,-1.7735,4.8139,-3.4470
928.75,-1.8328,5.0039,-3.0357
929.00,-1.5045,4.9306,-2.7598
929.25,-1.0679,4.9356,-2.4311
929.50,-0.9514,4.1237,-1.2390
929.75,-0.9026,3.0414,-0.8439
930.00,-0.6494,1.9378,-1.4263
930.25,0.3457,1.8819,-1.2539
930.50,0.5668,2.7034,-0.7972
930.75,0.1562,2.8854,-0.6321
931.00,0.2621,3.2845,-0.9162
931.25,0.8521,3.4279,-0.9504
931.50,1.8318,3.7563,-0.7748
931.75,2.7024,3.4279,-0.4008
932.00,2.7119,4.0593,-0.7275
932.25,1.9154,4.5258,-0.3618
932.50,0.2707,4.3145,-0.3299
932.75,-0.4549,4.6133,-0.2551
933.00,-1.0638,3.9176,-0.0523
933.25,-1.1963,3.7866,-0.0682
933.50,-1.4408,3.8253,-0.4631
933.75,-2.5136,3.7524,-0.5700
934.00,-2.9072,3.8983,-0.8007
934.25,-2.2355,3.5009,-0.6720
934.50,-2.2135,3.3685,-0.7780
934.75,-1.9922,2.9063,-0.5866
935.00,-1.8748,4.1504,0.0135
935.25,-0.8682,4.9052,0.5174
935.50,0.1487,4.9299,0.4782
935.75,-0.4582,4.1288,-0.0610
936.00,-0.9869,4.1378,-0.9226
936.25,-0.9893,3.8129,-1.0115
936.50,-0.4430,3.7018,-0.9201
936.75,-0.4754,4.2422,-0.8664
937.00,-1.1577,4.8899,-0.5851
937.25,-1.4810,5.1899,-0.0689
937.50,-1.5648,5.0007,0.1447
937.75,-2.8334,4.8690,0.1532
938.00,-3.6564,4.2954,0.0123
938.25,-3.9614,3.2349,-0.3381
938.50,-4.5848,2.0704,-0.5643
938.75,-3.6765,1.7862,-0.9152
939.00,-2.5821,2.6372,-1.6247
939.25,-1.7597,2.9388,-2.0326
939.50,-1.8123,3.6594,-2.0015
939.75,-1.6841,4.0655,-1.6149
940.00,-1.2399,3.9721,-0.6379
940.25,-0.6576,4.0867,0.0375
940.50,-0.8132,4.5231,0.4989
940.75,-1.7767,4.1336,0.5788
941.00,-1.1179,3.0106,0.1604
941.25,-1.2839,2.7137,-0.4390
941.50,-1.4889,2.2711,-0.3345
941.75,-1.1999,2.0853,-0.1605
942.00,1.1866,2.3614,-0.3134
942.25,2.4171,1.7839,-0.1415
942.50,2.6253,1.4023,0.4608
942.75,2.7184,1.5870,1.1196
943.00,1.8697,1.6533,0.8586
943.25,1.4594,1.4675,0.1117
943.50,1.2201,1.1820,-0.3437
943.75,0.8383,1.0461,-0.7415
944.00,0.8739,1.3809,-0.8591
944.25,0.1162,1.6225,-0.3982
944.50,-1.6370,1.4107,0.2366
944.75,-1.5054,1.4288,0.1222
945.00,-1.2671,1.3664,-0.2810
945.25,-0.3391,1.4225,-0.6093
945.50,-0.1391,1.1791,-1.0187
945.75,-1.1111,0.9476,-0.7993
946.00,-1.4542,1.3139,-0.4687
946.25,-1.9728,1.1319,-0.3048
946.50,-2.0509,0.8659,-0.6690
946.75,-1.9551,1.3295,-0.9233
947.00,-1.8707,1.1454,-1.5554
947.25,-2.5153,1.5140,-1.9433
947.50,-3.4557,1.5609,-1.6996
947.75,-3.4051,1.7100,-1.1749
948.00,-2.6599,1.5503,-1.8732
948.25,-2.5044,1.4903,-2.3508
948.50,-3.2713,1.0871,-2.0648
948.75,-3.8575,0.6099,-1.4965
949.00,-4.2155,0.2611,-1.1052
949.25,-4.1698,-0.1779,-1.0667
949.50,-4.6630,0.0730,-1.1362
949.75,-4.7408,0.8042,-1.7759
950.00,-3.9329,1.8839,-1.5913
950.25,-3.5384,2.0431,-1.6241
950.50,-3.4894,1.4044,-1.3108
950.75,-3.9609,1.8276,-0.6137
951.00,-4.0645,1.6047,-0.2158
951.25,-4.0477,1.5971,0.0993
951.50,-3.3212,1.7369,-0.0910
951.75,-2.1597,1.6721,-0.8457
952.00,-1.7168,2.1732,-1.2545
952.25,-2.2228,2.4760,-1.4869
952.50,-2.1110,3.7718,-1.7319
952.75,-2.2363,4.8270,-1.0306
953.00,-2.1170,4.6357,-0.7958
953.25,-1.4625,4.1660,-0.8057
953.50,-0.8341,4.5905,0.0424
953.75,-1.5211,4.6354,0.1298
954.00,-3.0887,4.4640,0.1455
954.25,-1.7934,5.0892,0.0093
954.50,-1.0914,4.8414,-0.4114
954.75,-0.6313,4.2186,0.0577
955.00,-0.7502,4.0289,0.3449
955.25,-1.6182,4.1449,0.5394
955.50,-1.0858,4.4875,1.0044
955.75,-1.0156,4.6697,1.0252
956.00,-1.6949,5.2046,0.5434
956.25,-1.6343,5.2880,0.0295
956.50,-2.7109,4.9786,-0.2769
956.75,-3.3406,4.8450,-0.6743
957.00,-3.1793,4.3161,-0.5786
957.25,-2.8250,4.7245,-0.3457
957.50,-3.3866,4.8045,-0.4665
957.75,-3.7185,4.2097,-0.9612
958.00,-2.9290,4.7018,-1.0724
958.25,-2.8928,4.2708,-0.6120
958.50,-2.4592,3.1857,-0.7540
958.75,-1.9999,2.8337,-1.0144
959.00,-2.5507,2.5606,-1.0501
959.25,-3.4044,2.9847,-0.5759
959.50,-4.2503,3.3292,-0.7584
959.75,-3.4697,3.3831,-0.8007
960.00,-2.8832,3.5037,-0.9731
960.25,-3.1387,4.0968,-1.0264
960.50,-3.4623,3.6923,-1.1975
960.75,-4.0002,4.2922,-1.0630
961.00,-4.4281,3.5843,-0.6996
961.25,-5.8623,3.8994,-0.9234
961.50,-5.9099,3.2067,-1.1786
961.75,-6.5542,3.2722,-1.3674
962.00,-6.3726,3.9189,-1.2209
962.25,-5.1126,2.8556,-1.1360
962.50,-4.8483,2.4716,-1.4090
962.75,-3.8484,3.2229,-1.6792
963.00,-3.9170,3.9048,-2.5648
963.25,-2.7475,3.6182,-2.2824
963.50,-3.0338,3.1488,-2.4000
963.75,-3.4426,2.6845,-2.7272
964.00,-3.6203,2.6611,-2.9276
964.25,-3.7817,2.4721,-2.7810
964.50,-3.9151,2.6746,-3.0177
964.75,-3.9004,2.9834,-3.2117
965.00,-3.8170,3.2584,-2.7599
965.25,-3.5207,3.1135,-2.2362
965.50,-3.8755,2.8882,-2.7417
965.75,-4.4012,3.2424,-2.7186
966.00,-4.2975,2.9314,-2.3746
966.25,-3.4810,3.3562,-2.6897
966.50,-3.1401,2.8999,-2.5654
966.75,-2.3748,2.8105,-2.7431
967.00,-2.0533,3.0295,-2.8856
967.25,-2.3577,1.7602,-2.7635
967.50,-2.4712,0.6131,-2.9406
967.75,-2.1798,0.8912,-2.2067
968.00,-2.3491,0.6870,-1.9884
968.25,-2.6518,0.7313,-2.2398
968.50,-2.3219,1.3793,-2.2573
968.75,-2.1020,2.3773,-2.2696
969.00,-1.7037,3.1399,-2.2247
969.25,-1.2363,2.4852,-1.7505
969.50,-0.6970,2.5873,-1.8951
969.75,-1.0102,2.4208,-1.9668
970.00,-1.6637,2.4921,-1.2352
970.25,-1.1236,2.3068,-1.5039
970.50,-0.8810,2.6982,-2.0313
970.75,-0.4297,3.2275,-2.1220
971.00,-0.1362,2.8635,-2.2316
971.25,-0.0727,2.3540,-2.5140
971.50,-0.1214,2.4414,-2.7637
971.75,0.9330,2.0453,-2.1432
972.00,0.8425,1.7984,-1.5303
972.25,-0.1610,1.5711,-1.2974
972.50,-0.1647,1.1707,-1.4849
972.75,-0.5406,1.5336,-1.6039
973.00,-0.6617,1.6940,-1.9575
973.25,-0.2933,1.9586,-1.8612
973.50,-0.1767,1.2630,-1.4098
973.75,-0.6581,0.9349,-1.2858
974.00,-1.9335,1.4310,-0.6286
974.25,-3.3919,1.0786,-0.2688
974.50,-4.9617,0.7318,-1.0121
974.75,-5.7301,-0.0070,-2.0137
975.00,-5.4978,-0.2264,-2.5554
975.25,-5.4066,0.1966,-2.5300
975.50,-4.1717,0.3885,-1.6513
975.75,-3.2196,0.6993,-1.8001
976.00,-3.0679,0.8566,-1.7636
976.25,-2.2512,0.7492,-2.3398
976.50,-2.2137,0.2541,-2.3734
976.75,-2.9143,0.4692,-2.0892
977.00,-3.2009,1.5964,-1.4109
977.25,-3.8603,1.8286,-1.0669
977.50,-4.9744,1.8875,-1.8718
977.75,-5.2977,2.3383,-1.7446
978.00,-5.0506,2.7952,-1.7364
978.25,-5.1655,2.2866,-2.0731
978.50,-4.4144,2.1681,-1.9016
978.75,-4.3456,2.2271,-1.8041
979.00,-4.1633,2.4319,-2.0383
979.25,-3.6685,2.6215,-1.3463
979.50,-3.6274,2.0401,-0.9364
979.75,-3.4801,2.1895,-0.7041
980.00,-3.6958,3.3060,-0.9510
980.25,-4.2372,4.0594,-1.0833
980.50,-3.8457,3.8843,-1.3278
980.75,-3.6894,3.5350,-1.2121
981.00,-2.5069,3.1302,-1.3575
981.25,-2.3017,4.1367,-1.4984
981.50,-2.8068,4.5713,-1.8583
981.75,-2.5040,4.6097,-2.0675
982.00,-1.9043,5.1438,-1.8181
982.25,-1.6539,4.9435,-1.7760
982.50,-1.7693,4.8675,-2.1537
982.75,-1.7710,4.0628,-1.8997
983.00,-1.2394,3.2740,-1.6872
983.25,-1.2693,2.8039,-1.6137
983.50,-1.5902,2.5293,-1.7780
983.75,-0.8270,2.3390,-1.9324
984.00,-0.9575,2.8840,-1.8818
984.25,-1.1419,3.2126,-2.2980
984.50,-0.9393,3.8996,-2.7534
984.75,-1.2449,4.3711,-2.4822
985.00,-1.2815,3.9639,-1.8678
985.25,-1.2089,4.0713,-1.4272
985.50,-1.5765,3.7620,-0.9568
985.75,-1.2013,3.7419,-0.9427
986.00,-0.2478,4.2579,-0.3823
986.25,0.0795,4.0151,-0.2049
986.50,0.1845,4.3849,-0.4565
986.75,-0.5337,3.9176,-0.9031
987.00,-0.9620,3.8326,-1.3000
987.25,-0.9546,3.5943,-1.6070
987.50,-0.8287,3.7426,-1.8733
987.75,-0.3632,4.5209,-1.9328
988.00,0.1157,4.2995,-1.9099
988.25,0.1668,4.3569,-1.7330
988.50,-0.8210,3.9248,-1.3614
988.75,-1.3430,2.8104,-0.8554
989.00,-0.8314,3.5624,-0.7251
989.25,-0.4231,3.7082,-1.3128
989.50,-0.1211,3.2576,-1.3621
989.75,-0.4866,3.2081,-1.0283
990.00,-0.7618,2.9701,-0.8304
990.25,-0.6788,2.9118,-1.4143
990.50,-0.6683,2.9717,-2.1879
990.75,-1.5764,3.1296,-2.0471
991.00,-2.8557,2.7476,-1.7384
991.25,-3.8324,2.9417,-1.6213
991.50,-4.2376,3.2127,-1.3486
991.75,-3.1292,3.7361,-0.9935
992.00,-2.5502,3.8427,-1.0777
992.25,-3.3014,4.0438,-1.3824
992.50,-4.1472,3.6438,-1.7773
992.75,-4.1608,3.5171,-1.2540
993.00,-4.5620,3.5621,-0.7860
993.25,-4.8320,3.1595,-0.5992
993.50,-3.9004,3.1041,-0.8792
993.75,-4.1039,3.6498,-1.5615
994.00,-3.5265,3.4641,-1.9340
994.25,-3.0822,3.2473,-1.3057
994.50,-3.9494,3.6727,-1.0483
994.75,-3.4235,3.8990,-1.8676
995.00,-2.2269,4.1002,-2.2753
995.25,-2.0388,4.9842,-2.3280
995.50,-2.7472,4.9864,-2.2016
995.75,-2.4371,4.7549,-2.3618
996.00,-2.8620,4.4650,-2.1455
996.25,-3.3678,4.9197,-2.4137
996.50,-4.0003,5.1388,-2.9527
996.75,-4.1029,4.8809,-2.3983
997.00,-4.3801,4.7351,-2.0769
997.25,-4.2023,4.5051,-2.0630
997.50,-3.4077,4.2876,-2.0225
997.75,-3.7184,4.4105,-2.0481
998.00,-3.5116,4.0597,-1.8265
998.25,-2.9905,4.1239,-2.0307
998.50,-2.2818,4.7027,-2.0124
998.75,-1.4492,5.1213,-1.9686
999.00,-1.5097,4.6465,-2.0862
999.25,-1.2774,4.7114,-1.9636
999.50,-1.7613,3.7534,-2.1741
999.75,-1.7506,3.1011,-1.8328
1000.00,-2.5470,3.1057,-1.7121
1000.25,-3.1331,3.5931,-1.8887
1000.50,-2.9050,5.0776,-2.0102
1000.75,-2.3901,4.7898,-1.8101
1001.00,-3.2314,4.3662,-1.8221
1001.25,-3.8646,3.9020,-1.7874
1001.50,-2.8243,2.4605,-1.7535
1001.75,-1.7287,1.9059,-1.1984
1002.00,-2.2244,1.9767,-1.2398
1002.25,-2.1394,2.2150,-0.5827
1002.50,-2.4946,2.5140,-0.4996
1002.75,-2.3317,3.2680,-0.9902
1003.00,-3.0091,3.5702,-1.2933
1003.25,-2.9658,4.0053,-1.1034
1003.50,-2.4308,4.3310,-0.8645
1003.75,-2.2852,4.8885,-0.5137
1004.00,-2.0949,5.2595,-0.1859
1004.25,-2.2585,4.6923,-0.5022
1004.50,-2.2095,4.1655,-1.3042
1004.75,-2.4785,5.1264,-1.3954
1005.00,-2.7941,5.5602,-1.4278
1005.25,-3.7688,5.3807,-1.5070
1005.50,-4.4696,5.1650,-1.3796
1005.75,-4.5639,4.6546,-0.8881
1006.00,-4.9460,4.3169,-1.3958
1006.25,-4.3848,4.1248,-1.9279
1006.50,-3.8297,4.8504,-1.3367
1006.75,-4.4820,5.6901,-0.6893
1007.00,-3.8387,6.1026,-0.2007
1007.25,-2.8823,6.7697,0.2791
1007.50,-3.7235,6.6905,1.0799
1007.75,-3.7841,6.5501,0.7431
1008.00,-3.4702,6.4793,0.5010
1008.25,-3.4350,6.0776,0.5868
1008.50,-3.0132,4.8019,0.2977
1008.75,-2.7422,3.5080,-0.2462
1009.00,-2.7879,3.7675,-0.5913
1009.25,-3.2046,4.6119,-0.5415
1009.50,-3.4511,4.5823,-0.5459
1009.75,-3.8361,4.5407,-0.2757
1010.00,-3.9032,4.6142,-0.0770
1010.25,-4.6355,4.5077,0.1549
1010.50,-3.9464,4.5924,0.2146
1010.75,-2.6154,4.6335,0.3184
1011.00,-3.1285,4.9501,0.2328
1011.25,-4.2965,4.8388,0.4671
1011.50,-3.9577,4.3696,0.2556
1011.75,-3.1777,4.1572,0.2850
1012.00,-3.0113,4.0187,0.1652
1012.25,-3.6533,4.0976,0.2858
1012.50,-2.5593,4.4646,-0.5183
1012.75,-1.2625,4.6562,-0.6010
1013.00,-1.7864,4.1384,-0.5138
1013.25,-2.8031,3.6392,-1.0544
1013.50,-2.1996,3.3468,-1.6545
1013.75,-2.2969,3.3476,-1.7064
1014.00,-2.1098,3.2682,-1.4495
1014.25,-0.9239,3.7649,-1.5519
1014.50,-0.0180,4.8725,-1.7323
1014.75,-0.2726,4.8078,-1.1767
1015.00,-0.8237,4.6424,-1.2172
1015.25,-0.6239,4.9263,-1.0935
1015.50,-0.1528,5.0306,-0.3790
1015.75,0.3836,5.4422,-0.2467
1016.00,0.2368,6.1462,-0.6361
1016.25,0.2631,5.5274,-1.3403
1016.50,0.6296,4.0429,-1.0278
1016.75,-0.6159,2.8497,-0.7270
1017.00,-1.2736,2.6680,-1.1111
1017.25,-1.1285,3.2843,-1.5979
1017.50,-1.6044,2.9392,-1.9660
1017.75,-1.7417,3.2185,-1.3792
1018.00,-1.3577,3.4147,-1.0490
1018.25,-0.8994,3.1949,-1.0676
1018.50,-1.8154,2.5634,-1.0043
1018.75,-3.0966,1.8052,-0.6490
1019.00,-3.6126,1.9372,-0.5627
1019.25,-4.3030,2.5073,-0.1138
1019.50,-5.1006,2.6455,0.2461
1019.75,-5.0024,1.9704,0.4626
1020.00,-5.0088,2.4326,0.4067
1020.25,-4.2176,2.6949,0.3307
1020.50,-3.4950,2.4538,0.2161
1020.75,-5.1860,2.4740,-0.0215
1021.00,-6.5782,2.7042,-0.0529
1021.25,-8.0368,2.8127,-0.1066
1021.50,-8.6383,2.4845,0.3288
1021.75,-8.1399,1.6570,0.3471
1022.00,-8.2784,1.6267,-0.0305
1022.25,-8.0318,2.1097,-0.2982
1022.50,-6.8084,2.2724,-0.1538
1022.75,-5.0049,1.7578,-0.1603
1023.00,-4.2873,1.4081,-0.3074
1023.25,-4.6029,1.1076,-0.2462
1023.50,-5.6848,1.7555,0.1054
1023.75,-5.1742,2.5815,0.3279
1024.00,-4.6470,3.4274,0.2008
1024.25,-4.4946,2.9773,0.2662
1024.50,-3.8936,3.1181,0.0887
1024.75,-4.0090,2.8999,0.3056
1025.00,-4.4950,2.6281,0.5160
1025.25,-4.8034,2.8950,0.6509
1025.50,-5.4658,2.5699,-0.1273
1025.75,-5.5526,2.6239,-0.7266
1026.00,-5.2614,1.6700,-1.2026
1026.25,-5.1837,1.7610,-1.4536
1026.50,-4.6200,1.8530,-0.8391
1026.75,-3.7451,2.5073,-0.7327
1027.00,-3.5446,2.6841,-0.8482
1027.25,-3.5781,2.8382,-0.8653
1027.50,-3.9427,2.3302,-1.1311
1027.75,-3.8402,2.3874,-0.8925
1028.00,-3.7424,3.0030,-0.5845
1028.25,-4.2578,2.6987,-0.3783
1028.50,-5.5443,2.7767,0.0505
1028.75,-6.3092,2.3881,-0.2003
1029.00,-5.9915,2.4254,-0.9378
1029.25,-5.6941,2.3553,-1.9220
1029.50,-5.1919,2.0560,-2.2706
1029.75,-5.4395,2.4930,-2.4365
1030.00,-6.6356,2.6849,-2.2802
1030.25,-6.9663,2.3352,-2.1861
1030.50,-5.9703,2.8074,-2.6292
1030.75,-5.6843,2.4570,-2.6396
1031.00,-4.7822,1.6644,-2.8136
1031.25,-4.1311,1.8320,-2.9229
1031.50,-3.9711,1.9671,-2.9190
1031.75,-4.3895,1.7201,-2.8334
1032.00,-5.5173,1.1045,-2.8931
1032.25,-5.3238,0.8370,-2.8378
1032.50,-4.7293,1.1567,-2.8915
1032.75,-4.0001,1.6220,-2.3989
1033.00,-4.2290,1.2700,-1.9081
1033.25,-3.7707,1.0992,-1.5406
1033.50,-3.6487,1.4616,-1.2173
1033.75,-3.7536,1.6867,-0.9464
1034.00,-4.9667,1.0590,-1.3487
1034.25,-5.1795,1.1486,-1.4939
1034.50,-5.7623,1.3017,-0.9370
1034.75,-5.5909,0.8820,-0.9047
1035.00,-5.0857,1.0472,-1.2985
1035.25,-4.7181,1.2658,-1.7845
1035.50,-3.9725,1.3237,-1.2901
1035.75,-3.9131,1.7060,-1.0384
1036.00,-3.9975,1.3585,-1.1024
1036.25,-3.6589,0.2493,-0.9261
1036.50,-3.1540,-0.2449,-1.6416
1036.75,-3.3593,0.0661,-1.9844
1037.00,-2.2854,0.5508,-1.8832
1037.25,-2.5408,0.6333,-1.5903
1037.50,-2.9347,0.9859,-1.7800
1037.75,-3.2300,1.1353,-1.4678
1038.00,-3.7012,1.3919,-0.9820
1038.25,-3.8497,1.6305,-0.7952
1038.50,-4.0833,1.6702,-0.7981
1038.75,-3.7390,2.6163,-0.6693
1039.00,-3.5091,2.9383,-0.4511
1039.25,-3.2069,2.7017,-1.0022
1039.50,-3.4960,2.2154,-0.8109
1039.75,-4.1245,2.2526,-0.4624
1040.00,-4.2509,2.3476,-0.0583
1040.25,-4.5427,2.3689,0.3334
1040.50,-4.9758,2.8173,0.2815
1040.75,-4.3001,2.5711,-0.0507
1041.00,-3.1917,2.0646,-0.1627
1041.25,-3.8763,2.0675,-0.2022
1041.50,-4.6452,1.4696,-0.3045
1041.75,-4.3858,1.9441,-0.4732
1042.00,-3.9151,2.2142,-0.4007
1042.25,-2.7756,2.4182,-0.2230
1042.50,-1.4762,2.1172,0.1040
1042.75,-0.9608,2.4500,0.5952
1043.00,-1.2602,2.6971,0.7065
1043.25,-1.9941,3.4106,0.1266
1043.50,-3.2121,3.1488,0.0332
1043.75,-3.3231,3.0166,0.2426
1044.00,-3.1467,2.5875,0.5057
1044.25,-3.1051,2.4788,0.8146
1044.50,-3.8591,1.8772,1.1738
1044.75,-3.4501,1.3654,0.8402
1045.00,-3.7821,2.3269,0.3364
1045.25,-3.6545,3.6760,0.4663
1045.50,-3.8263,4.0645,0.4996
1045.75,-4.1079,4.1641,0.3781
1046.00,-4.5032,4.3551,0.4468
1046.25,-4.6827,4.1134,0.7515
1046.50,-3.6018,3.7413,1.1603
1046.75,-3.4189,3.7869,1.2843
1047.00,-3.1674,3.5775,1.3307
1047.25,-4.0027,2.7118,1.6600
1047.50,-4.7866,2.8453,1.2274
1047.75,-4.9326,3.5520,1.6139
1048.00,-4.6751,3.3717,0.9497
1048.25,-3.8502,3.7045,0.6127
1048.50,-3.9071,3.8375,0.3889
1048.75,-5.2470,4.3158,0.7837
1049.00,-4.8785,3.6270,0.8345
1049.25,-4.6526,3.5552,1.1614
1049.50,-4.5430,3.4868,1.1679
1049.75,-4.5673,3.1503,2.0793
1050.00,-4.7440,3.7461,1.8106
1050.25,-5.1362,4.1637,1.1337
1050.50,-4.6991,3.8086,1.3112
1050.75,-3.8718,3.9004,0.9801
1051.00,-3.8701,4.6576,0.8235
1051.25,-4.1386,4.8693,0.8352
1051.50,-4.5976,4.6210,0.3458
1051.75,-4.1755,4.2860,0.4819
1052.00,-4.2383,4.8229,0.1652
1052.25,-4.7980,5.2109,0.4904
1052.50,-5.8514,5.6788,0.9592
1052.75,-5.5435,4.9458,0.9032
1053.00,-4.3011,4.4173,0.5724
1053.25,-3.8757,4.0285,0.3269
1053.50,-4.0577,3.9099,-0.1219
1053.75,-5.4773,4.4146,0.2381
1054.00,-4.4696,4.8255,0.1950
1054.25,-3.6518,4.3572,-0.0893
1054.50,-4.5824,3.4125,-0.2730
1054.75,-6.1675,3.3983,-0.2236
1055.00,-6.4717,4.5012,0.0655
1055.25,-5.4598,5.3911,0.2027
1055.50,-4.9393,5.8497,0.0613
1055.75,-3.6366,6.0402,-0.3474
1056.00,-3.0588,5.8402,-0.9671
1056.25,-2.7710,6.4650,-1.0871
1056.50,-2.7447,6.9867,-1.1907
1056.75,-3.1092,7.5386,-1.2351
1057.00,-4.0280,7.8982,-0.7805
1057.25,-4.1450,7.5644,-0.6573
1057.50,-3.7591,7.2146,-0.3065
1057.75,-3.4940,7.3214,-0.4276
1058.00,-2.8031,6.8054,-0.4841
1058.25,-2.3732,7.4245,-0.9888
1058.50,-2.0399,7.9011,-0.8113
1058.75,-2.0088,8.2123,-0.7627
1059.00,-3.0916,8.4219,-0.7603
1059.25,-3.5692,7.7522,-0.1002
1059.50,-3.8786,8.1230,-0.0636
1059.75,-4.3005,8.1057,-0.2621
1060.00,-3.2753,7.4282,-0.3567
1060.25,-3.8804,7.7900,-0.8514
1060.50,-4.1714,7.4956,-1.0346
1060.75,-5.0998,7.3969,-0.4737
1061.00,-5.6811,6.8990,-0.3079
1061.25,-5.3861,7.3542,-0.5046
1061.50,-5.0991,7.6854,-0.0229
1061.75,-4.3765,7.6176,0.7870
1062.00,-3.7199,7.7299,1.6792
1062.25,-4.1534,7.0525,2.0105
1062.50,-4.9175,6.7948,1.9082
1062.75,-5.2467,7.2378,1.8783
1063.00,-5.1289,7.1705,1.4257
1063.25,-5.7099,6.2509,0.6406
1063.50,-5.8252,6.1875,0.3971
1063.75,-5.9561,6.6568,0.1175
1064.00,-6.0980,7.1228,-0.1124
1064.25,-5.5292,7.4657,-0.0806
1064.50,-5.3158,7.5091,0.1715
1064.75,-5.2503,8.1821,0.3717
1065.00,-4.7282,8.4851,-0.1564
1065.25,-4.3970,8.3902,0.0722
1065.50,-4.6938,8.8458,0.2314
1065.75,-5.4993,8.2687,0.2313
1066.00,-5.7292,8.2221,0.3870
1066.25,-5.0245,8.0626,0.5091
1066.50,-5.1617,8.1758,0.6975
1066.75,-4.0222,7.8166,0.5489
1067.00,-3.4055,7.4042,0.3653
1067.25,-3.8736,7.7347,0.1283
1067.50,-4.0750,8.4303,0.3507
1067.75,-4.1893,7.5586,0.1305
1068.00,-4.6060,7.4644,0.4443
1068.25,-4.6949,7.5926,0.3981
1068.50,-4.7678,8.1001,0.2077
1068.75,-4.8501,7.9481,0.1446
1069.00,-5.9667,7.2961,0.3990
1069.25,-6.1607,7.1199,0.8498
1069.50,-7.0731,7.5616,0.6045
1069.75,-6.7764,8.5702,0.6870
1070.00,-6.3127,8.9476,0.8191
1070.25,-5.9690,8.5231,0.8608
1070.50,-5.7873,7.8639,0.3608
1070.75,-6.2223,7.2719,0.6190
1071.00,-6.6699,6.7633,0.4598
1071.25,-6.1500,6.5515,0.9232
1071.50,-6.4107,6.6108,0.7747
1071.75,-6.0347,7.3476,1.0374
1072.00,-6.1426,7.9065,0.7708
1072.25,-6.0015,8.1359,0.9501
1072.50,-5.8421,8.3100,1.3556
1072.75,-5.3956,8.8301,1.7189
1073.00,-5.3574,9.1477,2.0293
1073.25,-4.6478,8.7719,1.7643
1073.50,-4.6419,8.4904,1.4852
1073.75,-5.4488,9.1048,1.4757
1074.00,-5.3692,8.4807,1.3919
1074.25,-5.6572,8.2234,1.2140
1074.50,-6.1264,7.9216,1.3017
1074.75,-6.1756,7.8856,0.9636
1075.00,-5.2747,7.8306,1.1340
1075.25,-4.7139,8.5758,1.0391
1075.50,-4.1047,9.0797,0.9369
1075.75,-4.1559,9.5628,1.2434
1076.00,-4.3523,10.2312,1.0426
1076.25,-4.0966,10.7796,1.2352
1076.50,-3.8785,11.0994,1.1263
1076.75,-3.2176,11.1716,0.5742
1077.00,-3.3256,10.9028,0.4869
1077.25,-3.4208,10.2169,0.7692
1077.50,-3.6938,9.4882,1.0043
1077.75,-4.0035,9.6595,1.0185
1078.00,-3.9274,9.7266,1.3946
1078.25,-4.0545,10.2571,1.8063
1078.50,-3.8996,10.2379,1.3479
1078.75,-2.4615,9.4406,0.9635
1079.00,-1.2857,9.0785,1.1064
1079.25,-1.6656,9.2512,0.7390
1079.50,-1.2575,9.2520,0.8692
1079.75,-1.0375,9.2259,1.0411
1080.00,-1.5170,8.5869,0.8029
1080.25,-1.4192,8.3231,0.5210
1080.50,-1.6929,7.7208,0.7595
1080.75,-2.9349,7.9351,0.3381
1081.00,-2.5749,7.9983,0.3941
1081.25,-1.5934,7.5259,0.7038
1081.50,-1.9466,7.3446,1.1212
1081.75,-2.0014,7.4364,1.3681
1082.00,-1.8538,7.0827,1.4894
1082.25,-1.2860,7.1478,1.0339
1082.50,-1.1608,7.7856,0.6985
1082.75,-1.7368,8.0947,0.7435
1083.00,-1.9913,8.0319,1.1805
1083.25,-1.8659,8.0626,1.2715
1083.50,-2.0578,9.1204,1.3458
1083.75,-1.7899,9.4523,1.4295
1084.00,-1.5331,10.1487,1.0973
1084.25,-1.7305,9.4861,0.5444
1084.50,-1.1229,8.6131,0.0424
1084.75,0.3620,8.1497,-0.5448
1085.00,-0.2920,8.5402,-0.6969
1085.25,-0.2555,8.2157,-0.7018
1085.50,-0.6230,7.8576,-0.0524
1085.75,-0.4676,7.3512,0.0805
1086.00,-1.4030,6.9339,-0.2058
1086.25,-1.2519,6.8316,-0.2633
1086.50,-1.0718,7.1863,-0.5925
1086.75,-1.2705,7.0788,-0.5514
1087.00,-1.6303,6.6848,-0.1976
1087.25,-1.0322,6.3513,-0.2434
1087.50,-0.4832,6.2103,-0.2747
1087.75,-0.7502,5.7191,-0.6324
1088.00,-0.4424,6.4032,-0.0132
1088.25,-0.1285,6.7757,0.0578
1088.50,-0.3496,7.0868,0.0894
1088.75,-0.4783,6.8244,0.0237
1089.00,-1.2712,6.5340,0.1395
1089.25,-1.7399,6.3044,0.4226
1089.50,-1.1711,6.2918,0.8985
1089.75,-0.5344,6.4898,0.9874
1090.00,0.1976,6.3352,1.2168
1090.25,0.6747,6.6148,1.4067
1090.50,0.2708,6.5125,1.3388
1090.75,-0.2836,6.7274,1.6250
1091.00,-0.8532,6.9771,2.3818
1091.25,-1.4011,7.4708,1.3769
1091.50,-1.6809,7.6815,0.9630
1091.75,-2.1419,7.9358,0.8145
1092.00,-2.0194,7.8107,0.7647
1092.25,-1.4838,7.5685,0.9125
1092.50,-1.9809,7.2187,1.2558
1092.75,-2.0399,7.4340,1.4174
1093.00,-1.8275,8.0868,1.4075
1093.25,-1.5232,8.0028,1.7012
1093.50,-1.0156,7.8762,1.4539
1093.75,-1.2102,7.6515,1.1388
1094.00,-1.5196,7.0363,0.8924
1094.25,-1.3514,7.0008,0.3706
1094.50,-0.8564,6.5897,0.7376
1094.75,-1.0549,6.5503,0.8224
1095.00,-1.7876,6.1475,0.7384
1095.25,-1.7468,6.2113,0.4833
1095.50,-1.0851,6.0477,0.0744
1095.75,-0.9624,5.9658,0.0482
1096.00,-0.1452,5.9274,-0.5553
1096.25,0.7304,5.7602,-0.5793
1096.50,0.9629,6.7079,-0.4973
1096.75,0.9301,7.4088,-0.3319
1097.00,-0.0769,7.9866,0.2533
1097.25,-0.8620,7.6604,0.9229
1097.50,-0.5846,8.1345,0.4981
1097.75,-0.4181,8.0749,0.2301
1098.00,-1.1754,8.1176,-0.0770
1098.25,-1.0888,7.8880,-0.3472
1098.50,-0.5281,7.7006,0.2577
1098.75,-1.0643,7.4021,0.7895
1099.00,-2.3230,6.5566,1.2336
1099.25,-1.0378,5.9863,1.3056
1099.50,-1.6663,6.1555,1.1728
1099.75,-1.1094,6.5559,0.7548
1100.00,-0.8333,6.5472,0.7779
1100.25,-1.2087,6.3591,0.4861
1100.50,-0.7138,6.7351,0.3947
1100.75,-0.1220,6.8506,0.6681
1101.00,0.3981,6.9354,1.1281
1101.25,1.0088,6.9750,0.8736
1101.50,1.1277,7.1302,0.7561
1101.75,1.0383,7.6000,0.5106
1102.00,0.2432,7.2353,0.5072
1102.25,-0.3765,7.0977,0.9204
1102.50,-1.5465,7.7488,0.7987
1102.75,-1.3849,8.2118,0.8116
1103.00,-0.5178,7.7286,1.0842
1103.25,-0.3230,7.9687,0.9877
1103.50,-0.9812,6.9223,1.3263
1103.75,-2.0182,6.7063,1.3081
1104.00,-2.6037,7.0459,0.9799
1104.25,-1.8863,7.1436,0.6692
1104.50,-2.0216,7.5338,0.2819
1104.75,-2.8389,8.1580,-0.2196
1105.00,-2.3214,8.6251,-0.3467
1105.25,-2.9995,9.0619,-0.5492
1105.50,-3.3917,9.5302,-0.1406
1105.75,-2.3105,9.2513,0.0723
1106.00,-1.6303,8.4972,0.0746
1106.25,-1.4350,7.3752,-0.4674
1106.50,-2.7538,7.3490,-0.1217
1106.75,-3.3162,7.9701,-0.1270
1107.00,-2.7693,8.3115,-0.5333
1107.25,-2.4327,8.3334,-1.2752
1107.50,-3.2384,9.1711,-0.7026
1107.75,-3.4480,9.2840,-0.7532
1108.00,-3.1767,9.2069,-0.9191
1108.25,-3.3284,8.2772,-0.9032
1108.50,-3.4511,7.6671,-1.0302
1108.75,-2.3957,8.0440,-0.5743
1109.00,-2.0224,8.2724,-0.2389
1109.25,-2.0142,8.5897,0.0608
1109.50,-3.9840,8.7375,-0.0265
1109.75,-4.3653,8.4272,-0.0556
1110.00,-3.6827,7.7851,-0.3998
1110.25,-3.3820,7.8750,-0.4437
1110.50,-3.2220,7.9890,-0.2451
1110.75,-3.2595,7.5350,0.0483
1111.00,-3.4565,7.1123,0.2850
1111.25,-3.2945,7.0074,0.0877
1111.50,-3.8788,7.0743,-0.4709
1111.75,-3.9219,6.2470,-0.8233
1112.00,-4.2317,5.5721,-0.6141
1112.25,-5.9518,5.3207,0.1271
1112.50,-6.1532,6.0546,0.7157
1112.75,-6.5021,5.8275,1.0062
1113.00,-6.9278,6.0055,1.1314
1113.25,-5.6017,6.0262,0.8428
1113.50,-5.4481,5.8009,0.8512
1113.75,-5.2867,5.0618,0.4995
1114.00,-6.1113,4.6043,0.4371
1114.25,-6.6439,4.3162,1.1253
1114.50,-6.7096,5.0477,1.0209
1114.75,-6.4035,6.0546,0.2946
1115.00,-6.1068,6.0671,0.2527
1115.25,-7.1776,5.2999,-0.0250
1115.50,-7.6546,5.0390,0.3905
1115.75,-8.7112,5.4885,1.0833
1116.00,-9.1080,5.7750,1.1883
1116.25,-8.5507,5.2218,1.1162
1116.50,-7.6515,5.0822,0.4912
1116.75,-7.2281,4.6353,-0.3326
1117.00,-7.6585,4.4845,-0.5348
1117.25,-7.3147,4.5297,-0.5537
1117.50,-7.4384,3.4459,-0.2414
1117.75,-7.6532,2.3383,0.0237
1118.00,-8.5832,2.1418,0.1033
1118.25,-8.5904,2.1106,0.7235
1118.50,-8.1002,0.8876,0.3800
1118.75,-8.4577,1.2141,0.0143
1119.00,-8.6347,1.8158,-0.0518
1119.25,-9.1766,2.3219,-0.0814
1119.50,-8.0555,3.3559,-0.7851
1119.75,-8.5994,4.0179,-1.1594
1120.00,-8.9642,4.5518,-0.4581
1120.25,-7.9386,4.6904,-0.3327
1120.50,-8.0869,4.6642,-0.3573
1120.75,-8.9521,4.4559,-0.8023
1121.00,-9.2865,3.7884,-0.9279
1121.25,-9.3446,2.9962,-1.0780
1121.50,-9.4674,2.6915,-0.8890
1121.75,-8.5972,3.2433,-0.3876
1122.00,-8.0754,4.4270,0.0621
1122.25,-8.1626,5.0367,-0.4980
1122.50,-7.6128,5.1333,-0.7158
1122.75,-7.4426,5.8973,-0.7847
1123.00,-7.8314,4.6727,-0.9693
1123.25,-8.6039,4.7523,-0.4744
1123.50,-9.6174,5.2060,-0.3253
1123.75,-9.1243,4.6855,-0.6729
1124.00,-8.3744,3.8226,-1.1796
1124.25,-7.9670,4.0671,-1.9253
1124.50,-7.7153,3.9644,-1.7617
1124.75,-7.8959,4.6857,-1.8481
1125.00,-8.5686,4.7992,-1.8303
1125.25,-9.0497,5.0393,-1.7012
1125.50,-9.6655,4.6583,-1.7251
1125.75,-10.0133,4.6092,-1.3181
1126.00,-9.7338,5.0848,-1.0103
1126.25,-9.8717,5.3507,-1.2820
1126.50,-8.6754,4.8798,-0.8173
1126.75,-7.8455,4.8895,-0.2990
1127.00,-7.5738,4.6719,-0.2050
1127.25,-6.4838,3.5564,-0.8391
1127.50,-6.0820,3.6330,-0.8069
1127.75,-6.4054,3.7626,-0.4428
1128.00,-6.1086,3.9305,-0.6830
1128.25,-5.1803,3.9387,-0.5781
1128.50,-3.9145,3.9796,0.1719
1128.75,-4.0131,4.3897,0.8053
1129.00,-4.5350,4.3528,0.9980
1129.25,-5.3622,4.3743,0.7092
1129.50,-5.1432,4.5537,-0.0008
1129.75,-4.7569,4.6537,-0.3690
1130.00,-4.6854,3.7574,-0.9675
1130.25,-3.8610,4.0422,-0.6244
1130.50,-3.5558,4.0310,0.1644
1130.75,-3.1326,3.7726,0.3002
1131.00,-4.5156,3.3360,1.0156
1131.25,-5.3406,2.9644,1.3164
1131.50,-5.7399,3.3217,0.8332
1131.75,-6.4532,3.4803,0.6679
1132.00,-5.8615,3.5808,0.6854
1132.25,-5.2717,3.9453,0.8212
1132.50,-5.1799,3.7483,0.9504
1132.75,-5.7329,4.3154,1.1093
1133.00,-5.6753,5.0495,0.8859
1133.25,-5.8248,5.1026,1.0095
1133.50,-5.5443,5.3065,0.6790
1133.75,-5.5757,5.8528,0.5477
1134.00,-6.1713,6.3787,0.3939
1134.25,-6.7780,6.3627,0.0529
1134.50,-6.5042,5.9020,-0.0350
1134.75,-7.9217,5.2170,0.2697
1135.00,-8.9561,5.6842,0.7632
1135.25,-8.7333,5.6053,1.1005
1135.50,-7.8371,5.6127,1.0605
1135.75,-7.3793,5.3227,0.5760
1136.00,-6.2031,5.6360,0.7218
1136.25,-5.8690,5.7415,0.6859
1136.50,-5.4327,5.1824,0.8525
1136.75,-5.6902,4.6309,1.1822
1137.00,-6.4024,4.1916,1.3676
1137.25,-6.2378,3.4609,1.3615
1137.50,-6.0323,3.3775,1.2411
1137.75,-5.9966,4.3665,0.8704
1138.00,-6.2286,4.2696,1.0617
1138.25,-6.4198,3.5386,1.4164
1138.50,-6.3545,3.3796,1.1912
1138.75,-6.5382,3.3446,0.4312
1139.00,-6.4028,3.1460,0.2095
1139.25,-6.1738,3.3110,-0.0018
1139.50,-6.1311,3.3648,0.3661
1139.75,-6.1764,2.9705,0.2971
1140.00,-5.8981,2.9601,0.1388
1140.25,-5.2758,3.0989,0.6819
1140.50,-4.5332,3.6488,0.9270
1140.75,-4.1170,4.7314,0.9937
1141.00,-4.6765,4.8871,1.1192
1141.25,-4.6679,5.0143,0.6762
1141.50,-5.5402,4.3984,0.1678
1141.75,-5.0812,4.4961,-0.5220
1142.00,-5.7734,4.2968,-0.8764
1142.25,-4.5756,4.6882,-0.5485
1142.50,-3.8401,5.1871,0.0917
1142.75,-3.3037,5.5679,0.5880
1143.00,-4.4402,5.6698,0.3174
1143.25,-5.7116,5.0959,-0.5844
1143.50,-6.2665,4.8344,-0.7108
1143.75,-6.3454,4.4755,-0.7354
1144.00,-6.1460,4.2729,-0.6053
1144.25,-5.6649,4.2059,-0.6695
1144.50,-5.1867,4.6665,-0.3372
1144.75,-5.4757,4.8841,-0.3551
1145.00,-5.7223,4.8232,-0.1602
1145.25,-6.1561,4.8014,-0.1276
1145.50,-6.7218,4.3204,-0.5272
1145.75,-6.7723,3.5170,-0.7745
1146.00,-7.1947,3.5530,-0.6693
1146.25,-7.7430,3.6223,-0.4001
1146.50,-6.8623,3.6373,-0.5958
1146.75,-6.0233,3.8851,-0.5002
1147.00,-5.4247,4.2985,-0.4196
1147.25,-5.0336,4.2269,-0.3356
1147.50,-4.8503,3.7785,-0.1404
1147.75,-4.5945,3.8417,-0.9801
1148.00,-3.9734,3.7538,-1.2971
1148.25,-4.5563,4.2803,-1.1451
1148.50,-4.2260,4.5821,-1.0461
1148.75,-4.1524,3.9914,-1.3631
1149.00,-5.1572,3.6611,-1.5875
1149.25,-4.7685,3.4616,-1.5970
1149.50,-4.5618,3.1741,-1.3857
1149.75,-3.3917,3.2487,-1.2790
1150.00,-2.7807,3.5420,-1.2910
1150.25,-3.4691,3.6153,-1.1341
1150.50,-3.7664,3.4885,-0.9570
1150.75,-4.4390,3.2928,-0.5280
1151.00,-4.6135,3.4393,-0.7252
1151.25,-4.5640,3.5435,-0.9046
1151.50,-5.0466,3.7485,-1.0183
1151.75,-5.0769,3.6987,-1.0173
1152.00,-4.3637,3.7961,-1.3628
1152.25,-5.2142,3.7571,-1.5756
1152.50,-5.8500,3.5324,-1.3949
1152.75,-6.3941,4.0556,-1.2814
1153.00,-6.0770,4.9152,-1.2462
1153.25,-5.9777,4.4612,-1.3033
1153.50,-5.6524,4.3345,-1.5304
1153.75,-6.1525,4.4145,-1.4611
1154.00,-6.9997,4.7231,-0.7494
1154.25,-7.0352,3.9508,-0.3116
1154.50,-6.6362,3.6935,-0.4862
1154.75,-6.2839,4.1831,0.0867
1155.00,-6.9592,3.7727,0.2539
1155.25,-6.7818,4.5081,0.2078
1155.50,-7.3478,5.1694,-0.1534
1155.75,-7.4535,5.4003,-0.9394
1156.00,-7.1659,5.6027,-1.6135
1156.25,-6.9140,5.9649,-2.2900
1156.50,-6.3857,6.7319,-2.1399
1156.75,-6.0065,6.8662,-1.7978
1157.00,-5.5719,6.4489,-1.2497
1157.25,-5.0447,6.4235,-1.1927
1157.50,-5.7386,5.5734,-0.7971
1157.75,-6.4512,6.2564,-0.5367
1158.00,-6.1782,6.4548,-0.8823
1158.25,-6.2872,7.1514,-1.2276
1158.50,-6.9767,7.6841,-1.2762
1158.75,-6.4046,6.1982,-1.1922
1159.00,-6.5642,5.4933,-1.2575
1159.25,-6.6509,5.3790,-1.6912
1159.50,-6.3382,5.8611,-1.2721
1159.75,-5.4303,5.7266,-0.9751
1160.00,-5.7073,5.5906,-0.6281
1160.25,-5.4832,5.4012,-0.5442
1160.50,-5.8710,5.5757,-0.2783
1160.75,-5.9082,6.0221,0.1574
1161.00,-6.4230,5.6588,0.5287
1161.25,-6.3131,5.2699,0.1961
1161.50,-5.8388,4.7872,-0.4762
1161.75,-5.2941,4.9325,-0.4829
1162.00,-5.5456,5.0935,-0.7011
1162.25,-4.6824,5.6316,-1.6062
1162.50,-5.4136,4.9893,-1.7287
1162.75,-5.1790,4.9179,-1.4598
1163.00,-4.6609,5.2216,-0.8935
1163.25,-4.5358,6.3802,-0.0920
1163.50,-4.6417,6.6973,0.5137
1163.75,-4.2934,5.8617,0.3554
1164.00,-4.2585,5.1407,-0.1062
1164.25,-4.2842,4.7837,0.2732
1164.50,-3.7249,4.7311,0.0058
1164.75,-4.1086,4.9021,0.0625
1165.00,-4.3061,4.6254,0.5869
1165.25,-4.5637,5.0049,0.8180
1165.50,-4.6552,4.4300,0.5578
1165.75,-4.8431,3.7772,-0.2502
1166.00,-4.2035,2.7488,-0.6656
1166.25,-3.7953,2.6857,-0.8233
1166.50,-3.8070,2.4906,-0.7718
1166.75,-4.2856,2.4286,-1.0419
1167.00,-4.5488,1.8320,-0.8595
1167.25,-5.0502,2.2773,-0.7881
1167.50,-5.7211,2.6192,-0.8326
1167.75,-5.6094,2.6220,-0.7367
1168.00,-4.4462,2.3681,-1.3321
1168.25,-3.9486,2.8862,-1.7877
1168.50,-5.0083,2.4688,-1.9159
1168.75,-5.5697,2.2390,-2.0621
1169.00,-6.2617,3.1039,-1.7894
1169.25,-6.7872,3.8702,-1.9978
1169.50,-6.6697,3.7812,-2.1137
1169.75,-6.5607,3.6761,-2.0780
1170.00,-6.3320,4.1309,-2.3589
1170.25,-6.5804,4.4537,-2.2787
1170.50,-7.2623,4.3073,-2.3632
1170.75,-6.6698,4.1231,-2.3971
1171.00,-6.7755,3.9563,-2.6803
1171.25,-6.5343,4.1623,-2.3331
1171.50,-5.9678,4.0863,-3.1466
1171.75,-5.7064,4.1080,-2.7899
1172.00,-5.1390,3.9579,-3.2622
1172.25,-5.5086,3.2763,-3.4610
1172.50,-4.7195,3.1244,-3.0827
1172.75,-4.7380,3.6139,-2.8239
1173.00,-4.4506,4.2121,-2.4616
1173.25,-4.3392,4.2675,-3.0822
1173.50,-4.6212,5.2245,-3.3604
1173.75,-5.5503,4.8997,-3.5031
1174.00,-5.9711,4.6630,-3.2840
1174.25,-6.2834,4.7544,-2.7435
1174.50,-5.1856,4.4000,-2.5762
1174.75,-3.8206,4.8730,-2.7618
1175.00,-2.9006,5.0760,-3.1753
1175.25,-2.9629,4.6415,-3.0097
1175.50,-4.7746,4.2640,-2.5214
1175.75,-5.9735,3.9507,-2.3329
1176.00,-5.9378,3.1320,-2.3083
1176.25,-5.5656,2.0303,-2.1333
1176.50,-5.3756,1.6346,-2.2700
1176.75,-6.0179,1.7758,-2.9517
1177.00,-6.3018,2.8866,-3.1365
1177.25,-5.2930,3.0329,-3.0071
1177.50,-4.7850,3.6456,-2.4053
1177.75,-4.3901,4.0713,-2.2617
1178.00,-4.8262,3.8710,-2.3528
1178.25,-6.1728,4.0361,-2.3419
1178.50,-5.1323,3.8712,-2.4904
1178.75,-3.9211,4.0947,-1.9197
1179.00,-3.4997,4.5523,-2.0662
1179.25,-4.4991,4.9423,-2.2604
1179.50,-4.9555,4.6706,-2.0149
1179.75,-4.8388,4.6376,-1.4573
1180.00,-5.5888,5.2017,-1.2907
1180.25,-6.1740,4.5711,-0.7167
1180.50,-5.6903,4.3051,-0.3587
1180.75,-4.5942,4.7766,-0.1294
1181.00,-4.2053,5.2829,-0.8645
1181.25,-4.1003,5.2061,-1.2646
1181.50,-3.6744,4.7850,-0.7186
1181.75,-3.7705,4.1343,-0.3797
1182.00,-4.1533,3.8817,-0.4636
1182.25,-4.1385,4.3815,-0.1018
1182.50,-3.6461,4.8554,-0.1387
1182.75,-3.2874,5.8089,-0.5228
1183.00,-3.6044,6.3585,-0.0571
1183.25,-4.0075,5.8327,-0.0612
1183.50,-4.2572,5.1269,-0.5094
1183.75,-4.0884,4.1595,-0.6554
1184.00,-4.1599,3.5580,-0.6037
1184.25,-4.0547,3.8594,-0.7250
1184.50,-3.2474,3.8692,-0.8429
1184.75,-3.2359,3.9058,-1.1657
1185.00,-3.5026,3.5706,-1.4516
1185.25,-3.9263,3.6124,-1.3672
1185.50,-4.0811,3.8774,-1.1321
1185.75,-3.9463,3.9359,-0.9572
1186.00,-4.6311,4.5307,-1.6283
1186.25,-5.5349,4.7819,-1.3944
1186.50,-4.9482,3.6421,-1.1440
1186.75,-5.2012,3.6836,-0.9282
1187.00,-5.1570,3.5231,-0.7263
1187.25,-5.7620,2.9611,-0.1685
1187.50,-6.5421,2.4050,-0.4320
1187.75,-6.4931,2.7980,-0.9299
1188.00,-5.6437,2.9816,-1.1076
1188.25,-4.9398,2.9829,-1.0476
1188.50,-5.4578,3.1789,-0.9989
1188.75,-5.2863,3.6027,-1.0645
1189.00,-5.6472,2.9591,-0.8486
1189.25,-6.4834,2.6868,-1.0801
1189.50,-6.7504,3.6104,-0.7759
1189.75,-6.6400,4.0185,-1.1129
1190.00,-6.7870,3.5448,-1.7213
1190.25,-6.7867,2.8580,-1.8806
1190.50,-6.8627,2.2929,-1.6172
1190.75,-7.2418,0.9969,-1.4228
1191.00,-7.3831,1.4225,-0.7025
1191.25,-7.6670,1.4188,-0.4330
1191.50,-8.1335,1.3928,-0.2419
1191.75,-8.5917,1.2739,-0.8163
1192.00,-8.2779,2.5691,-1.1428
1192.25,-8.0652,2.8135,-0.2728
1192.50,-7.6244,2.1365,-0.0836
1192.75,-6.5881,2.2640,0.3036
1193.00,-5.7021,2.0064,0.5027
1193.25,-4.7483,1.8544,-0.2705
1193.50,-5.3740,2.0097,-0.3155
1193.75,-5.1736,2.1457,-0.1390
1194.00,-6.3498,2.0271,-0.1355
1194.25,-6.4360,2.8217,-0.8196
1194.50,-5.8042,3.6973,-1.2510
1194.75,-5.0749,3.6904,-1.5796
1195.00,-4.6437,4.4419,-1.9088
1195.25,-4.9135,4.7514,-1.7206
1195.50,-4.8719,4.1727,-1.8937
1195.75,-5.6047,3.5935,-1.8325
1196.00,-5.4149,3.6527,-1.6684
1196.25,-5.7582,3.3409,-1.9253
1196.50,-5.7814,2.8653,-1.6551
1196.75,-5.0926,3.0009,-1.7743
1197.00,-4.7256,3.5093,-2.1594
1197.25,-4.8596,3.2574,-2.7644
1197.50,-4.6178,3.3671,-2.6381
1197.75,-3.9051,2.2016,-2.4888
1198.00,-4.3505,1.3791,-2.1440
1198.25,-4.0316,1.1730,-2.4656
1198.50,-3.7498,1.0963,-2.0078
1198.75,-5.0809,1.6980,-1.7433
1199.00,-6.0847,1.6678,-1.2611
1199.25,-6.5906,2.4760,-0.8748
1199.50,-6.5564,2.6652,-1.0419
1199.75,-6.4460,2.0586,-1.1313
1200.00,-6.5097,1.8135,-1.5502
1200.25,-7.1360,1.2902,-1.8855
1200.50,-8.4207,1.5591,-2.5397
1200.75,-8.5621,1.2866,-2.7009
1201.00,-8.7881,1.5343,-2.3816
1201.25,-8.7487,2.3180,-1.8596
1201.50,-8.7089,2.2611,-1.0719
1201.75,-8.4251,2.3843,-1.1891
1202.00,-7.4449,2.2995,-0.5320
1202.25,-6.8876,1.6129,-0.6869
1202.50,-6.5222,1.8645,-1.1177
1202.75,-6.6347,1.8411,-1.6131
1203.00,-6.5424,2.8118,-1.8479
1203.25,-6.4702,3.9861,-2.4717
1203.50,-6.6388,4.4469,-1.9380
1203.75,-6.2379,4.8491,-1.4415
1204.00,-6.7175,4.9499,-0.6619
1204.25,-7.5642,4.1534,-0.3974
1204.50,-7.1667,3.5871,-0.8353
1204.75,-7.0864,3.0501,-1.1319
1205.00,-6.7169,2.6551,-0.9859
1205.25,-6.4185,2.5383,-0.8656
1205.50,-5.8469,3.0116,-1.3415
1205.75,-4.8732,3.6421,-2.0295
1206.00,-4.2369,3.6866,-2.2765
1206.25,-4.1215,3.0354,-2.9074
1206.50,-5.0208,3.0564,-3.0445
1206.75,-4.6822,3.8788,-2.5008
1207.00,-4.5718,3.3560,-1.5806
1207.25,-5.6953,2.6684,-0.7294
1207.50,-6.8541,2.3532,-0.5959
1207.75,-6.2892,2.6697,-0.5088
1208.00,-5.5689,3.3636,-0.6982
1208.25,-5.3001,3.4025,-0.2650
1208.50,-5.4866,3.3949,-0.4056
1208.75,-5.8596,3.7278,-0.8146
1209.00,-5.2245,4.7779,-0.6175
1209.25,-5.3830,5.0345,-0.4068
1209.50,-5.9785,4.5187,-0.3790
1209.75,-5.8250,4.2190,-1.0509
1210.00,-5.3732,3.7727,-1.9932
1210.25,-5.0671,4.6541,-2.0527
1210.50,-5.2138,5.2031,-1.7802
1210.75,-5.4964,4.7156,-1.0675
1211.00,-6.0983,4.3821,-0.6889
1211.25,-5.9046,5.1433,-0.7413
1211.50,-6.4762,5.9118,-1.2217
1211.75,-6.1752,5.4624,-1.4281
1212.00,-5.0893,5.1823,-1.5844
1212.25,-4.4985,4.8451,-1.5109
1212.50,-4.0290,4.6986,-1.2475
1212.75,-4.8606,4.9504,-1.2014
1213.00,-5.1806,5.3729,-0.7910
1213.25,-5.5830,5.0266,-0.3550
1213.50,-6.5476,5.0560,-0.8006
1213.75,-7.2649,4.5477,-1.0849
1214.00,-7.1904,4.0464,-0.8395
1214.25,-7.5402,4.2904,-0.5154
1214.50,-7.0482,5.1908,0.2245
1214.75,-6.5342,4.8202,0.1125
1215.00,-6.0185,4.6512,0.1365
1215.25,-6.0682,4.4588,-0.4938
1215.50,-6.4692,4.0562,-1.0605
1215.75,-6.4362,3.7910,-1.4422
1216.00,-5.9030,3.3044,-1.7395
1216.25,-4.4749,3.3920,-2.3168
1216.50,-4.1272,4.4499,-2.2603
1216.75,-4.2655,3.9144,-2.2527
1217.00,-4.2355,3.2055,-1.3511
1217.25,-4.1901,2.9338,-0.1100
1217.50,-4.6720,3.3815,0.0467
1217.75,-4.4072,4.1439,0.6004
1218.00,-4.2933,4.4603,0.6586
1218.25,-4.7064,3.8565,0.2545
1218.50,-4.5831,3.4309,-0.1225
1218.75,-4.4870,3.1764,-0.4420
1219.00,-4.8598,2.6977,-0.2936
1219.25,-4.5039,2.4983,0.0137
1219.50,-5.5447,2.2505,-0.0754
1219.75,-4.8456,1.8825,0.3757
1220.00,-5.1381,1.5920,0.1549
1220.25,-5.1950,1.9629,0.6414
1220.50,-4.8230,2.6502,0.9870
1220.75,-5.0610,2.5923,1.0273
1221.00,-5.3910,2.6730,1.8965
1221.25,-5.4091,2.7516,2.6081
1221.50,-4.8393,3.2315,2.0198
1221.75,-4.8488,3.3826,1.6432
1222.00,-4.9811,2.7642,0.9228
1222.25,-4.8111,2.7803,0.8849
1222.50,-6.0204,3.1830,1.2726
1222.75,-5.8242,3.5337,1.4134
1223.00,-6.1414,4.4893,1.1445
1223.25,-4.2241,4.9286,0.7968
1223.50,-4.0747,5.0273,0.0775
1223.75,-3.8447,4.3796,0.0554
1224.00,-3.7190,3.7807,0.1316
1224.25,-3.7147,3.9162,-0.4360
1224.50,-4.5599,4.0407,-0.7407
1224.75,-5.1995,4.1558,-0.5348
1225.00,-4.2421,3.5578,-0.2566
1225.25,-3.3808,4.1144,0.2581
1225.50,-3.6415,5.3282,0.2061
1225.75,-4.5348,5.7784,0.1271
1226.00,-4.9366,5.6734,0.1437
1226.25,-5.2932,5.4036,0.5841
1226.50,-5.9130,5.5209,0.9097
1226.75,-6.5151,5.3906,1.2880
1227.00,-6.4473,6.2441,1.1408
1227.25,-5.6777,5.6338,0.8289
1227.50,-4.3688,5.3877,0.8255
1227.75,-4.2710,4.7887,1.0712
1228.00,-4.5848,5.7899,1.2488
1228.25,-4.7786,6.6508,1.1112
1228.50,-5.0383,6.9371,0.6501
1228.75,-4.1666,6.5441,0.0519
1229.00,-2.9832,5.2087,0.2718
1229.25,-3.4498,4.9173,0.4160
1229.50,-3.1985,4.5390,0.4794
1229.75,-3.4179,4.4865,0.2916
1230.00,-3.7611,5.1254,0.0367
1230.25,-2.9049,5.4721,0.0377
1230.50,-1.8636,6.9569,0.5392
1230.75,-2.6892,6.9712,0.3613
1231.00,-3.6143,6.8908,0.2132
1231.25,-4.7935,6.9475,-0.1332
1231.50,-5.1740,6.5859,-0.7300
1231.75,-4.0592,6.3407,-0.8283
1232.00,-2.7084,5.8188,-0.3332
1232.25,-2.3631,5.5719,0.1718
1232.50,-1.7348,4.7579,0.4256
1232.75,-1.6961,4.6075,0.5203
1233.00,-2.1674,4.7138,0.8491
1233.25,-2.3872,4.9456,0.9370
1233.50,-2.5471,4.9075,0.6887
1233.75,-2.8934,4.4510,0.6429
1234.00,-3.9257,4.4524,0.7454
1234.25,-3.5056,4.6498,0.8953
1234.50,-3.3245,4.9222,1.0544
1234.75,-3.2318,5.6134,1.3999
1235.00,-3.6874,5.7119,1.2929
1235.25,-4.5880,5.9486,0.5881
1235.50,-3.8903,5.9631,0.2516
1235.75,-3.6657,6.5827,0.6788
1236.00,-2.4692,6.7877,1.3242
1236.25,-2.1006,6.5967,1.2282
1236.50,-2.2954,5.9390,1.4431
1236.75,-2.5951,5.4951,1.5125
1237.00,-2.7138,5.7284,1.9748
1237.25,-2.1194,5.6675,1.8426
1237.50,-2.5688,5.7263,1.8061
1237.75,-3.7532,5.4996,2.4633
1238.00,-4.0291,5.1389,2.7074
1238.25,-4.3823,4.7553,2.7419
1238.50,-4.5322,4.1935,2.7347
1238.75,-6.0107,3.7535,3.2341
1239.00,-7.7675,4.5277,3.3553
1239.25,-7.6716,4.4900,3.5870
1239.50,-7.5575,4.0316,3.4364
1239.75,-7.0597,4.0218,3.2382
1240.00,-5.7532,4.3480,2.4725
1240.25,-5.3791,5.4254,2.3373
1240.50,-5.4416,5.3647,2.8782
1240.75,-5.7153,4.1310,2.6321
1241.00,-6.3482,4.2613,2.7275
1241.25,-5.3366,4.0547,2.9039
1241.50,-5.6017,3.8880,2.4929
1241.75,-5.7608,3.9515,2.6034
1242.00,-5.9127,3.4168,2.3375
1242.25,-6.6911,2.3078,2.0026
1242.50,-6.7635,2.7954,1.7650
1242.75,-6.6583,3.0759,1.9848
1243.00,-7.2818,3.4690,1.9746
1243.25,-7.7134,3.9661,2.3131
1243.50,-7.6723,4.8686,1.8666
1243.75,-7.3947,5.3392,2.0300
1244.00,-7.8781,5.3327,2.5671
1244.25,-8.0809,5.4827,2.6087
1244.50,-7.9178,5.4111,2.6909
1244.75,-7.6880,5.7480,2.4074
1245.00,-7.1457,5.3414,2.3661
1245.25,-6.9552,5.1971,2.2019
1245.50,-8.3320,4.9406,2.0710
1245.75,-8.7837,4.4500,1.9763
1246.00,-8.5718,4.0757,2.0359
1246.25,-7.2321,3.8794,2.0678
1246.50,-5.9429,3.8627,1.6891
1246.75,-5.9992,4.3311,1.7040
1247.00,-5.8505,4.0590,2.5163
1247.25,-6.0663,3.7398,2.9366
1247.50,-6.4999,3.7461,2.2230
1247.75,-6.6837,3.3578,1.9494
1248.00,-6.0542,2.8790,1.5745
1248.25,-6.7787,2.9831,1.6962
1248.50,-7.5891,4.2567,2.4822
1248.75,-7.1432,4.9133,3.5278
1249.00,-6.3857,4.1097,3.3861
1249.25,-6.0195,3.4452,2.6843
1249.50,-6.4711,3.5558,2.4356
1249.75,-5.8684,3.1516,2.0701
1250.00,-5.7785,2.9113,1.6257
1250.25,-6.1648,2.5601,1.1739
1250.50,-6.1011,2.2926,1.2158
1250.75,-6.1343,2.3957,1.5529
1251.00,-5.3619,2.0660,2.0266
1251.25,-3.9512,1.6900,1.8072
1251.50,-4.1199,1.3656,1.3461
1251.75,-4.3163,1.0196,0.7539
1252.00,-4.5028,1.2071,0.4248
1252.25,-4.5297,1.4042,-0.2877
1252.50,-5.0526,2.0818,-0.4677
1252.75,-4.3406,1.8673,-0.3602
1253.00,-3.5010,1.7595,-0.0829
1253.25,-4.0686,2.1104,0.0055
1253.50,-4.5402,2.5507,0.1756
1253.75,-4.9019,2.0071,0.3761
1254.00,-4.4294,1.1015,0.4096
1254.25,-4.0743,1.2462,0.6380
1254.50,-4.5885,1.8341,1.1772
1254.75,-6.3239,2.4717,1.6099
1255.00,-6.7244,3.0272,1.6664
1255.25,-5.7300,3.6254,1.2576
1255.50,-4.4597,4.1424,1.4532
1255.75,-4.1547,4.3218,1.5997
1256.00,-4.6211,3.5514,1.7510
1256.25,-5.3280,2.9566,1.6587
1256.50,-5.1592,3.0052,1.0045
1256.75,-6.4100,2.5986,1.2070
1257.00,-6.9237,2.8647,1.2605
1257.25,-6.6664,3.4414,0.5957
1257.50,-5.7633,3.8157,0.5664
1257.75,-5.2909,3.5835,0.6152
1258.00,-6.2234,3.9832,0.9066
1258.25,-6.5649,4.1983,0.9897
1258.50,-6.6855,3.9402,0.7908
1258.75,-6.4880,3.7627,1.3337
1259.00,-6.7943,2.8354,1.0671
1259.25,-7.5007,2.7300,0.6712
1259.50,-7.2984,3.0401,0.9277
1259.75,-7.4837,4.0760,0.4992
1260.00,-6.5039,4.6240,0.4345
1260.25,-5.0700,4.1941,0.4786
1260.50,-4.5142,2.7821,0.5786
1260.75,-4.7637,2.7708,0.4426
1261.00,-6.1122,2.8741,0.3085
1261.25,-5.7300,2.5972,0.5042
1261.50,-5.2177,2.8341,0.8063
1261.75,-4.2852,2.3975,0.3975
1262.00,-5.1674,1.8528,1.0929
1262.25,-6.3973,2.0450,1.6301
1262.50,-6.7668,2.2468,1.5472
1262.75,-7.4539,2.5433,1.1194
1263.00,-7.4682,3.2144,1.0160
1263.25,-6.1553,3.8869,0.9609
1263.50,-6.9025,4.9554,0.8680
1263.75,-6.4099,4.5736,0.6322
1264.00,-6.2093,4.5551,1.0002
1264.25,-6.8782,5.2962,1.4170
1264.50,-5.6528,5.8868,1.0893
1264.75,-6.0410,5.6733,0.8547
1265.00,-6.3888,4.5832,0.4715
1265.25,-7.1659,4.4253,0.1596
1265.50,-7.1240,4.2297,-0.1759
1265.75,-6.3410,3.6858,-0.2621
1266.00,-6.3342,4.1108,-0.2612
1266.25,-5.7490,3.9778,-0.2411
1266.50,-5.8893,4.0078,0.3575
1266.75,-5.9349,3.4450,1.0068
1267.00,-7.0685,2.9971,1.3323
1267.25,-6.9772,2.6480,0.7464
1267.50,-7.2227,3.0814,0.2114
1267.75,-7.1418,3.0854,0.3316
1268.00,-6.8989,2.7383,-0.0345
1268.25,-6.8241,2.1250,-0.1107
1268.50,-7.2907,2.8359,-0.0896
1268.75,-7.7365,3.2076,-0.1577
1269.00,-7.4834,2.6993,-0.1442
1269.25,-7.0758,2.9213,0.6269
1269.50,-7.3137,2.4158,0.6614
1269.75,-6.8988,2.4034,0.6885
1270.00,-7.6512,2.1270,1.1006
1270.25,-7.5856,1.4256,1.1963
1270.50,-6.9079,1.9420,0.8422
1270.75,-6.7441,2.1377,0.4210
1271.00,-7.0014,2.1933,0.3114
1271.25,-7.0517,2.2472,0.1600
1271.50,-7.7935,2.2155,-0.0829
1271.75,-7.3040,2.2523,0.0624
1272.00,-7.0704,3.1084,0.4018
1272.25,-6.3021,3.4488,0.3496
1272.50,-6.8778,3.6248,0.6594
1272.75,-6.6123,3.4901,0.9251
1273.00,-7.1088,3.0278,0.3266
1273.25,-6.4904,3.1023,-0.3963
1273.50,-6.2980,2.8416,-0.1343
1273.75,-6.4336,2.6693,-0.2129
1274.00,-5.9618,2.9139,0.0990
1274.25,-5.8369,2.8190,0.2586
1274.50,-5.1360,2.4147,0.2306
1274.75,-5.1371,1.7950,0.0379
1275.00,-4.3156,1.4408,0.0030
1275.25,-3.7861,1.7162,0.0719
1275.50,-3.8035,1.4024,0.9239
1275.75,-3.9621,1.4958,1.5596
1276.00,-3.5868,1.3934,1.0080
1276.25,-3.2370,0.8487,0.7564
1276.50,-2.9853,1.4126,1.2059
1276.75,-2.6752,1.9846,0.6241
1277.00,-2.8426,2.0971,0.1847
1277.25,-3.1611,3.2756,0.3642
1277.50,-3.5104,3.0922,0.3315
1277.75,-2.7956,2.8833,-0.1068
1278.00,-2.2275,3.7364,0.1232
1278.25,-2.7176,4.0198,0.6418
1278.50,-2.9623,3.6661,-0.0889
1278.75,-3.6488,3.7899,0.0968
1279.00,-4.1218,3.9329,0.1758
1279.25,-3.5865,3.2522,0.4408
1279.50,-2.3931,3.2606,-0.0198
1279.75,-3.0882,2.5219,0.3605
1280.00,-4.2426,2.0427,0.0930
1280.25,-4.2820,2.1156,0.2720
1280.50,-4.6141,3.3024,1.0166
1280.75,-3.6377,3.9910,1.2920
1281.00,-3.7102,3.8271,1.5238
1281.25,-3.2598,2.3124,1.3166
1281.50,-3.3142,1.2120,1.0545
1281.75,-2.8005,1.5026,1.3310
1282.00,nan,nan,nan
1282.25,nan,nan,nan
1282.50,nan,nan,nan
1282.75,nan,nan,nan
1283.00,nan,nan,nan
1283.25,nan,nan,nan
1283.50,nan,nan,nan
1283.75,nan,nan,nan
1284.00,nan,nan,nan
1284.25,nan,nan,nan
1284.50,nan,nan,nan
1284.75,nan,nan,nan
1285.00,nan,nan,nan
1285.25,nan,nan,nan
1285.50,nan,nan,nan
1285.75,nan,nan,nan
1286.00,nan,nan,nan
1286.25,nan,nan,nan
1286.50,nan,nan,nan
1286.75,nan,nan,nan
1287.00,nan,nan,nan
1287.25,nan,nan,nan
1287.50,nan,nan,nan
1287.75,nan,nan,nan
1288.00,nan,nan,nan
1288.25,nan,nan,nan
1288.50,nan,nan,nan
1288.75,nan,nan,nan
1289.00,nan,nan,nan
1289.25,nan,nan,nan
1289.50,nan,nan,nan
1289.75,nan,nan,nan
1290.00,nan,nan,nan
1290.25,nan,nan,nan
1290.50,nan,nan,nan
1290.75,-1.7396,5.2728,0.7743
1291.00,-2.1429,5.1375,0.5467
1291.25,-4.0560,4.5245,-0.1380
1291.50,-4.4608,4.3038,0.1587
1291.75,-4.3695,4.9678,-0.3101
1292.00,-4.4448,4.9060,-0.4548
1292.25,-4.3678,3.9976,0.3186
1292.50,-3.2485,3.5311,0.7940
1292.75,-3.3465,3.3130,0.5755
1293.00,-2.7393,2.7792,0.1413
1293.25,-2.5702,2.2165,-0.1255
1293.50,-3.4636,2.3024,-0.0210
1293.75,-4.2033,1.9527,0.1632
1294.00,-4.6718,1.7208,0.1894
1294.25,-3.9921,1.6236,0.7653
1294.50,-3.3219,1.1176,1.0909
1294.75,-3.6126,0.9364,0.9679
1295.00,-3.1222,1.2056,0.9923
1295.25,-3.6556,1.8076,1.1805
1295.50,-3.5834,2.5101,1.5997
1295.75,-3.6127,2.8838,1.8263
1296.00,-3.9696,2.6120,2.0994
1296.25,-4.9293,2.3550,1.1871
1296.50,-5.4331,2.0569,0.1369
1296.75,-5.2228,2.2506,0.2614
1297.00,-6.0693,2.3482,0.7821
1297.25,-5.8492,2.0731,0.9610
1297.50,-5.4573,2.8382,1.2573
1297.75,-5.8088,3.4828,1.5234
1298.00,-5.6686,3.9051,0.8189
1298.25,-5.6196,4.0998,0.4694
1298.50,-5.6559,4.4103,0.3250
1298.75,-5.7326,4.0135,0.5661
1299.00,-5.7948,3.9875,0.5327
1299.25,-5.3950,3.8355,0.4367
1299.50,-5.3022,4.5754,0.4272
1299.75,-5.7978,4.9840,-0.0096
1300.00,-6.7368,4.9182,0.0642
1300.25,-6.5113,3.1995,-0.2391
1300.50,-6.8247,2.6065,-0.6517
1300.75,-6.6168,2.5526,-0.5606
1301.00,-6.3437,2.8561,-0.5070
1301.25,-6.4887,3.4648,-0.1412
1301.50,-6.1845,3.8136,-0.1877
1301.75,-6.1820,4.0962,-0.0208
1302.00,-6.3715,3.8846,0.0625
1302.25,-6.3928,3.8389,-0.6294
1302.50,-6.2352,3.2630,-0.4481
1302.75,-6.1236,2.9044,-0.2299
1303.00,-5.2170,3.5582,-0.1175
1303.25,-5.5980,3.2942,-0.0164
1303.50,-5.7137,2.8496,-0.1512
1303.75,-5.2564,3.0133,-0.6127
1304.00,-4.9171,3.2444,-0.9082
1304.25,-3.9453,2.8937,-0.5308
1304.50,-4.0879,3.0171,-0.6138
1304.75,-4.0142,2.6575,-0.8361
1305.00,-3.0307,3.1532,-0.6148
1305.25,-1.9723,3.7698,-0.2977
1305.50,-2.2613,3.5797,-0.1343
1305.75,-3.2430,2.8973,0.3402
1306.00,-3.8863,2.6623,0.1536
1306.25,-4.0955,3.3337,0.1747
1306.50,-3.3894,4.0065,0.0817
1306.75,-2.3522,3.9968,0.5536
1307.00,-1.3598,3.2049,0.1652
1307.25,-1.9365,2.9054,-0.5857
1307.50,-1.8767,3.8308,-0.9488
1307.75,-1.7163,4.2617,-0.9625
1308.00,-1.7866,4.2391,-0.5313
1308.25,-2.5660,3.6526,0.0505
1308.50,-3.1971,3.8627,-0.3786
1308.75,-3.1539,3.6312,-0.9891
1309.00,-3.0618,3.8576,-0.9122
1309.25,-2.3786,3.8847,-0.5558
1309.50,-2.2643,3.8005,-0.3889
1309.75,-2.7300,2.8591,-0.6192
1310.00,-2.6982,2.3310,-1.0616
1310.25,-2.4271,2.5685,-1.7134
1310.50,-3.1198,2.5002,-2.1778
1310.75,-3.0900,2.6788,-2.0067
1311.00,-3.9243,2.4127,-2.0193
1311.25,-4.1875,2.4032,-2.4204
1311.50,-2.8253,2.4767,-2.3423
1311.75,-1.2189,2.0022,-2.3006
1312.00,-0.5926,2.5239,-2.2641
1312.25,-0.7832,3.1205,-2.5039
1312.50,-0.0970,2.9198,-2.6700
1312.75,0.5785,1.8628,-1.7337
1313.00,0.6323,0.7206,-1.5302
1313.25,0.4264,0.5409,-0.0512
1313.50,0.4429,0.8030,0.2819
1313.75,0.2746,1.0261,0.0845
1314.00,-0.0950,2.0209,0.2719
1314.25,-0.7981,1.8070,0.0127
1314.50,-0.0886,1.6581,-0.1984
1314.75,0.5727,0.8492,-0.2834
1315.00,0.6776,0.2442,-0.0609
1315.25,0.5656,1.1809,0.3891
1315.50,1.6783,1.3731,0.5076
1315.75,2.6620,0.9526,0.3336
1316.00,2.9268,1.0786,0.1797
1316.25,2.5840,0.8656,0.5706
1316.50,2.2092,0.2698,0.8560
1316.75,0.4129,-0.5701,1.3508
1317.00,-1.3518,-0.6634,1.6194
1317.25,-1.6609,-0.9004,0.7205
1317.50,-0.9753,-0.3448,0.0518
1317.75,-0.9821,0.4480,-0.6265
1318.00,-0.6355,0.3174,-1.1388
1318.25,-0.4166,-0.3546,-0.9754
1318.50,-0.4577,0.6970,-1.2813
1318.75,-0.8133,1.4453,-0.6722
1319.00,-1.2603,1.4570,-1.0123
1319.25,-0.9709,0.8551,-1.1838
1319.50,-0.3702,0.5988,-1.4684
1319.75,-0.5587,-0.0112,-1.0726
1320.00,-0.5610,0.0396,-0.5155
1320.25,-0.9899,0.2976,-0.1820
1320.50,-0.9286,0.4860,0.1963
1320.75,-1.0140,0.3612,0.3012
1321.00,-1.1294,0.2864,-0.0839
1321.25,-1.0910,-0.0902,-0.0500
1321.50,-0.6210,0.4392,-0.6657
1321.75,0.1923,1.0098,-0.9120
1322.00,0.1016,1.9929,-1.5071
1322.25,-0.5332,2.9980,-2.0180
1322.50,-0.8837,3.5637,-1.8904
1322.75,-1.1956,3.1270,-1.3052
1323.00,0.7013,2.3780,-1.0032
1323.25,1.0623,2.4907,-1.4830
1323.50,1.0610,3.1051,-1.0043
1323.75,1.1204,3.1219,-0.6717
1324.00,1.2651,2.3816,-1.1732
1324.25,0.4671,2.9512,-1.3001
1324.50,0.2482,2.8899,-1.0292
1324.75,1.5512,3.0825,-0.8724
1325.00,2.3484,2.9675,-0.8039
1325.25,2.8432,3.4320,-1.0969
1325.50,2.4446,3.8084,-1.3076
1325.75,1.9052,4.1580,-1.2061
1326.00,1.4295,4.7316,-0.6301
1326.25,1.2950,4.5528,-0.2032
1326.50,1.1916,4.2663,0.4076
1326.75,1.1254,4.4161,0.5987
1327.00,0.6554,4.4963,0.7855
1327.25,0.5137,4.9897,0.5920
1327.50,0.2817,5.6935,0.5121
1327.75,1.2644,5.3937,0.3156
1328.00,1.3203,4.2642,-0.3295
1328.25,1.4886,4.1166,-0.3201
1328.50,1.3302,4.2170,0.5141
1328.75,1.5976,4.5137,0.4197
1329.00,1.5210,5.1113,0.1057
1329.25,2.0644,4.5589,0.0488
1329.50,2.2908,4.9628,0.3796
1329.75,1.5137,4.8912,0.7325
1330.00,0.9339,4.5928,0.9193
1330.25,1.2574,3.7228,1.4857
1330.50,2.3558,2.8080,2.0068
1330.75,2.3782,2.8067,1.8271
1331.00,2.2181,3.4510,1.5788
1331.25,2.8141,4.2590,1.3022
1331.50,3.1996,4.7795,1.0633
1331.75,3.3712,4.1876,0.8326
1332.00,3.1027,3.8293,1.0096
1332.25,2.0204,4.4115,1.4103
1332.50,0.7398,4.6544,0.4068
1332.75,0.4122,4.6662,-0.4064
1333.00,1.0640,4.7079,-0.4267
1333.25,1.4118,4.6989,-0.4191
1333.50,0.7945,4.2830,-0.7253
1333.75,0.5441,3.9355,-1.1502
1334.00,0.6703,3.3611,-0.8446
1334.25,0.1773,3.3591,-0.2034
1334.50,-0.5297,3.0490,0.0366
1334.75,-0.7505,3.1642,0.7932
1335.00,-0.5330,2.6946,1.8818
1335.25,0.4206,2.8496,2.0916
1335.50,0.2452,2.7780,1.7142
1335.75,0.2779,2.4745,1.5398
1336.00,1.0102,2.4060,0.9650
1336.25,1.6428,2.8325,0.8488
1336.50,1.8160,3.6355,1.2054
1336.75,1.9407,4.0658,1.4577
1337.00,1.1946,3.7094,2.0220
1337.25,1.3213,3.1005,2.2991
1337.50,0.7890,3.8690,2.0042
1337.75,-0.3431,4.6466,1.5978
1338.00,-0.0652,5.3909,1.5751
1338.25,1.0246,5.9615,1.4213
1338.50,0.7565,6.2388,1.9967
1338.75,1.0345,6.1469,1.9045
1339.00,0.5980,6.2079,1.9125
1339.25,0.7414,6.0435,2.1487
1339.50,1.0199,5.5962,2.1511
1339.75,0.8128,5.8101,1.5108
1340.00,1.2854,5.8170,1.2457
1340.25,2.0437,5.7203,1.0445
1340.50,1.3932,5.5277,1.0570
1340.75,1.0964,5.1360,1.8342
1341.00,1.4332,4.1201,2.3926
1341.25,1.7474,4.1771,2.3694
1341.50,1.4018,5.0367,2.6238
1341.75,0.8701,5.5817,2.0780
1342.00,0.9436,5.8888,1.7849
1342.25,1.6687,5.4159,1.9726
1342.50,1.9422,4.9012,1.3910
1342.75,2.1941,5.1491,2.1569
1343.00,2.3842,5.3024,2.8277
1343.25,1.6644,5.9046,2.7937
1343.50,0.8884,6.1741,3.3236
1343.75,0.7464,6.5918,3.4625
1344.00,0.5459,7.0298,3.6365
1344.25,-0.0537,7.3447,3.0730
1344.50,0.0197,7.3139,2.6387
1344.75,0.8539,7.2356,1.9782
1345.00,1.0400,6.7097,2.3299
1345.25,0.7631,6.4630,1.7549
1345.50,-0.2472,6.0597,1.9669
1345.75,-0.6280,5.4065,2.4690
1346.00,-0.2271,5.8159,2.2103
1346.25,0.3253,5.8277,2.9243
1346.50,1.4039,5.3824,3.1858
1346.75,1.3421,5.2471,2.5866
1347.00,1.1025,5.3084,2.0724
1347.25,0.8011,5.1818,2.1143
1347.50,1.1291,5.5101,2.3626
1347.75,0.6425,5.0675,2.5990
1348.00,0.2957,4.4460,2.9698
1348.25,-0.4233,3.3091,3.0813
1348.50,-0.7414,3.1093,2.7054
1348.75,-0.2090,4.2231,2.7442
1349.00,-0.0506,3.8637,3.1702
1349.25,0.9581,4.3773,3.6259
1349.50,1.2151,4.6622,2.9384
1349.75,1.1093,5.0878,3.0803
1350.00,0.5512,5.3446,3.4861
1350.25,0.0140,5.0354,3.3292
1350.50,0.3242,4.4019,2.9661
1350.75,0.9687,3.8982,2.9056
1351.00,2.2527,3.3538,2.6848
1351.25,1.7018,3.4999,2.8924
1351.50,nan,nan,nan
1351.75,nan,nan,nan
1352.00,nan,nan,nan
1352.25,nan,nan,nan
1352.50,nan,nan,nan
1352.75,nan,nan,nan
1353.00,nan,nan,nan
1353.25,nan,nan,nan
1353.50,nan,nan,nan
1353.75,nan,nan,nan
1354.00,nan,nan,nan
1354.25,nan,nan,nan
1354.50,nan,nan,nan
1354.75,nan,nan,nan
1355.00,nan,nan,nan
1355.25,nan,nan,nan
1355.50,nan,nan,nan
1355.75,nan,nan,nan
1356.00,nan,nan,nan
1356.25,nan,nan,nan
1356.50,nan,nan,nan
1356.75,nan,nan,nan
1357.00,nan,nan,nan
1357.25,nan,nan,nan
1357.50,nan,nan,nan
1357.75,nan,nan,nan
1358.00,nan,nan,nan
1358.25,nan,nan,nan
1358.50,nan,nan,nan
1358.75,nan,nan,nan
1359.00,nan,nan,nan
1359.25,nan,nan,nan
1359.50,nan,nan,nan
1359.75,nan,nan,nan
1360.00,nan,nan,nan
1360.25,nan,nan,nan
1360.50,nan,nan,nan
1360.75,nan,nan,nan
1361.00,nan,nan,nan
1361.25,nan,nan,nan
1361.50,nan,nan,nan
1361.75,nan,nan,nan
1362.00,nan,nan,nan
1362.25,nan,nan,nan
1362.50,nan,nan,nan
1362.75,nan,nan,nan
1363.00,nan,nan,nan
1363.25,nan,nan,nan
1363.50,nan,nan,nan
1363.75,nan,nan,nan
1364.00,nan,nan,nan
1364.25,nan,nan,nan
1364.50,nan,nan,nan
1364.75,nan,nan,nan
1365.00,nan,nan,nan
1365.25,nan,nan,nan
1365.50,nan,nan,nan
1365.75,nan,nan,nan
1366.00,nan,nan,nan
1366.25,nan,nan,nan
1366.50,nan,nan,nan
1366.75,nan,nan,nan
1367.00,nan,nan,nan
1367.25,nan,nan,nan
1367.50,nan,nan,nan
1367.75,nan,nan,nan
1368.00,nan,nan,nan
1368.25,nan,nan,nan
1368.50,nan,nan,nan
1368.75,nan,nan,nan
1369.00,nan,nan,nan
1369.25,nan,nan,nan
1369.50,nan,nan,nan
1369.75,nan,nan,nan
1370.00,nan,nan,nan
1370.25,nan,nan,nan
1370.50,nan,nan,nan
1370.75,nan,nan,nan
1371.00,nan,nan,nan
1371.25,nan,nan,nan
1371.50,nan,nan,nan
1371.75,nan,nan,nan
1372.00,nan,nan,nan
1372.25,nan,nan,nan
1372.50,nan,nan,nan
1372.75,nan,nan,nan
1373.00,nan,nan,nan
1373.25,nan,nan,nan
1373.50,nan,nan,nan
1373.75,nan,nan,nan
1374.00,nan,nan,nan
1374.25,nan,nan,nan
1374.50,nan,nan,nan
1374.75,nan,nan,nan
1375.00,nan,nan,nan
1375.25,nan,nan,nan
1375.50,nan,nan,nan
1375.75,nan,nan,nan
1376.00,nan,nan,nan
1376.25,nan,nan,nan
1376.50,nan,nan,nan
1376.75,nan,nan,nan
1377.00,nan,nan,nan
1377.25,nan,nan,nan
1377.50,nan,nan,nan
1377.75,nan,nan,nan
1378.00,nan,nan,nan
1378.25,nan,nan,nan
1378.50,nan,nan,nan
1378.75,nan,nan,nan
1379.00,nan,nan,nan
1379.25,nan,nan,nan
1379.50,nan,nan,nan
1379.75,nan,nan,nan
1380.00,nan,nan,nan
1380.25,nan,nan,nan
1380.50,nan,nan,nan
1380.75,nan,nan,nan
1381.00,nan,nan,nan
1381.25,nan,nan,nan
1381.50,nan,nan,nan
1381.75,nan,nan,nan
1382.00,nan,nan,nan
1382.25,nan,nan,nan
1382.50,nan,nan,nan
1382.75,nan,nan,nan
1383.00,nan,nan,nan
1383.25,nan,nan,nan
1383.50,nan,nan,nan
1383.75,nan,nan,nan
1384.00,-4.1042,4.7431,2.9160
1384.25,-3.7898,3.9775,2.7526
1384.50,-2.4786,3.6212,2.0581
1384.75,-2.1995,4.0156,1.3430
1385.00,-2.1895,3.9845,1.5664
1385.25,-2.7757,3.5965,2.4906
1385.50,-2.5148,3.6677,2.2723
1385.75,-0.9248,3.3091,2.7458
1386.00,-1.1334,3.5351,2.6689
1386.25,-0.9171,3.3570,2.6370
1386.50,-1.2474,3.6777,2.1176
1386.75,-0.9593,3.2734,2.2681
1387.00,-1.6076,2.5172,2.3310
1387.25,-2.3568,2.4637,2.3071
1387.50,-2.8352,2.4994,2.3249
1387.75,-2.7908,2.3341,1.8337
1388.00,-2.6643,2.1388,1.6416
1388.25,-3.0673,2.7241,1.0611
1388.50,-3.6217,2.9226,-0.0958
1388.75,-2.6988,2.6563,-0.4846
1389.00,-2.5510,1.6752,-0.2332
1389.25,-3.1400,2.0395,0.2203
1389.50,-2.9485,2.5135,0.0269
1389.75,-3.5515,2.3431,0.5946
1390.00,-3.8368,1.5686,0.9582
1390.25,-2.7127,1.0555,1.1526
1390.50,-1.8104,0.9659,1.1614
1390.75,-1.5321,0.5804,1.1753
1391.00,-2.8917,1.0140,1.3228
1391.25,-3.0280,1.1105,1.2785
1391.50,-2.3336,1.0140,1.0827
1391.75,-2.0231,1.7554,0.9253
1392.00,-2.7478,2.0251,1.1267
1392.25,-3.2402,1.8855,0.7734
1392.50,-3.3048,1.0721,0.7632
1392.75,-2.9497,0.5742,0.7292
1393.00,-3.4337,0.9135,0.5621
1393.25,-3.9656,2.0388,1.1037
1393.50,-3.2287,2.6368,1.9568
1393.75,-2.5422,2.6702,2.0643
1394.00,-1.9819,2.4833,1.4645
1394.25,-2.5725,3.2527,2.1227
1394.50,-3.4094,3.4621,1.9753
1394.75,-4.1498,2.1192,1.6324
1395.00,-4.1097,1.4197,1.4795
1395.25,-4.5282,1.2192,1.8275
1395.50,-5.2748,1.8978,2.0267
1395.75,-5.7164,2.0823,1.4255
1396.00,-5.1190,2.2121,0.8887
1396.25,-4.8383,2.7229,1.3561
1396.50,-4.3779,2.5770,1.6109
1396.75,-3.2996,1.9461,1.3150
1397.00,-3.4801,1.8122,0.6149
1397.25,-4.9464,1.8443,0.5392
1397.50,-5.0933,1.7553,0.2881
1397.75,-4.7819,1.9645,-0.0008
1398.00,-5.5300,2.2434,0.7940
1398.25,-5.7508,3.0785,1.0632
1398.50,-4.5985,3.6184,1.0224
1398.75,-3.3005,4.1027,0.5827
1399.00,-3.7380,3.6434,0.7645
1399.25,-4.1278,3.5674,0.4908
1399.50,-3.3803,3.9114,0.3962
1399.75,-1.6703,3.8475,0.8705
1400.00,-1.2843,3.7690,1.2351
1400.25,-1.8790,3.6987,1.3364
1400.50,-2.6251,3.7586,1.2459
1400.75,-2.8473,3.4237,1.5802
1401.00,-3.5456,3.4979,1.2348
1401.25,-4.1579,3.4350,0.6732
1401.50,-4.0279,2.9759,0.5482
1401.75,-4.5735,2.8076,0.9567
1402.00,-4.8125,2.4949,1.1812
1402.25,-4.4696,1.3693,1.5525
1402.50,-3.2859,0.9435,1.6433
1402.75,-3.2669,0.6769,1.1995
1403.00,-3.7581,1.0048,0.6563
1403.25,-4.4070,1.3417,0.5186
1403.50,-4.4653,1.8485,1.0129
1403.75,-2.8632,2.1947,1.6714
1404.00,-2.2550,1.4463,1.3900
1404.25,-2.1651,1.4405,0.6859
1404.50,-3.0010,1.9319,0.0836
1404.75,-2.6903,1.8172,-0.1323
1405.00,-2.4741,1.3293,-0.3469
1405.25,-3.2902,1.5870,0.5520
1405.50,-3.4176,1.2672,1.4692
1405.75,-3.9236,1.6370,1.5264
1406.00,-4.4171,2.0261,1.5062
1406.25,-3.9359,1.6147,1.4372
1406.50,-3.3064,1.2832,1.3011
1406.75,-3.4088,1.7297,1.0057
1407.00,-4.2065,1.7828,0.7963
1407.25,-4.9885,2.6610,1.4736
1407.50,-6.3024,3.8083,1.5101
1407.75,-6.8374,4.2217,1.6612
1408.00,-5.8470,4.2296,1.8556
1408.25,-4.8169,4.0949,2.3986
1408.50,-4.9465,4.3516,1.9806
1408.75,-5.3399,3.4685,1.5702
1409.00,-4.7825,3.1166,1.2144
1409.25,-3.7776,3.3554,1.0098
1409.50,-3.7218,3.5673,0.5563
1409.75,-3.7915,3.4493,0.6851
1410.00,-4.8107,4.0749,1.0713
1410.25,-4.5669,3.6162,1.5403
1410.50,-3.8631,3.1594,1.5299
1410.75,-4.0268,2.8112,1.1794
1411.00,-4.2099,2.3201,1.1667
1411.25,-3.2653,2.3573,0.9069
1411.50,-4.3538,3.3855,1.0767
1411.75,-4.2048,4.2999,0.4634
1412.00,-3.6200,4.5041,0.7023
1412.25,-3.4961,4.7641,1.3144
1412.50,-2.5503,4.0328,2.0133
1412.75,-2.8392,3.5325,2.3780
1413.00,-3.2151,3.5081,2.0316
1413.25,-3.7641,3.8023,1.2995
1413.50,-3.5281,3.3721,1.3642
1413.75,-3.5059,2.7632,1.4013
1414.00,-3.0374,2.9240,1.6643
1414.25,-2.7085,2.9587,1.5510
1414.50,-2.7252,2.9601,0.8181
1414.75,-2.9602,2.7419,0.3619
1415.00,-3.3236,2.2488,0.5530
1415.25,-3.3899,2.4674,1.0022
1415.50,-3.0781,2.9165,1.7178
1415.75,-3.0908,3.4796,2.3571
1416.00,-2.3713,4.5457,2.2087
1416.25,-1.8896,3.9835,2.1750
1416.50,-3.0057,3.7464,2.1365
1416.75,-2.9831,4.3315,2.1653
1417.00,-3.1478,4.1262,1.9545
1417.25,-2.6395,4.4780,1.6202
1417.50,-2.9855,4.8936,1.5516
1417.75,-3.1889,4.5739,2.3263
1418.00,-2.8724,4.2519,1.9857
1418.25,-2.7454,3.8286,1.6782
1418.50,-2.0382,3.3100,1.4976
1418.75,-1.5904,3.5506,1.0622
1419.00,-1.8873,3.2528,1.4674
1419.25,-2.0173,3.2139,1.7527
1419.50,-1.7374,4.1895,2.0155
1419.75,-0.6074,4.8539,2.0251
1420.00,0.0919,5.4028,1.9108
1420.25,-0.5379,4.9986,1.9145
1420.50,-0.9861,4.7972,1.3847
1420.75,-2.1345,4.8535,1.0394
1421.00,-3.4197,4.7899,0.8163
1421.25,-3.6575,4.5194,0.2339
1421.50,-2.9207,4.1258,-0.2750
1421.75,-3.8500,3.9983,0.1418
1422.00,-3.5424,4.5997,-0.3986
1422.25,-2.8647,4.5274,-0.5091
1422.50,-2.5527,4.3798,-0.4056
1422.75,-3.3032,4.4927,-0.7274
1423.00,-4.5906,4.7381,-0.3277
1423.25,-4.4300,4.7096,-0.3616
1423.50,-4.5888,5.3800,-0.2085
1423.75,-4.4032,5.3809,0.2085
1424.00,-4.1404,5.0996,0.5610
1424.25,-3.4245,4.5822,0.8694
1424.50,-3.4434,3.8430,0.9501
1424.75,-2.9769,2.9230,1.0945
1425.00,-2.7646,2.6241,1.4870
1425.25,-3.0777,2.9277,1.3030
1425.50,-3.8188,3.1521,1.7705
1425.75,-2.8641,3.0817,1.8486
1426.00,-3.0461,3.5051,1.2632
1426.25,-2.4174,3.2142,0.9077
1426.50,-2.0653,3.4849,0.3785
1426.75,-0.7714,3.4118,0.3756
1427.00,-1.2008,3.6884,0.6553
1427.25,-2.0368,4.7171,1.3604
1427.50,-2.0626,5.1140,1.7773
1427.75,-2.7252,4.9114,1.7169
1428.00,-2.6180,4.5436,1.8521
1428.25,-2.6461,4.8996,2.1009
1428.50,-1.7696,5.4070,2.1467
1428.75,-2.4698,4.5266,2.0114
1429.00,-3.2719,4.7448,1.7365
1429.25,-4.1882,5.5167,1.2371
1429.50,-4.6314,5.0554,0.9046
1429.75,-4.7807,4.4709,0.8728
1430.00,-4.2953,4.6931,1.2730
1430.25,-4.0794,5.0645,1.3036
1430.50,-3.7056,5.4595,1.4323
1430.75,-4.1292,4.8844,1.7489
1431.00,-3.6442,4.2182,1.9407
1431.25,-3.6232,4.4044,1.3179
1431.50,-3.4761,3.9937,0.6030
1431.75,-2.2796,4.1254,0.3087
1432.00,-2.6664,4.5991,0.7008
1432.25,-3.4807,4.5753,0.8157
1432.50,-3.3623,4.3575,0.9408
1432.75,-1.7990,4.8275,1.6177
1433.00,-1.4392,4.5085,1.5080
1433.25,-1.6614,4.0059,0.8014
1433.50,-1.3760,4.5438,0.3948
1433.75,-1.2266,5.1946,0.1646
1434.00,-1.3949,4.9738,0.3227
1434.25,-1.3955,4.4785,0.3014
1434.50,-1.7601,4.7133,0.7422
1434.75,-2.1909,5.0094,1.1478
1435.00,-1.8849,4.4935,1.0652
1435.25,-1.9194,4.1704,0.6413
1435.50,-2.9873,4.0641,0.5682
1435.75,-3.2723,4.2972,0.4604
1436.00,-2.2517,4.3820,-0.4403
1436.25,-1.6535,5.1345,-1.5518
1436.50,-1.8670,5.9205,-2.0569
1436.75,-2.9180,6.4073,-1.6007
1437.00,-2.9423,5.6932,-1.3301
1437.25,-2.4771,5.6623,-0.8961
1437.50,-2.1848,5.4400,-0.4749
1437.75,-2.5105,5.6018,-0.1414
1438.00,-1.8637,6.3213,-0.1277
1438.25,-1.6376,6.7862,0.4329
1438.50,-2.2652,6.6084,0.3276
1438.75,-1.8115,6.3782,0.4774
1439.00,-1.9186,5.8062,0.6030
1439.25,-1.8776,5.5321,0.4082
1439.50,-2.6830,5.6442,0.3769
1439.75,-2.6619,6.2376,0.4378
1440.00,-3.0721,6.1417,0.1390
1440.25,-4.0102,5.6763,-0.2260
1440.50,-3.9588,6.1850,-0.3892
1440.75,-2.9689,5.8550,-0.2741
1441.00,-2.4909,6.3285,-0.0406
1441.25,-2.1367,6.4178,-0.1088
1441.50,-2.6287,6.7341,-0.2451
1441.75,-4.2476,6.6554,-0.0840
1442.00,-6.0827,6.6187,-0.5069
1442.25,-6.8437,6.3494,-0.7023
1442.50,-6.7151,6.1334,-0.3112
1442.75,-6.6515,6.5007,-0.3238
1443.00,-7.9095,6.6769,-0.3592
1443.25,-8.5668,7.2578,-1.0162
1443.50,-8.1092,6.6139,-1.1882
1443.75,-7.5795,6.3725,-1.3072
1444.00,-7.1879,6.0844,-1.1528
1444.25,-5.7868,6.2773,-0.9829
1444.50,-5.4507,5.9707,-0.7693
1444.75,-5.1487,5.8711,-0.6365
1445.00,-5.0457,6.3998,-0.9576
1445.25,-4.7434,5.7148,-1.0591
1445.50,-3.9939,5.7445,-1.1384
1445.75,-3.6898,6.0832,-0.8543
1446.00,-3.4705,6.2488,-0.4915
1446.25,-3.5690,6.8768,-0.2948
1446.50,-3.3782,6.8483,-0.8298
1446.75,-3.3192,5.7093,-1.2232
1447.00,-3.2806,5.3968,-1.4391
1447.25,-4.8446,5.5677,-0.7547
1447.50,-5.3639,5.8995,-0.1754
1447.75,-5.2244,7.4573,0.3267
1448.00,-4.1267,8.0347,0.1228
1448.25,-3.5140,8.3044,-0.0091
1448.50,-3.1778,7.5392,0.0161
1448.75,-2.8867,6.8299,0.2947
1449.00,-3.3656,6.8960,0.0489
1449.25,-3.0800,6.8333,-0.0550
1449.50,-3.3135,5.9115,0.2812
1449.75,-2.6863,5.4525,-0.0645
1450.00,-2.7638,5.6234,-0.6669
1450.25,-4.0410,5.9609,-0.2526
1450.50,-4.0701,6.0061,-0.7829
1450.75,-4.5231,6.2381,-0.8527
1451.00,-4.7172,6.4998,-0.5188
1451.25,-4.5702,7.1332,-0.3904
1451.50,-3.3832,6.7971,-0.4765
1451.75,-3.6469,5.8694,-0.5356
1452.00,-4.9937,5.5651,-0.6028
1452.25,-5.9724,5.7771,-0.4959
1452.50,-6.7958,6.3689,0.1821
1452.75,-7.0210,6.6525,0.4022
1453.00,-7.4346,6.3934,0.2491
1453.25,-6.6734,6.1741,0.4247
1453.50,-5.8390,6.8000,0.1735
1453.75,-6.1846,6.6605,0.1714
1454.00,-6.9207,6.2680,0.6869
1454.25,-6.6565,6.2722,0.7680
1454.50,-6.7648,6.3229,0.5447
1454.75,-7.0636,6.2309,0.6439
1455.00,-7.6596,6.0316,0.9348
1455.25,-7.1167,6.0291,1.2265
1455.50,-7.5186,5.0320,1.3429
1455.75,-7.3317,4.8570,1.6369
1456.00,-5.8291,4.7588,1.6432
1456.25,-5.6078,5.6841,1.7428
1456.50,-4.8931,5.5524,1.5249
1456.75,-4.8887,5.0909,0.6137
1457.00,-5.7947,4.4753,0.4595
1457.25,-5.9125,4.4125,0.3183
1457.50,-5.8141,4.3583,-0.2180
1457.75,-5.8262,4.2111,0.0506
1458.00,-6.9212,5.0869,-0.3245
1458.25,-7.8184,6.3032,-0.8203
1458.50,-7.9707,6.6099,-0.7994
1458.75,-8.0755,6.0712,-0.4725
1459.00,-6.6182,5.8984,0.1693
1459.25,-5.5702,5.8602,0.0862
1459.50,-6.2200,4.3978,-0.2881
1459.75,-6.2099,3.8845,-0.0643
1460.00,-6.3495,3.8166,-0.1002
1460.25,-5.9611,3.7108,0.2449
1460.50,-5.6988,4.3068,-0.2342
1460.75,-5.9533,4.7005,-0.2227
1461.00,-6.0467,4.1149,-0.3840
1461.25,-6.2579,3.7892,-0.5114
1461.50,-6.0342,4.4049,-0.3902
1461.75,-5.2224,4.1026,-0.0297
1462.00,-4.4423,4.2352,0.1781
1462.25,-4.9437,4.0981,0.2299
1462.50,-5.5562,4.1217,0.5590
1462.75,-5.6038,4.1235,0.5277
1463.00,-6.4019,4.5534,0.8857
1463.25,-7.5034,5.3780,0.7565
1463.50,-7.8958,5.3811,0.7346
1463.75,-8.0388,5.9209,0.6237
1464.00,-7.5643,6.5086,-0.3862
1464.25,-7.4774,5.8357,-0.5376
1464.50,-9.1635,5.7867,-0.9815
1464.75,-8.7194,5.6026,-1.5461
1465.00,-6.6912,6.5324,-1.1267
1465.25,-6.3657,7.4731,-0.3192
1465.50,-5.9264,7.2182,-0.5737
1465.75,-6.1734,7.4557,-0.4958
1466.00,-6.3210,6.6835,-0.8373
1466.25,-6.1146,5.6178,-0.8109
1466.50,-5.7238,5.7737,-0.1410
1466.75,-5.8241,6.2532,0.2299
1467.00,-5.7258,6.2885,0.4595
1467.25,-5.1310,5.8288,0.5693
1467.50,-4.8965,5.6944,0.4251
1467.75,-4.7016,4.9664,0.1933
1468.00,-4.2795,4.7276,0.9615
1468.25,-4.5859,4.7635,1.2867
1468.50,-4.4802,4.9009,1.3217
1468.75,-5.4105,5.0935,1.1859
1469.00,-5.9055,4.7880,1.1360
1469.25,-6.2067,5.1587,1.1132
1469.50,-6.1458,5.2713,1.1327
1469.75,-6.3774,5.1754,1.3808
1470.00,-6.1218,4.6087,1.6386
1470.25,-5.4535,4.4227,1.7281
1470.50,-4.0074,4.7264,1.1395
1470.75,-3.7725,5.0920,1.1206
1471.00,-5.0007,5.7152,0.6541
1471.25,-5.2081,5.1317,-0.3611
1471.50,-5.2991,4.4213,-0.8779
1471.75,-5.9952,3.8842,-0.5177
1472.00,-6.2395,3.3405,0.0270
1472.25,-6.0584,3.3810,0.5609
1472.50,-5.3851,3.6446,0.2854
1472.75,-4.9893,4.4471,0.0223
1473.00,-3.7905,4.7921,0.0325
1473.25,-3.0850,5.0892,0.3779
1473.50,-2.6594,5.1054,0.7100
1473.75,-2.7205,5.4989,0.1201
1474.00,-2.9527,5.2585,-0.0524
1474.25,-4.0571,5.5544,0.0050
1474.50,-4.6553,6.1313,0.2612
1474.75,-4.1993,6.2894,0.8850
1475.00,-4.3812,6.7849,1.1433
1475.25,-4.6309,6.3317,1.7350
1475.50,-5.8242,5.9111,1.5847
1475.75,-5.6789,5.3095,0.9902
1476.00,-4.8971,5.7383,0.5682
1476.25,-4.3599,5.7345,0.1037
1476.50,-3.9387,5.2590,-0.1134
1476.75,-4.8727,4.7790,0.3162
1477.00,-6.6098,4.9963,0.4695
1477.25,-6.1478,5.0752,0.9340
1477.50,-5.2968,5.1359,1.0407
1477.75,-4.8775,4.7184,1.1298
1478.00,-4.7512,4.5872,0.9416
1478.25,-4.8159,4.2611,1.2870
1478.50,-4.5288,4.0474,1.7899
1478.75,-4.2834,4.5682,1.9430
1479.00,-4.6735,4.5264,2.0670
1479.25,-5.2321,4.2477,2.8925
1479.50,-4.4652,4.1057,3.1094
1479.75,-4.1985,3.3891,2.9944
1480.00,-4.1890,3.2883,2.5121
1480.25,-4.7840,4.0739,2.1627
1480.50,-5.5091,4.3873,1.9258
1480.75,-5.1863,4.3487,2.0222
1481.00,-4.8303,4.1394,1.8041
1481.25,-3.9236,4.2468,1.6012
1481.50,-3.7706,5.2354,1.7610
1481.75,-3.8111,5.4676,2.1207
1482.00,-4.1764,5.0595,1.8671
1482.25,-4.2959,4.7183,1.3358
1482.50,-4.2503,4.7507,0.9497
1482.75,-4.2237,4.2824,0.6383
1483.00,-4.4627,4.4473,0.7733
1483.25,-4.6706,5.1157,0.5798
1483.50,-4.2367,5.4938,0.8055
1483.75,-4.4686,5.3367,0.9517
1484.00,-2.7894,5.1850,1.0924
1484.25,-2.8990,4.8847,1.3054
1484.50,-2.4078,5.3134,1.2271
1484.75,-2.5929,4.2421,1.6838
1485.00,-2.9562,2.7486,1.9498
1485.25,-2.7930,3.0983,2.7934
1485.50,-3.6272,3.6181,3.1849
1485.75,-4.2925,4.1427,2.7444
1486.00,-4.4571,4.2765,3.1104
1486.25,-5.7869,4.1252,3.4440
1486.50,-5.6678,4.0665,3.5806
1486.75,-6.1133,4.4076,3.8775
1487.00,-6.0176,4.5560,3.4206
1487.25,-5.4885,4.5314,3.3363
1487.50,-5.4839,4.1815,3.1380
1487.75,-5.5250,3.7808,2.9151
1488.00,-5.8110,3.1323,2.5295
1488.25,-6.2364,2.9541,2.8210
1488.50,-5.5381,3.8202,3.2277
1488.75,-4.6726,4.0718,3.2694
1489.00,-4.6100,4.5109,2.5969
1489.25,-4.5999,5.0137,2.6092
1489.50,-4.8031,4.8172,2.6716
1489.75,-5.6660,4.4543,2.3868
1490.00,-5.4961,3.5115,2.3278
1490.25,-6.1391,3.8331,2.3562
1490.50,-6.6818,4.1881,2.2749
1490.75,-6.1255,4.1008,2.5203
1491.00,-5.4115,3.3395,2.5703
1491.25,-5.5789,1.9935,3.1048
1491.50,-5.1097,2.6848,3.3551
1491.75,-4.2734,3.0076,3.2297
1492.00,-4.7940,2.4177,2.4483
1492.25,-4.6379,2.8832,2.2890
1492.50,-5.2658,2.7310,2.6057
1492.75,-5.8974,2.5449,2.5822
1493.00,-6.9742,2.3305,2.9223
1493.25,-7.0480,1.5735,3.3949
1493.50,-6.7009,1.5431,3.4967
1493.75,-6.2896,2.0670,2.9166
1494.00,-6.6832,1.9025,2.8029
1494.25,-6.0183,2.1928,3.0893
1494.50,-6.5547,2.5566,3.0462
1494.75,-7.3526,2.6354,3.0302
1495.00,-6.8612,2.7445,3.1861
1495.25,-6.2131,2.5868,3.6035
1495.50,-6.2742,2.7423,3.2270
1495.75,-6.4122,3.0278,3.2050
1496.00,-6.1770,3.1676,2.8243
1496.25,-6.4921,3.9744,2.6526
1496.50,-6.3738,4.0394,3.3354
1496.75,-5.5221,3.5398,3.9374
1497.00,-4.4733,2.9700,4.2615
1497.25,-4.9597,2.9144,3.8075
1497.50,-6.2727,3.3550,4.0597
1497.75,-7.1041,4.0383,3.4352
1498.00,-8.0863,3.6385,2.3427
1498.25,-10.1189,2.3276,1.7300
1498.50,-10.8113,1.1682,1.0945
1498.75,-10.3839,0.5557,1.3012
1499.00,-10.0914,1.3101,2.0665
1499.25,-11.1808,2.0457,2.4929
1499.50,-10.4456,1.9372,2.3048
1499.75,-9.4931,2.1421,2.1036
1500.00,-8.6100,2.0073,2.4478
1500.25,-8.6657,1.9403,2.6287
1500.50,-9.6085,1.7929,2.5675
1500.75,-8.7738,2.5167,2.5850
1501.00,-7.7944,3.3124,2.4832
1501.25,-7.7175,2.5138,2.7442
1501.50,-7.5471,2.0747,2.5389
1501.75,-7.8793,2.3563,2.7315
1502.00,-8.6537,2.3295,2.5451
1502.25,-10.0568,2.1783,2.5697
1502.50,-9.9037,1.7166,3.0449
1502.75,-8.8414,2.5595,3.2108
1503.00,-8.6879,2.5289,2.7239
1503.25,-8.2870,2.9937,2.7295
1503.50,-7.8869,3.0760,3.3632
1503.75,-8.7340,3.1148,3.2908
1504.00,-8.9198,3.3308,3.0826
1504.25,-9.5290,3.2332,3.0670
1504.50,-9.8825,2.7953,2.3614
1504.75,-8.9495,2.5273,2.1778
1505.00,-8.7736,2.2449,2.1168
1505.25,-8.8778,2.0114,1.7451
1505.50,-8.2324,2.0978,2.0639
1505.75,-7.9331,1.4361,2.1551
1506.00,-7.7307,2.0507,2.2036
1506.25,-7.8889,3.2953,2.3526
1506.50,-6.8233,2.2599,2.2186
1506.75,-6.6366,1.7831,2.4966
1507.00,-6.2810,2.9678,2.5404
1507.25,-6.2223,3.7922,2.7551
1507.50,-6.2102,4.1297,2.8245
1507.75,-6.2761,3.9561,2.7452
1508.00,-6.6002,3.3602,2.4508
1508.25,-6.7712,3.3413,2.0473
1508.50,-6.3546,3.1941,2.4911
1508.75,-5.8197,3.5614,2.7183
1509.00,-5.9059,3.8258,2.5688
1509.25,-6.0648,4.0001,2.2831
1509.50,-5.0615,3.6779,1.8586
1509.75,-4.9260,3.9433,1.3195
1510.00,-5.2683,4.8618,1.4000
1510.25,-5.3403,4.7644,1.2063
1510.50,-4.9343,4.8133,1.1948
1510.75,-4.4854,5.4072,1.3590
1511.00,-4.2195,5.6859,1.5237
1511.25,-4.8091,6.3646,1.0558
1511.50,-5.4866,5.7062,0.6955
1511.75,-5.6446,5.3297,0.3964
1512.00,-5.5076,5.5222,0.1589
1512.25,-4.1655,5.9442,0.3702
1512.50,-2.7278,5.6758,0.7737
1512.75,-2.2518,5.2054,1.2510
1513.00,-3.3643,5.0756,1.1766
1513.25,-3.6705,5.4413,1.4651
1513.50,-3.3524,5.1589,1.6147
1513.75,-3.1471,4.5752,1.3592
1514.00,-3.3685,4.4188,1.0087
1514.25,-3.7331,4.0701,1.2507
1514.50,-3.5288,3.1451,1.2082
1514.75,-3.4521,3.4344,1.3755
1515.00,-3.0583,3.2960,1.5418
1515.25,-3.6064,2.8409,1.6496
1515.50,-3.5824,3.1493,1.6588
1515.75,-3.0748,3.4753,1.3575
1516.00,-3.4110,3.2400,0.9977
1516.25,-3.5327,3.2688,0.9549
1516.50,-3.2516,3.9346,1.1167
1516.75,-4.3362,4.9042,1.4455
1517.00,-5.4209,4.5682,1.6724
1517.25,-6.0386,3.8981,2.0138
1517.50,-7.1096,2.8724,1.6661
1517.75,-6.6211,2.5521,1.7841
1518.00,-6.0283,2.2142,2.1097
1518.25,-6.0569,1.9052,2.0793
1518.50,-5.9800,1.7442,2.2829
1518.75,-5.6459,0.2855,1.8757
1519.00,-6.4180,-0.1748,1.3349
1519.25,-6.4051,-0.7654,1.2770
1519.50,-4.8972,-0.7978,1.5617
1519.75,-3.6923,0.5627,1.9491
1520.00,-3.7998,1.1113,1.8238
1520.25,-4.4101,1.2285,2.1908
1520.50,-3.9961,1.3689,2.4172
1520.75,-4.8903,1.2884,1.6915
1521.00,-4.9835,1.9308,1.4198
1521.25,-4.7006,2.1449,1.3140
1521.50,-5.1800,2.1437,1.5927
1521.75,-5.8630,2.2814,1.6886
1522.00,-6.1999,2.9990,1.5075
1522.25,-5.2817,2.2651,1.6578
1522.50,-6.2875,1.6659,2.0999
1522.75,-6.2265,2.3854,1.6956
1523.00,-5.5957,2.3322,1.1968
1523.25,-4.9270,1.5663,1.0089
1523.50,-5.0803,0.9699,1.4979
1523.75,-5.2156,1.1948,1.7270
1524.00,-5.5357,1.4083,2.3118
1524.25,-5.6816,1.1896,2.6895
1524.50,-6.5466,1.5146,2.0719
1524.75,-7.5021,2.4537,1.8449
1525.00,-8.1034,2.4296,1.6126
1525.25,-8.2133,2.1754,2.0820
1525.50,-7.4816,2.1430,1.6997
1525.75,-6.7227,2.5695,1.0433
1526.00,-6.3647,3.5415,0.9994
1526.25,-6.2919,3.1486,0.7434
1526.50,-6.5896,2.5796,1.1072
1526.75,-6.6539,2.1434,0.9942
1527.00,-5.5555,1.8903,1.0886
1527.25,62.0865,1.7475,1.5869
1527.50,-5.1031,1.6865,1.1737
1527.75,-5.1325,1.6704,1.4485
1528.00,-4.6171,1.8649,2.0115
1528.25,-4.0256,2.3470,1.7551
1528.50,-3.6499,2.3920,2.2245
1528.75,-3.0289,3.3117,2.2891
1529.00,-2.8198,3.6270,2.1064
1529.25,-3.3754,3.6337,2.2768
1529.50,-3.5608,3.6195,1.7124
1529.75,-4.0014,3.9034,1.6329
1530.00,-3.4562,4.0246,1.7309
1530.25,-2.6465,4.4307,1.1683
1530.50,-2.1241,4.3165,0.6892
1530.75,-2.1922,4.1090,1.2227
1531.00,-3.5950,3.7592,0.9658
1531.25,-3.6864,3.2926,0.8038
1531.50,-3.3161,2.8157,0.5427
1531.75,-3.2011,4.0544,0.5275
1532.00,-3.4188,5.2940,0.6264
1532.25,-3.9490,4.4247,1.3171
1532.50,-3.7942,3.2005,2.0252
1532.75,-3.6389,2.1923,1.5513
1533.00,-3.5347,2.7186,0.7009
1533.25,-3.6480,2.7163,0.1708
1533.50,-3.1240,2.3212,-0.0065
1533.75,-3.1744,2.6546,0.3459
1534.00,-2.9243,3.1074,1.1531
1534.25,-3.2557,3.3551,1.7998
1534.50,-4.0495,3.0502,2.2772
1534.75,-4.6912,1.9893,1.7539
1535.00,-4.7005,1.8004,1.7982
1535.25,-6.1482,1.8611,1.9700
1535.50,-6.4840,2.0093,2.3641
1535.75,-6.4793,1.9780,2.4685
1536.00,-7.0817,2.2608,2.2390
1536.25,-6.7371,2.4941,1.8056
1536.50,-6.3186,2.3234,1.8519
1536.75,-5.6022,2.0878,1.3342
1537.00,-5.1855,1.2348,1.3207
1537.25,-5.6434,1.1134,1.2993
1537.50,-5.4133,2.5285,1.1791
1537.75,-5.0780,2.6373,1.0677
1538.00,-4.9288,2.5116,0.9814
1538.25,-4.4923,2.5353,0.8387
1538.50,-4.2859,2.2460,1.0230
1538.75,-4.6732,2.5645,1.0124
1539.00,-5.0958,2.9912,0.9195
1539.25,-5.0592,3.4529,0.5653
1539.50,-4.5742,3.3089,0.4202
1539.75,-3.7876,2.8384,0.5163
1540.00,-3.2136,2.7886,0.5370
1540.25,-2.7625,3.0613,1.0820
1540.50,-2.7217,3.9373,0.6977
1540.75,-2.5792,4.5786,0.3756
1541.00,-2.9259,5.1318,0.4583
1541.25,-3.2604,4.8415,0.6693
1541.50,-4.0318,4.3934,1.0172
1541.75,-5.2677,4.2315,0.9749
1542.00,-5.4180,4.8011,1.1315
1542.25,-4.8352,5.0116,1.1076
1542.50,-4.4500,4.4095,1.1997
1542.75,-4.6212,4.4686,1.0023
1543.00,-5.3546,4.2796,0.6679
1543.25,-5.6001,4.3654,0.8941
1543.50,-6.4197,4.9935,0.6288
1543.75,-6.7313,5.8245,0.8761
1544.00,-6.1743,5.4679,0.9484
1544.25,-6.4490,5.0972,0.6552
1544.50,-6.6291,5.2523,0.9465
1544.75,-6.4719,5.0848,0.8239
1545.00,-5.8736,5.2043,0.7467
1545.25,-5.7230,5.4380,0.6302
1545.50,-4.8562,5.0925,0.7765
1545.75,nan,nan,nan
1546.00,nan,nan,nan
1546.25,nan,nan,nan
1546.50,nan,nan,nan
1546.75,nan,nan,nan
1547.00,nan,nan,nan
1547.25,nan,nan,nan
1547.50,nan,nan,nan
1547.75,nan,nan,nan
1548.00,nan,nan,nan
1548.25,nan,nan,nan
1548.50,nan,nan,nan
1548.75,nan,nan,nan
1549.00,nan,nan,nan
1549.25,nan,nan,nan
1549.50,nan,nan,nan
1549.75,nan,nan,nan
1550.00,nan,nan,nan
1550.25,nan,nan,nan
1550.50,nan,nan,nan
1550.75,nan,nan,nan
1551.00,nan,nan,nan
1551.25,nan,nan,nan
1551.50,nan,nan,nan
1551.75,nan,nan,nan
1552.00,nan,nan,nan
1552.25,nan,nan,nan
1552.50,nan,nan,nan
1552.75,nan,nan,nan
1553.00,nan,nan,nan
1553.25,nan,nan,nan
1553.50,nan,nan,nan
1553.75,nan,nan,nan
1554.00,nan,nan,nan
1554.25,nan,nan,nan
1554.50,nan,nan,nan
1554.75,nan,nan,nan
1555.00,nan,nan,nan
1555.25,nan,nan,nan
1555.50,nan,nan,nan
1555.75,nan,nan,nan
1556.00,nan,nan,nan
1556.25,nan,nan,nan
1556.50,nan,nan,nan
1556.75,nan,nan,nan
1557.00,nan,nan,nan
1557.25,nan,nan,nan
1557.50,nan,nan,nan
1557.75,nan,nan,nan
1558.00,nan,nan,nan
1558.25,nan,nan,nan
1558.50,nan,nan,nan
1558.75,nan,nan,nan
1559.00,nan,nan,nan
1559.25,nan,nan,nan
1559.50,nan,nan,nan
1559.75,nan,nan,nan
1560.00,nan,nan,nan
1560.25,nan,nan,nan
1560.50,nan,nan,nan
1560.75,nan,nan,nan
1561.00,nan,nan,nan
1561.25,nan,nan,nan
1561.50,nan,nan,nan
1561.75,nan,nan,nan
1562.00,nan,nan,nan
1562.25,nan,nan,nan
1562.50,nan,nan,nan
1562.75,nan,nan,nan
1563.00,nan,nan,nan
1563.25,nan,nan,nan
1563.50,nan,nan,nan
1563.75,nan,nan,nan
1564.00,nan,nan,nan
1564.25,nan,nan,nan
1564.50,nan,nan,nan
1564.75,nan,nan,nan
1565.00,nan,nan,nan
1565.25,nan,nan,nan
1565.50,nan,nan,nan
1565.75,nan,nan,nan
1566.00,nan,nan,nan
1566.25,nan,nan,nan
1566.50,nan,nan,nan
1566.75,nan,nan,nan
1567.00,nan,nan,nan
1567.25,nan,nan,nan
1567.50,nan,nan,nan
1567.75,nan,nan,nan
1568.00,nan,nan,nan
1568.25,nan,nan,nan
1568.50,nan,nan,nan
1568.75,nan,nan,nan
1569.00,nan,nan,nan
1569.25,nan,nan,nan
1569.50,nan,nan,nan
1569.75,nan,nan,nan
1570.00,nan,nan,nan
1570.25,nan,nan,nan
1570.50,nan,nan,nan
1570.75,nan,nan,nan
1571.00,nan,nan,nan
1571.25,nan,nan,nan
1571.50,nan,nan,nan
1571.75,nan,nan,nan
1572.00,nan,nan,nan
1572.25,nan,nan,nan
1572.50,nan,nan,nan
1572.75,nan,nan,nan
1573.00,nan,nan,nan
1573.25,nan,nan,nan
1573.50,nan,nan,nan
1573.75,nan,nan,nan
1574.00,nan,nan,nan
1574.25,nan,nan,nan
1574.50,nan,nan,nan
1574.75,nan,nan,nan
1575.00,nan,nan,nan
1575.25,nan,nan,nan
1575.50,nan,nan,nan
1575.75,nan,nan,nan
1576.00,nan,nan,nan
1576.25,nan,nan,nan
1576.50,nan,nan,nan
1576.75,nan,nan,nan
1577.00,nan,nan,nan
1577.25,nan,nan,nan
1577.50,nan,nan,nan
1577.75,nan,nan,nan
1578.00,nan,nan,nan
1578.25,nan,nan,nan
1578.50,nan,nan,nan
1578.75,nan,nan,nan
1579.00,nan,nan,nan
1579.25,nan,nan,nan
1579.50,nan,nan,nan
1579.75,nan,nan,nan
1580.00,nan,nan,nan
1580.25,nan,nan,nan
1580.50,nan,nan,nan
1580.75,nan,nan,nan
1581.00,nan,nan,nan
1581.25,nan,nan,nan
1581.50,nan,nan,nan
1581.75,nan,nan,nan
1582.00,nan,nan,nan
1582.25,nan,nan,nan
1582.50,nan,nan,nan
1582.75,nan,nan,nan
1583.00,nan,nan,nan
1583.25,nan,nan,nan
1583.50,nan,nan,nan
1583.75,nan,nan,nan
1584.00,nan,nan,nan
1584.25,nan,nan,nan
1584.50,nan,nan,nan
1584.75,nan,nan,nan
1585.00,nan,nan,nan
1585.25,nan,nan,nan
1585.50,nan,nan,nan
1585.75,nan,nan,nan
1586.00,-7.0899,6.4285,3.5174
1586.25,-6.9143,6.0265,3.2400
1586.50,-5.6325,6.0220,3.3201
1586.75,-5.4698,5.5593,3.0347
1587.00,-5.8945,4.4121,2.6575
1587.25,-6.1634,4.3460,2.3477
1587.50,-5.4075,3.5549,2.2393
1587.75,-5.2160,2.7851,1.7956
1588.00,-4.9023,2.6287,1.7802
1588.25,-4.4367,3.4810,2.3406
1588.50,-4.0674,3.8708,2.3990
1588.75,-3.6401,4.1121,2.0107
1589.00,-3.8608,3.9034,1.1080
1589.25,-5.4064,3.8439,0.5794
1589.50,-6.3965,3.9354,0.9398
1589.75,-5.2393,3.3680,1.2194
1590.00,-3.6837,3.3823,1.1352
1590.25,-3.4285,4.0363,1.1765
1590.50,-3.0813,4.1779,1.1234
1590.75,-3.2581,4.2062,0.9990
1591.00,-3.3724,4.7192,1.2824
1591.25,-2.8773,5.6772,1.6819
1591.50,-3.7461,5.7843,2.1404
1591.75,-3.9825,6.0900,2.8078
1592.00,-3.8807,6.5634,2.6811
1592.25,-3.9394,5.8040,2.4182
1592.50,-3.5240,4.5119,1.8231
1592.75,-3.9582,4.7179,1.3886
1593.00,-4.4767,4.4970,1.1209
1593.25,-4.5892,4.6133,1.6217
1593.50,-4.3106,4.3457,1.9109
1593.75,-4.2281,4.2301,2.2348
1594.00,-3.2383,4.3438,2.8765
1594.25,-2.6693,3.7225,3.1054
1594.50,-2.8079,3.0407,2.7221
1594.75,-3.4849,3.4531,2.9093
1595.00,-3.6753,3.7072,2.4389
1595.25,-3.3267,4.2887,2.0819
1595.50,-3.1437,4.7430,2.1452
1595.75,-2.0835,4.7575,2.0965
1596.00,-2.2265,5.3152,2.2995
1596.25,-2.3884,4.9864,1.7933
1596.50,-2.8059,5.1693,1.3046
1596.75,-2.3192,4.8437,0.9019
1597.00,-2.2603,3.8124,0.1371
1597.25,-2.1892,3.3259,-0.0552
1597.50,-1.7061,3.5890,0.5203
1597.75,-1.4105,4.5711,0.9160
1598.00,-2.2919,5.1490,1.2055
1598.25,-2.8031,5.0707,0.9690
1598.50,-3.3505,5.3644,0.4903
1598.75,-2.6970,4.9251,1.2653
1599.00,-2.8518,4.5135,2.0812
1599.25,-2.6918,4.2329,1.8820
1599.50,-2.6744,4.1208,1.4896
1599.75,-2.3508,3.6954,1.5035
1600.00,-1.7010,3.4454,1.7524
1600.25,-1.8201,3.5006,1.3827
1600.50,-1.2594,3.8644,0.8977
1600.75,-1.2923,4.0506,0.9498
1601.00,-2.1328,3.6728,0.8442
1601.25,-1.6567,4.1217,1.0235
1601.50,-1.0780,4.1123,1.3014
1601.75,-0.4684,3.5370,1.4922
1602.00,-0.6931,4.1520,1.5585
1602.25,-0.4483,4.3164,1.0914
1602.50,0.4298,4.5866,1.2876
1602.75,0.5927,4.8489,1.9394
1603.00,0.4742,4.5839,2.0171
1603.25,1.2033,4.5415,1.5517
1603.50,1.8544,4.3495,1.1268
1603.75,1.8389,4.2819,1.0509
1604.00,1.5097,4.1651,1.0987
1604.25,2.1071,4.1786,1.3632
1604.50,1.7809,4.6935,1.3530
1604.75,1.5629,5.2264,0.7373
1605.00,1.7064,5.6310,0.0726
1605.25,1.2427,5.8961,0.1259
1605.50,0.8625,4.6843,0.2817
1605.75,0.1774,4.3547,0.3273
1606.00,-0.4760,3.9996,0.2828
1606.25,-0.2533,4.0276,0.4772
1606.50,0.1411,3.5495,0.7786
1606.75,-0.5591,3.8377,1.0923
1607.00,-0.5086,3.5185,0.8724
1607.25,-0.0490,3.3512,0.4549
1607.50,-0.3770,3.8048,0.4130
1607.75,-0.2856,3.7136,0.0256
1608.00,-0.6078,3.4401,-0.2387
1608.25,-0.9004,3.2240,-0.1154
1608.50,-0.2247,2.9746,0.4493
1608.75,0.2414,2.7008,0.9610
1609.00,0.0999,2.3122,1.4347
1609.25,0.3757,2.3753,1.5129
1609.50,0.0263,2.7602,1.2796
1609.75,-0.0647,3.0007,0.8916
1610.00,-0.3352,3.4720,1.4053
1610.25,-0.1649,4.2596,1.8782
1610.50,-1.1680,4.6466,1.4569
1610.75,-1.4190,4.7460,1.6699
1611.00,-1.4632,4.8870,1.8626
1611.25,-1.9716,4.7264,1.9207
1611.50,-3.3093,4.6697,2.3213
1611.75,-3.6289,4.0258,2.3018
1612.00,-3.7082,3.6736,2.6140
1612.25,-2.8641,3.9913,3.4207
1612.50,-1.2811,3.8124,3.9386
1612.75,-0.7460,4.2656,3.9962
1613.00,-0.1273,4.0689,4.2010
1613.25,-0.4610,3.4994,4.5344
1613.50,-0.2990,3.1526,4.6703
1613.75,1.1246,3.1974,3.8366
1614.00,1.6421,2.9916,3.5082
1614.25,0.9356,3.2642,3.1865
1614.50,0.2277,3.3389,2.8093
1614.75,-0.4788,3.8583,2.1153
1615.00,-1.5858,3.7977,2.7633
1615.25,-2.0402,3.3870,3.4713
1615.50,-2.5325,3.7270,3.9130
1615.75,-2.3735,2.5312,3.9732
1616.00,-1.2740,2.5567,3.2983
1616.25,-0.9542,2.6822,2.3517
1616.50,-0.8889,3.4535,2.0107
1616.75,-0.6770,4.0141,1.7157
1617.00,0.1036,4.4445,1.7555
1617.25,0.3522,4.3208,2.1528
1617.50,0.3096,3.5643,2.4840
1617.75,0.4818,3.4576,2.6544
1618.00,-0.1939,3.1032,2.8909
1618.25,0.4879,3.0319,2.5833
1618.50,0.5885,3.4718,2.1490
1618.75,0.5271,3.5168,1.5526
1619.00,-0.3837,3.2311,1.0503
1619.25,-1.3433,3.0947,0.9367
1619.50,-1.0673,2.7892,0.8573
1619.75,-0.9202,3.1718,1.3324
1620.00,-1.4791,2.9421,1.4279
1620.25,-1.0617,2.2665,1.8059
1620.50,-0.6631,1.8479,1.7110
1620.75,-1.2246,2.0401,2.1527
1621.00,-0.9392,1.9731,1.8587
1621.25,-0.0978,1.7439,1.2106
1621.50,0.0488,1.8347,1.3904
1621.75,-0.4428,2.1044,1.0519
1622.00,-0.5687,2.4539,1.3410
1622.25,-1.2374,3.5025,1.3660
1622.50,-1.8029,3.7659,1.5525
1622.75,-1.8803,3.8471,1.9561
1623.00,-2.0423,3.9297,1.6800
1623.25,-1.5642,4.4807,1.5986
1623.50,-1.6543,4.0198,1.5339
1623.75,-1.4372,3.8968,1.4885
1624.00,-1.9624,2.9280,1.1461
1624.25,-2.4970,2.7280,1.1214
1624.50,-1.6481,2.1201,1.1104
1624.75,-0.7945,2.5184,1.3533
1625.00,-0.4026,3.0473,1.4753
1625.25,0.5267,2.5844,1.4450
1625.50,0.1510,2.3561,1.4999
1625.75,-1.3025,2.0694,2.0152
1626.00,-0.9068,2.1557,2.2797
1626.25,-0.2346,2.5004,2.0857
1626.50,-0.8287,2.3878,1.9185
1626.75,-0.8927,2.7013,2.0720
1627.00,-0.7216,2.8055,1.7475
1627.25,-1.1861,3.3903,1.4336
1627.50,-1.4460,3.6078,1.0053
1627.75,-1.2226,3.9735,1.4592
1628.00,-1.2756,3.8014,1.6866
1628.25,-0.4548,3.9590,1.8833
1628.50,-0.6102,3.8292,2.5273
1628.75,-0.8682,3.5149,2.4921
1629.00,-1.9820,2.1663,2.2116
1629.25,-3.0345,1.7948,2.8240
1629.50,-4.0776,1.0740,2.5567
1629.75,-3.7428,-0.1565,2.0325
1630.00,-2.8270,0.0749,1.4094
1630.25,-2.0968,0.0096,1.0920
1630.50,-2.6887,0.2194,1.3299
1630.75,-4.2020,0.5086,1.2709
1631.00,-4.7824,0.6615,1.1438
1631.25,-4.2571,1.5073,1.4102
1631.50,-3.9752,1.6884,1.5145
1631.75,-5.3273,1.0630,1.4106
1632.00,-4.4387,0.5451,1.2884
1632.25,-3.6403,0.3324,1.7770
1632.50,-3.3870,0.7816,1.8464
1632.75,-3.4900,0.9902,2.0390
1633.00,-3.4811,1.2957,2.1812
1633.25,-3.2963,0.5449,1.4637
1633.50,-3.6761,0.7654,2.1582
1633.75,-4.3765,1.8250,2.8069
1634.00,-4.4568,1.9625,2.5054
1634.25,-4.3425,2.1158,2.2711
1634.50,-4.3679,2.7397,2.1958
1634.75,-3.7897,2.8836,2.3766
1635.00,-3.5842,2.6758,2.5782
1635.25,-4.1692,2.8752,2.5157
1635.50,-4.1021,3.0409,2.4798
1635.75,-4.8673,2.7271,2.0643
1636.00,-4.3802,2.4973,2.2068
1636.25,-3.3991,2.7487,1.9007
1636.50,-3.3013,3.3104,2.0169
1636.75,-3.4482,3.8431,2.9061
1637.00,-4.3780,3.7568,3.3012
1637.25,-4.8276,2.2350,3.4240
1637.50,-5.2048,1.3000,3.1652
1637.75,-5.4774,0.6504,3.1485
1638.00,-5.1077,0.7347,3.1563
1638.25,-4.3803,0.5437,3.1986
1638.50,-4.0065,1.1806,2.8474
1638.75,-3.6004,1.8482,3.1334
1639.00,-4.4221,2.6872,3.6703
1639.25,-5.1785,2.5392,3.9904
1639.50,-4.5391,2.5434,3.6706
1639.75,-4.5339,2.2022,3.6858
1640.00,-3.9786,1.7319,3.5149
1640.25,-2.9096,1.1688,3.7068
1640.50,-2.4053,1.8588,3.9502
1640.75,-2.2666,1.7225,3.3967
1641.00,-2.2667,1.7903,3.4156
1641.25,-3.3358,1.4640,3.4361
1641.50,-4.3028,1.4732,3.5444
1641.75,-4.8682,0.7544,3.6562
1642.00,-5.0725,0.4145,3.9258
1642.25,-4.8904,1.1547,4.1004
1642.50,-4.8285,0.5158,3.9040
1642.75,-5.2179,0.6441,4.2180
1643.00,-5.6130,0.7006,4.4813
1643.25,-5.0509,0.4786,5.4238
1643.50,-5.4146,0.2616,5.0900
1643.75,-5.7084,0.2711,4.9001
1644.00,-5.8835,0.8145,4.5515
1644.25,-5.7104,1.9286,4.0885
1644.50,-4.7775,1.8966,4.3097
1644.75,-4.0558,1.1342,3.5115
1645.00,-3.9215,0.6444,3.1435
1645.25,-3.5521,0.6871,2.9791
1645.50,-2.7955,1.0947,3.4076
1645.75,-2.8621,1.7080,3.9462
1646.00,-4.1762,1.6242,3.8201
1646.25,-3.4219,1.5294,3.8675
1646.50,-2.1878,1.9191,4.1693
1646.75,-2.0631,1.8865,4.1290
1647.00,-1.3004,1.7251,3.8946
1647.25,-2.2978,1.9736,4.0544
1647.50,-2.5659,1.1836,4.3167
1647.75,-2.0386,1.2373,4.4104
1648.00,-2.3983,0.9436,4.3505
1648.25,-2.9782,0.6877,4.1943
1648.50,-2.8909,0.9232,4.1686
1648.75,-3.2570,1.4733,4.2541
1649.00,-2.8908,1.6558,3.6117
1649.25,-2.3083,1.1388,3.5947
1649.50,-2.0523,1.0425,3.5970
1649.75,-1.6839,0.5951,3.3653
1650.00,-1.0419,0.2445,3.4149
1650.25,-1.8122,0.8801,2.5956
1650.50,-2.7303,0.5020,2.3754
1650.75,-3.1599,-0.1495,2.0469
1651.00,-2.3914,-0.0926,1.8599
1651.25,-2.2840,0.0695,1.8349
1651.50,-2.9188,-0.4718,2.0384
1651.75,-3.0170,-0.4462,2.4979
1652.00,-2.2816,0.5859,2.6656
1652.25,-2.4389,1.3772,2.9114
1652.50,-2.8515,1.8245,2.5153
1652.75,-3.3373,1.6252,2.3003
1653.00,-3.3786,0.7149,1.8984
1653.25,-3.0588,0.1027,1.7046
1653.50,-2.9426,0.4176,2.7254
1653.75,-3.1072,0.3278,4.1215
1654.00,-3.3121,0.2175,3.6036
1654.25,-3.7449,-0.0872,3.1769
1654.50,-3.8405,-0.0495,3.1459
1654.75,-3.6277,-0.1412,3.3949
1655.00,-3.2896,-0.2338,3.6276
1655.25,-2.7453,-0.7855,3.8006
1655.50,-2.3531,-1.4900,3.6260
1655.75,-2.1194,-2.1988,3.1854
1656.00,-2.1719,-1.6805,3.0748
1656.25,-1.1780,-1.1434,2.9676
1656.50,-0.5459,-0.8700,2.2834
1656.75,-1.3236,-1.0154,1.2363
1657.00,-1.7892,-0.9688,0.9452
1657.25,-2.7543,-1.0776,1.2009
1657.50,-2.8745,-1.8108,1.6172
1657.75,-2.3134,-2.0564,2.1518
1658.00,-3.2294,-2.0402,2.6538
1658.25,-3.3093,-1.8998,2.5200
1658.50,-3.3875,-1.1263,2.4005
1658.75,-3.0757,-0.9043,2.3555
1659.00,-3.4794,-2.0813,2.6514
1659.25,-3.2817,-2.2257,2.4815
1659.50,-3.7779,-2.5254,2.6183
1659.75,-4.0723,-2.5140,2.4279
1660.00,-5.0124,-1.6273,3.2389
1660.25,-5.1732,-0.7926,3.6036
1660.50,-4.8261,-0.3799,2.8399
1660.75,-5.1531,-0.8325,2.1824
1661.00,-5.3294,-0.1664,1.8529
1661.25,-5.0023,0.2713,2.2163
1661.50,-4.3192,0.3824,2.2148
1661.75,-2.8379,1.3170,2.2258
1662.00,-2.5322,1.5672,2.5275
1662.25,-2.9828,1.0808,2.5572
1662.50,-3.2298,0.0359,2.4776
1662.75,-2.8474,-0.7623,2.8153
1663.00,-2.1919,0.1652,2.7721
1663.25,-2.7379,0.8729,2.6012
1663.50,-1.9936,0.9589,3.1456
1663.75,-1.5568,1.3548,3.3594
1664.00,-1.3141,1.6821,2.9019
1664.25,-2.3701,1.4665,2.7083
1664.50,-3.7205,1.7570,2.4773
1664.75,-3.1990,2.3016,2.6663
1665.00,-3.0842,2.2772,2.6709
1665.25,-2.7878,1.9324,2.8727
1665.50,-2.3755,1.2127,2.9330
1665.75,-3.0509,0.7508,2.9947
1666.00,-4.2623,0.6737,3.4680
1666.25,-4.1584,0.4717,2.9995
1666.50,-2.8484,0.6085,3.1561
1666.75,-1.4123,0.3341,3.3791
1667.00,-0.7146,-0.0783,3.1924
1667.25,-0.7881,-0.7958,3.4946
1667.50,-1.0797,-0.5957,3.6189
1667.75,-0.4516,0.0513,4.0251
1668.00,-0.6576,0.2797,4.0669
1668.25,-0.6783,0.2616,3.8232
1668.50,-0.3428,0.3173,3.2208
1668.75,-0.9702,0.6918,3.0799
1669.00,-1.6129,0.7341,3.0717
1669.25,-1.3938,0.6682,3.1766
1669.50,-1.7375,1.0050,2.8884
1669.75,-2.1145,1.1086,1.9824
1670.00,-2.0777,1.1396,1.9253
1670.25,-3.7189,1.8437,2.4040
1670.50,-3.7776,2.3175,2.4486
1670.75,-3.3008,2.5036,2.1563
1671.00,-3.9793,1.6737,2.0979
1671.25,-3.8924,1.1753,1.6449
1671.50,-2.2619,1.1694,1.8835
1671.75,-1.2694,0.8628,2.4453
1672.00,-1.1880,0.3160,3.4384
1672.25,-2.3580,0.3307,3.4257
1672.50,-3.0673,0.8784,2.8884
1672.75,-3.9429,1.2095,2.7869
1673.00,-5.1960,0.9631,3.0908
1673.25,-4.8742,1.0130,2.9770
1673.50,-3.7258,1.2323,2.7043
1673.75,-3.8264,0.9779,2.4050
1674.00,-3.5924,0.4080,2.1517
1674.25,-3.2965,-0.2729,2.5378
1674.50,-2.9976,-0.1634,3.1093
1674.75,-2.5576,-0.2673,3.3295
1675.00,-2.2789,0.1891,3.0993
1675.25,-1.6116,0.4735,3.2686
1675.50,-1.5206,-0.4255,2.8016
1675.75,-1.7917,-0.7989,2.3540
1676.00,-2.3597,-1.0909,2.3946
1676.25,-2.8348,-1.3327,2.3790
1676.50,-3.4366,-1.0832,1.7425
1676.75,-2.6938,-0.6186,1.2641
1677.00,-3.2272,-0.5752,1.5751
1677.25,-3.1437,-0.9497,1.8375
1677.50,-1.6934,-0.6981,2.6775
1677.75,-1.9606,-0.7235,2.6862
1678.00,-1.9485,-0.4253,2.6876
1678.25,-1.3736,-0.5256,2.5079
1678.50,-0.5700,-0.2944,2.3153
1678.75,-0.1610,-0.4414,2.1953
1679.00,-0.0797,-0.9327,2.1259
1679.25,-0.8539,-0.7593,1.5492
1679.50,-0.9383,-0.0755,1.5237
1679.75,-1.1530,0.3102,1.2840
1680.00,-1.7528,1.1412,1.1648
1680.25,-0.8987,1.0002,1.4567
1680.50,-0.4751,0.4559,1.1694
1680.75,0.5674,0.8359,0.7947
1681.00,0.8568,0.8033,0.6717
1681.25,-0.1728,1.0915,0.6252
1681.50,-1.5958,0.8961,0.7997
1681.75,-2.3315,0.2293,1.1756
1682.00,-2.1074,0.1250,0.9314
1682.25,-0.8399,-0.0212,1.1718
1682.50,-0.2506,-0.6898,1.3301
1682.75,-0.2956,0.0055,0.8835
1683.00,-2.0838,0.3611,0.6301
1683.25,-2.4235,-0.0700,0.5872
1683.50,-2.8479,-0.9742,0.7350
1683.75,-3.2527,-1.2779,1.2348
1684.00,-2.1806,-0.6424,0.8549
1684.25,-1.5150,-0.5155,0.7165
1684.50,-0.8858,-0.6054,0.9106
1684.75,-1.0509,-0.7827,0.3085
1685.00,-1.6518,-0.2805,0.2226
1685.25,-2.4928,0.0122,0.1284
1685.50,-3.0298,-0.1592,0.2074
1685.75,-2.3295,-0.4803,0.2813
1686.00,-1.1350,-0.8619,-0.4532
1686.25,-1.5593,-1.3843,-0.6753
1686.50,-0.4443,-0.8914,0.0197
1686.75,0.1679,-0.5392,0.3589
1687.00,-1.0540,-0.6983,0.5652
1687.25,-2.0596,-0.5383,0.1095
1687.50,-1.3324,-0.9518,-0.2232
1687.75,-1.7118,-1.3000,0.1756
1688.00,-0.8554,-0.6556,0.4388
1688.25,-1.1782,-1.0431,-0.3637
1688.50,-1.5989,-1.4582,-0.1185
1688.75,-1.5949,-0.9941,0.1637
1689.00,-1.3143,-0.8579,0.7145
1689.25,-1.0539,-0.2941,1.1086
1689.50,-1.2886,0.4171,0.8131
1689.75,-1.6567,0.7121,0.5359
1690.00,-2.2566,1.0167,0.7280
1690.25,-2.7780,0.8213,0.7283
1690.50,-2.6807,1.3932,0.6363
1690.75,-1.6452,1.9530,1.0368
1691.00,-1.0655,1.4623,1.6477
1691.25,-1.1602,1.6061,1.9867
1691.50,-0.3288,2.3472,1.9437
1691.75,1.2988,2.7261,1.8772
1692.00,1.4440,2.6518,1.5019
1692.25,0.5201,2.6023,1.0075
1692.50,-0.5216,2.4840,1.0409
1692.75,-0.1801,2.9870,0.8949
1693.00,-0.3354,3.3523,0.4905
1693.25,-1.0378,3.8817,0.8311
1693.50,-1.3006,3.8826,0.8018
1693.75,-1.2875,3.1042,0.9830
1694.00,-0.9878,2.2276,1.2684
1694.25,-0.9077,1.5753,1.2681
1694.50,-0.7623,1.6203,1.4572
1694.75,-0.6794,2.0998,1.7591
1695.00,-0.7342,1.8050,2.0589
1695.25,-0.7258,1.3076,2.2883
1695.50,-0.7866,1.9279,2.4270
1695.75,-1.5028,1.5365,2.1946
1696.00,-1.0937,0.7243,2.2773
1696.25,-1.1271,0.9633,1.8177
1696.50,-0.7881,1.1912,1.0264
1696.75,-0.6042,0.8672,1.4061
1697.00,-0.4814,-0.1706,1.6575
1697.25,-0.9211,-0.4233,1.2280
1697.50,0.0658,-0.5667,1.5555
1697.75,0.4772,-0.8565,1.3008
1698.00,0.0087,-0.5912,1.5155
1698.25,-0.2170,-0.5414,2.1740
1698.50,-0.3286,-0.4078,2.3917
1698.75,-0.2911,0.3404,2.0281
1699.00,-0.1843,0.1548,1.3491
1699.25,-1.1621,0.0219,1.0079
1699.50,-1.2138,-0.0751,1.2380
1699.75,-0.7970,0.0059,1.2302
1700.00,-0.5775,0.0396,1.1593
1700.25,-0.8072,0.0682,0.7514
1700.50,-1.0921,0.1769,0.4768
1700.75,-1.7147,-0.5311,1.2187
1701.00,-1.6761,-1.9247,1.6293
1701.25,-1.8342,-2.6463,2.1121
1701.50,-1.8176,-3.4953,2.3504
1701.75,-1.0736,-3.1243,2.4563
1702.00,-0.8377,-2.5266,2.5300
1702.25,-0.3300,-1.8774,2.6015
1702.50,0.0781,-2.5085,2.6965
1702.75,1.0942,-2.6106,2.6421
1703.00,1.7977,-2.7569,2.2064
1703.25,1.2610,-3.7930,1.2801
1703.50,0.2818,-4.0536,0.8257
1703.75,-0.6472,-2.6651,0.7611
1704.00,-0.2114,-0.9656,1.3217
1704.25,-0.0056,-0.6665,1.8291
1704.50,0.2259,-0.6718,1.7276
1704.75,-0.4068,-0.8503,1.5190
1705.00,-0.8326,0.0301,1.5996
1705.25,-0.9118,-0.2355,2.1408
1705.50,-0.8940,-0.7137,2.6690
1705.75,-0.5560,-0.8701,2.7659
1706.00,0.0515,-1.0722,1.9073
1706.25,-0.7450,-1.4028,2.0567
1706.50,-0.9934,-0.9606,2.4229
1706.75,-0.8915,-0.5759,2.2338
1707.00,-2.2795,0.0308,2.3880
1707.25,-2.6334,0.7201,2.0406
1707.50,-1.4602,1.2308,1.5458
1707.75,-0.8998,1.2933,1.6189
1708.00,-0.8617,1.8489,1.7695
1708.25,-1.2452,2.1048,1.8527
1708.50,-2.0996,2.1170,2.3424
1708.75,-2.5505,1.6935,1.9724
1709.00,-2.2853,1.1623,1.9925
1709.25,-1.9163,0.9629,2.5142
1709.50,-1.6629,1.6520,2.1067
1709.75,-2.1671,1.9864,1.4163
1710.00,-1.7096,2.3991,1.5489
1710.25,-1.0241,2.7856,1.9166
1710.50,-1.6364,2.6012,1.9353
1710.75,-1.8612,2.0615,1.6279
1711.00,-1.7101,1.5972,1.3164
1711.25,-1.7812,1.2785,1.4217
1711.50,-1.6428,1.4613,1.3643
1711.75,-2.4636,0.6559,1.1040
1712.00,-2.1849,1.5133,1.0115
1712.25,-0.9697,2.0855,0.8121
1712.50,-0.3599,1.6235,0.7925
1712.75,0.1307,1.6469,1.0320
1713.00,0.1672,1.9444,0.9213
1713.25,-0.5281,1.7698,0.2014
1713.50,-0.6240,1.9826,0.1245
1713.75,1.0605,1.9696,0.5997
1714.00,1.3254,1.7540,1.6602
1714.25,0.5153,1.4523,1.6800
1714.50,0.9319,0.9122,1.2410
1714.75,0.9270,1.0381,0.4192
1715.00,0.8033,1.4457,0.4404
1715.25,1.6554,1.8669,0.7770
1715.50,1.2532,1.9673,0.8396
1715.75,0.4641,2.1145,0.8353
1716.00,0.1723,1.6620,0.9388
1716.25,-0.3516,1.7201,0.7911
1716.50,-0.1792,2.7436,0.8972
1716.75,-0.9522,2.9838,1.1876
1717.00,-1.8475,2.8731,1.5474
1717.25,-1.6862,2.8971,2.0505
1717.50,-2.2696,3.1947,2.1024
1717.75,-2.9183,2.7628,1.8805
1718.00,-2.5732,3.2500,1.1758
1718.25,-2.8475,2.4430,1.3590
1718.50,-3.0981,1.1168,1.4332
1718.75,-2.8229,1.4991,1.0050
1719.00,-2.6314,1.8688,0.8636
1719.25,-2.6634,1.8600,1.0468
1719.50,-2.2761,2.0564,1.3321
1719.75,-2.3746,1.5248,1.8967
1720.00,-2.5691,2.2415,1.5886
1720.25,-2.5914,1.9726,0.9775
1720.50,-3.0943,0.9770,1.1495
1720.75,-3.0234,1.0996,0.9194
1721.00,-3.2880,1.7525,0.6702
1721.25,-3.2607,2.7105,0.0091
1721.50,-3.7356,3.2724,-0.4147
1721.75,-3.9495,4.0315,-0.6416
1722.00,-3.8071,3.7412,-0.2400
1722.25,-4.8938,3.9805,-0.5834
1722.50,-4.3659,3.2906,-0.8287
1722.75,-3.9465,3.2797,-0.6676
1723.00,-4.3497,3.3242,-0.6258
1723.25,-5.3160,2.8102,-0.1241
1723.50,-5.1425,2.3106,0.0356
1723.75,-5.4249,2.8362,0.1100
1724.00,-5.4360,3.2077,0.3941
1724.25,-4.5786,4.2973,0.7700
1724.50,-4.0299,4.8010,0.8710
1724.75,-4.0364,5.8036,0.0276
1725.00,-3.3482,5.1027,0.1632
1725.25,-3.0187,4.3567,0.2605
1725.50,-2.7503,4.0526,0.4156
1725.75,-3.6004,3.8836,0.5040
1726.00,-4.6148,4.2601,1.2223
1726.25,-4.2968,4.3437,1.5007
1726.50,-3.8900,4.4996,1.9906
1726.75,-4.1669,4.5059,2.2485
1727.00,-5.0625,4.5124,1.8319
1727.25,-5.5087,4.0532,1.6289
1727.50,-4.8956,3.4510,1.8921
1727.75,-4.0179,4.1686,1.4690
1728.00,-4.3565,4.5735,1.1275
1728.25,-3.9276,4.8242,0.8147
1728.50,-4.4002,3.9469,1.4542
1728.75,-3.9383,2.7598,1.5737
1729.00,-3.7766,2.9217,1.5685
1729.25,-3.7090,3.2228,1.4302
1729.50,-4.0079,2.8822,1.4369
1729.75,-3.7034,2.2704,1.9039
1730.00,-3.6297,1.8321,1.8684
1730.25,-3.9213,1.7683,1.8390
1730.50,-4.4889,2.2154,1.7601
1730.75,-5.1898,2.8468,1.4804
1731.00,-5.6219,3.7150,1.5119
1731.25,-5.8670,3.7497,1.4811
1731.50,-6.2469,3.3556,1.8162
1731.75,-6.8062,3.0784,1.8950
1732.00,-6.9725,2.8331,2.3184
1732.25,-7.2829,2.4989,2.3785
1732.50,-7.8506,1.8706,1.7706
1732.75,-7.1423,1.8246,1.3343
1733.00,-5.3116,1.0343,1.6166
1733.25,-4.2740,1.4592,1.9124
1733.50,-4.0401,1.9706,2.1801
1733.75,-3.9415,1.3551,1.4891
1734.00,-4.5154,1.8208,0.9490
1734.25,-5.3993,2.6585,-0.1118
1734.50,-5.5402,2.9360,-0.5938
1734.75,-5.4047,3.3977,-0.6303
1735.00,-4.6070,2.6107,-0.8858
1735.25,-3.8694,2.6307,-0.5385
1735.50,-2.8818,2.1575,-0.1022
1735.75,-2.1966,2.5365,0.0865
1736.00,-2.0968,2.7171,1.0750
1736.25,-2.2445,2.7634,1.2094
1736.50,-2.4914,2.4520,0.7212
1736.75,-3.7483,1.9648,0.1487
1737.00,-4.4431,1.7060,0.0150
1737.25,-4.2687,1.9098,0.2710
1737.50,-3.4908,1.8795,0.6772
1737.75,-3.9667,1.2236,1.3782
1738.00,-4.0302,0.5975,1.5426
1738.25,-3.7613,1.2385,1.1439
1738.50,-4.5694,1.6839,0.3990
1738.75,-5.9848,1.5933,-0.1547
1739.00,-6.0766,1.0593,-0.1558
1739.25,-5.8497,1.0896,0.6614
1739.50,-4.8828,2.2735,0.9506
1739.75,-5.3537,3.0068,0.7442
1740.00,-4.8637,3.1371,0.8687
1740.25,-3.9792,3.0187,1.4592
1740.50,-3.5598,2.1052,1.7842
1740.75,-3.8938,1.8575,1.6123
1741.00,-4.2544,2.0975,1.2900
1741.25,-4.5822,2.1684,1.8937
1741.50,-5.2518,2.3313,2.2932
1741.75,-4.8724,2.3428,2.3673
1742.00,-3.7649,1.9175,2.0182
1742.25,-2.7135,1.5240,1.5708
1742.50,-2.5570,1.0726,1.1023
1742.75,-3.2480,0.9451,1.4768
1743.00,-4.1506,0.9936,1.2660
1743.25,-4.9391,0.4527,1.4864
1743.50,-4.4039,0.7674,1.1995
1743.75,-4.5745,1.9339,0.6836
1744.00,-4.7372,1.6120,0.9772
1744.25,-4.7924,0.8653,0.9231
1744.50,-4.9533,1.0685,0.7075
1744.75,-5.4094,0.7088,0.5521
1745.00,-5.0976,1.0966,0.6749
1745.25,-5.4229,1.4347,0.5849
1745.50,-4.9508,1.4293,0.1394
1745.75,-5.2450,1.8471,-0.6247
1746.00,-6.2779,2.4614,-0.3723
1746.25,-6.5187,2.3909,0.3133
1746.50,-6.3328,2.1873,0.8508
1746.75,-6.2168,2.2754,0.3456
1747.00,-5.9449,2.0460,0.2253
1747.25,-5.3624,2.5893,-0.1299
1747.50,-5.9928,3.0921,-0.2043
1747.75,-5.9933,3.4944,-0.2110
1748.00,-6.1329,2.9870,-0.1597
1748.25,-5.5220,2.5861,-0.8873
1748.50,-4.9935,3.1171,-1.0463
1748.75,-5.0112,2.9458,-1.7201
1749.00,-5.4529,3.5088,-1.6035
1749.25,-5.7935,3.3483,-1.0440
1749.50,-5.6460,3.5790,-1.1098
1749.75,-6.0066,3.5860,-0.5945
1750.00,-6.0272,4.3334,-0.1344
1750.25,-5.1285,5.0610,0.3243
1750.50,-5.5164,5.6055,0.5380
1750.75,-4.9704,5.4665,0.4781
1751.00,-4.8526,5.7338,0.4413
1751.25,-5.0249,5.9568,0.4800
1751.50,-4.7121,5.3277,0.7850
1751.75,-4.8374,4.7683,1.0339
1752.00,-5.8100,5.4411,1.0593
1752.25,-5.5031,5.4025,0.5850
1752.50,-5.1903,4.9179,0.5605
1752.75,-5.4698,4.9897,0.6490
1753.00,-5.7542,4.9556,0.2455
1753.25,-5.8259,4.0713,0.3331
1753.50,-5.7437,3.6943,1.2706
1753.75,-5.2189,3.0613,1.0766
1754.00,-5.1982,3.7275,1.4222
1754.25,-4.7572,4.6585,1.4962
1754.50,-4.9817,5.1900,0.9619
1754.75,-5.6280,5.4061,1.0908
1755.00,-6.0735,4.9513,0.9988
1755.25,-5.7244,4.3393,0.1653
1755.50,-5.3736,3.6986,0.0005
1755.75,-6.3686,3.9352,0.3760
1756.00,-6.3246,3.9427,0.4280
1756.25,-5.5572,3.2519,0.2098
1756.50,-5.6675,4.4525,0.0338
1756.75,-6.1307,5.4583,-0.0125
1757.00,-6.3419,5.0563,0.2318
1757.25,-5.7918,5.0624,0.6081
1757.50,-5.2752,5.8457,0.0728
1757.75,-4.3803,5.7499,0.1573
1758.00,-4.1928,5.1895,0.1119
1758.25,-4.9838,4.6848,-0.0798
1758.50,-4.9296,4.9310,0.5480
1758.75,-5.7838,5.2183,0.3557
1759.00,-5.3892,4.9339,-0.1963
1759.25,-4.9242,4.7277,-0.6874
1759.50,-3.9094,4.0581,-0.3422
1759.75,-4.6211,4.3757,-0.3855
1760.00,-4.8141,4.0763,-0.1755
1760.25,-5.2723,3.7452,-0.1527
1760.50,-5.6681,3.7011,-0.4264
1760.75,-3.8338,3.5252,-0.7828
1761.00,-3.5019,3.1048,-0.8961
1761.25,-4.1295,2.6659,-0.5091
1761.50,-4.3086,2.4850,-0.6082
1761.75,-4.2838,1.8317,-0.7051
1762.00,-4.2193,1.6761,-0.9931
1762.25,-3.7048,2.0175,-0.9149
1762.50,-3.2851,1.6958,-1.0601
1762.75,-3.3246,1.5733,-1.0371
1763.00,-3.1646,2.1026,-0.9552
1763.25,-4.0826,2.9371,-1.4007
1763.50,-3.1606,3.9774,-1.4697
1763.75,-2.7186,4.0463,-1.3199
1764.00,-3.5129,3.8417,-0.7744
1764.25,-2.0341,3.7493,-0.1585
1764.50,-2.0869,4.5464,-0.3832
1764.75,-2.4081,4.2098,-0.3956
1765.00,-3.2053,3.7373,0.4972
1765.25,-4.5941,3.1971,0.8843
1765.50,-4.9090,3.1449,0.4074
1765.75,-5.1248,3.0179,-0.1368
1766.00,-5.0206,3.2837,0.1101
1766.25,-4.8473,3.7209,0.8498
1766.50,-4.9782,3.4906,0.6390
1766.75,-4.1493,2.6907,0.6808
1767.00,-3.7293,2.5228,0.1886
1767.25,-3.5974,2.3290,-0.3672
1767.50,-3.0905,2.8124,-0.6912
1767.75,-2.3128,3.1242,-0.5509
1768.00,-1.9924,2.6793,-1.2937
1768.25,-2.6136,2.5386,-2.4794
1768.50,-3.6232,2.3698,-2.8148
1768.75,-5.1160,2.2891,-2.9354
1769.00,-5.6306,1.2481,-2.2472
1769.25,-6.1104,1.2368,-1.8594
1769.50,-6.0508,1.0570,-2.4325
1769.75,-5.7799,0.7651,-2.0771
1770.00,-5.5458,0.5260,-1.6098
1770.25,-4.4602,0.3508,-1.7530
1770.50,-3.3262,0.2349,-2.4013
1770.75,-3.2397,0.1086,-2.7755
1771.00,-3.5642,0.3948,-2.7201
1771.25,-4.1742,-0.0325,-2.0198
1771.50,-4.4912,-0.6669,-2.0858
1771.75,-5.5983,-0.2514,-1.9331
1772.00,-6.3660,-0.0818,-1.7213
1772.25,-6.2704,0.3055,-1.3492
1772.50,-6.1348,0.4510,-0.8849
1772.75,-5.4095,0.7474,-0.4285
1773.00,-4.2030,0.5441,0.3262
1773.25,-4.0275,-0.3885,0.8653
1773.50,-3.8991,-0.0434,1.0318
1773.75,-3.0337,-0.0682,1.1982
1774.00,-3.5882,-0.2074,0.9285
1774.25,-2.5580,-0.6130,0.6945
1774.50,-2.2491,-0.8395,0.7840
1774.75,-3.0199,-1.1148,0.9714
1775.00,-2.8717,-1.1709,0.6966
1775.25,-3.3347,-1.2791,0.4076
1775.50,-4.1541,-1.6628,0.7262
1775.75,-4.1315,-1.7533,0.7751
1776.00,-3.8563,-1.5685,0.9264
1776.25,-3.7044,-1.3857,0.6331
1776.50,-4.2564,-1.3762,0.2545
1776.75,-4.5141,-1.2237,0.1893
1777.00,-4.3249,-1.2721,0.8369
1777.25,-4.0364,-1.2657,0.5476
1777.50,-3.2996,-0.6925,0.3195
1777.75,-2.6307,-1.0633,-0.2783
1778.00,-2.6852,-1.2429,-0.7286
1778.25,-2.3729,-1.5076,-1.0441
1778.50,-2.1813,-1.7795,-0.2727
1778.75,-2.1447,-2.0965,0.0762
1779.00,-1.8477,-2.1377,0.1531
1779.25,-2.2177,-1.3717,0.1865
1779.50,-2.4196,-0.7073,0.0370
1779.75,-2.3297,-0.6749,-1.0839
1780.00,-2.4745,-0.8848,-1.0379
1780.25,-3.0014,-0.7546,-0.9959
1780.50,-2.7575,-0.0271,-0.9244
1780.75,-2.6142,-0.6840,-0.5974
1781.00,-1.8230,-0.9272,-0.5382
1781.25,-0.5746,-0.7460,-0.3208
1781.50,0.7413,-0.7706,0.1159
1781.75,0.5593,-0.9878,0.5202
1782.00,1.0219,-1.4728,0.7050
1782.25,0.5864,-1.7663,0.3138
1782.50,-0.1128,-2.5049,-0.0286
1782.75,-0.7215,-3.1365,-0.4436
1783.00,-0.9277,-3.5057,-0.2870
1783.25,-0.8978,-3.1988,-0.0589
1783.50,-1.5741,-2.8688,-0.6392
1783.75,-1.8003,-2.9176,-0.4887
1784.00,-1.4171,-2.2168,-0.5577
1784.25,-2.0677,-2.6588,-0.0290
1784.50,-1.3503,-2.0694,0.2525
1784.75,-0.7690,-1.5950,0.4858
1785.00,-1.2560,-1.2669,0.6551
1785.25,-1.8720,-0.4179,1.0150
1785.50,-1.3058,-0.1067,0.9525
1785.75,-1.3216,0.3775,0.2396
1786.00,-1.6778,0.5769,-0.0298
1786.25,-1.5152,-0.0608,-0.1958
1786.50,-1.1126,0.2805,-0.0818
1786.75,-0.4561,0.1100,-0.6739
1787.00,-0.8934,0.2936,-0.5396
1787.25,-0.2136,-0.1258,-0.5785
1787.50,0.0736,-0.1685,-0.8760
1787.75,-1.6592,0.5752,-0.7625
1788.00,-1.8621,1.2773,-0.6217
1788.25,-0.2033,1.6111,-0.5878
1788.50,0.8731,1.3155,-0.6789
1788.75,0.0768,1.0462,-1.0143
1789.00,-0.4706,0.8088,-1.0960
1789.25,-0.8207,0.8819,-1.1693
1789.50,-0.7139,0.6722,-0.7786
1789.75,-0.2395,0.4712,-0.7829
1790.00,0.0095,0.6891,-1.8014
1790.25,0.5877,1.0863,-2.2012
1790.50,0.2247,1.2327,-1.5341
1790.75,-0.0426,1.0938,-1.0802
1791.00,0.8191,1.1152,-0.7658
1791.25,1.1376,1.2905,-0.9714
1791.50,-0.1249,1.2771,-1.0261
1791.75,-0.5305,0.9961,-1.0611
1792.00,-0.0724,0.1134,-1.1188
1792.25,-0.1241,-0.0727,-0.9880
1792.50,-1.0153,0.4506,-0.9550
1792.75,-2.0566,1.2695,-0.9124
1793.00,-1.7038,1.6775,-0.6670
1793.25,-0.8558,2.3060,-0.8614
1793.50,-0.5040,2.3062,-1.3166
1793.75,0.0181,1.5526,-0.8307
1794.00,-0.0347,0.8512,-0.1042
1794.25,-0.4817,0.3570,-0.3357
1794.50,-0.5894,0.2064,-0.3808
1794.75,-0.2578,0.3863,-0.1102
1795.00,0.1823,0.9744,-0.4603
1795.25,-0.0288,1.0921,-0.4297
1795.50,-0.9512,1.3525,-0.6259
1795.75,-1.2253,1.7557,-1.0407
1796.00,-0.6422,2.6726,-0.9265
1796.25,-0.6157,2.5329,-0.2784
1796.50,0.0009,2.5340,-0.0817
1796.75,-0.6246,2.3435,-0.1940
1797.00,-1.0144,2.0919,-0.3086
1797.25,-1.3105,2.4606,-0.0153
1797.50,-0.3458,1.7875,-0.3969
1797.75,0.4725,1.1598,-0.2516
1798.00,0.6286,1.6853,-0.0086
1798.25,-0.0284,1.9225,-0.0116
1798.50,-0.2754,1.9996,-0.9775
1798.75,0.2906,2.4161,-1.1740
1799.00,0.3828,2.0479,-1.4484
1799.25,-0.9121,1.4767,-0.9051
1799.50,-2.3620,1.4449,-1.0445
1799.75,-2.5753,1.9030,-1.3697
1800.00,-1.6788,2.5565,-0.9927
1800.25,-0.5957,2.5943,-0.8482
1800.50,0.2764,2.4068,-0.9823
1800.75,0.9348,2.0833,-0.7420
1801.00,1.0383,1.9065,-0.4943
1801.25,0.5046,1.7216,-0.9594
1801.50,1.0633,0.8632,-1.2457
1801.75,1.0249,0.3978,-1.7258
1802.00,2.0162,-0.3076,-1.9947
1802.25,1.8679,0.4299,-2.0079
1802.50,1.7454,1.2377,-2.5721
1802.75,1.1549,1.4618,-2.6556
1803.00,0.3592,1.8563,-2.8516
1803.25,0.8226,1.1326,-2.6926
1803.50,1.0841,1.4943,-2.5931
1803.75,1.6552,2.4054,-2.7193
1804.00,0.7241,2.4355,-2.8828
1804.25,-0.4924,1.7597,-2.3573
1804.50,-0.7474,1.7981,-1.9392
1804.75,0.0743,2.7396,-2.3978
1805.00,0.0608,2.3554,-2.0616
1805.25,-0.2353,1.9848,-1.3973
1805.50,0.3248,1.9380,-1.8043
1805.75,0.0514,2.1126,-2.0863
1806.00,0.7311,2.0679,-2.0777
1806.25,1.6155,2.3146,-1.7940
1806.50,1.2889,2.8676,-1.8564
1806.75,1.2170,2.6736,-2.2117
1807.00,0.6922,2.4579,-2.6525
1807.25,0.2735,2.2014,-2.2746
1807.50,-0.3746,1.8209,-2.1338
1807.75,-0.3889,1.2144,-1.8024
1808.00,0.8144,1.4394,-2.5895
1808.25,1.3352,1.0556,-2.4568
1808.50,1.0088,1.6391,-1.9071
1808.75,1.1544,2.2036,-1.9958
1809.00,0.3075,2.0903,-1.5825
1809.25,-0.4172,1.6077,-1.5819
1809.50,-0.3500,1.9566,-1.2713
1809.75,0.5620,1.7149,-0.6637
1810.00,0.8475,1.2478,-0.5555
1810.25,0.8612,1.0679,-0.1782
1810.50,0.0954,0.8309,0.0221
1810.75,0.1889,1.2967,-0.4660
1811.00,0.8021,1.9403,-0.2355
1811.25,0.0530,1.6594,-0.6270
1811.50,0.2493,0.9488,-1.3786
1811.75,0.3252,0.3455,-1.3081
1812.00,0.1802,-0.2205,-2.0188
1812.25,0.3034,-0.4433,-2.3064
1812.50,1.3384,-1.0181,-2.4842
1812.75,1.4423,-0.8938,-2.0480
1813.00,1.5275,0.0180,-1.8384
1813.25,0.9021,0.3521,-1.5401
1813.50,0.1548,-0.0798,-1.2317
1813.75,0.0622,0.1251,-1.0725
1814.00,0.2521,0.2404,-1.1761
1814.25,0.3692,0.6880,-1.2379
1814.50,0.8507,0.1904,-1.5721
1814.75,0.8440,-0.1466,-1.7707
1815.00,0.9131,0.1946,-1.6075
1815.25,1.7413,0.4066,-1.4395
1815.50,3.2214,0.2519,-1.2483
1815.75,3.8762,0.4851,-0.7791
1816.00,3.0776,0.9007,-1.0579
1816.25,3.1532,0.8708,-1.1942
1816.50,3.1398,0.5917,-1.8513
1816.75,3.1271,0.7391,-2.2569
1817.00,2.7778,1.6863,-2.3947
1817.25,2.8964,2.4978,-2.4397
1817.50,2.6596,2.6467,-2.2502
1817.75,1.8399,2.5987,-1.8961
1818.00,1.7444,3.5144,-2.0063
1818.25,1.8957,3.6581,-1.4458
1818.50,1.8481,3.4629,-1.8859
1818.75,2.1724,3.0432,-1.7554
1819.00,1.9787,2.6853,-1.5332
1819.25,1.7767,2.7885,-1.6714
1819.50,1.6474,2.8087,-1.1580
1819.75,2.1023,2.7786,-1.1961
1820.00,2.7359,2.8267,-1.0122
1820.25,2.3619,2.4351,-0.9473
1820.50,2.5482,1.4902,-1.2906
1820.75,3.5714,1.7335,-0.6800
1821.00,3.9271,2.2860,-0.3992
1821.25,3.8482,2.4661,-0.4576
1821.50,3.5316,1.6739,-0.2829
1821.75,2.6263,1.8222,-0.2524
1822.00,3.0183,1.7992,-0.7510
1822.25,3.7277,1.5956,-0.6626
1822.50,2.2758,1.1469,-0.5581
1822.75,1.6902,1.3381,0.0657
1823.00,1.8499,1.5562,0.1398
1823.25,1.6683,2.4421,-0.3127
1823.50,1.3992,2.5647,-0.6092
1823.75,2.3383,2.1446,-1.0156
1824.00,1.5673,2.5613,-0.7248
1824.25,1.5581,3.0912,-0.4455
1824.50,1.0081,3.2119,-0.6356
1824.75,1.4752,2.5579,-0.5115
1825.00,2.4780,2.8432,0.1126
1825.25,2.7523,2.8733,0.8090
1825.50,2.3877,2.6908,0.9265
1825.75,1.7861,2.3601,1.0855
1826.00,1.4084,1.6957,0.8894
1826.25,0.8630,1.7724,0.4300
1826.50,0.9050,2.3599,0.7087
1826.75,0.9411,3.1413,0.6173
1827.00,0.3280,2.3770,0.7698
1827.25,0.7343,1.9854,1.3154
1827.50,0.5597,1.8553,1.1837
1827.75,1.0052,2.5103,0.9218
1828.00,1.7341,2.2281,0.1375
1828.25,1.9398,1.7588,0.6650
1828.50,1.5367,1.3608,1.3243
1828.75,0.8500,1.3586,1.0182
1829.00,0.0329,0.6108,0.7010
1829.25,0.4000,0.5674,0.2280
1829.50,1.4224,1.4151,0.4803
1829.75,1.7954,2.0477,0.8188
1830.00,2.3990,1.9084,0.5904
1830.25,2.9414,1.8374,0.2756
1830.50,3.0813,1.5803,-0.0432
1830.75,3.5377,1.3521,-0.0049
1831.00,3.8914,2.2132,-0.0901
1831.25,2.6021,2.4885,-0.4613
1831.50,1.3828,2.0651,-0.5388
1831.75,1.1084,2.2468,-0.6072
1832.00,-0.4392,2.4875,-0.8034
1832.25,-0.4971,3.1241,-1.3575
1832.50,0.3108,3.3995,-1.7860
1832.75,1.2269,3.3613,-1.6777
1833.00,0.9823,3.4180,-1.6145
1833.25,1.0782,3.3222,-0.9900
1833.50,2.1264,2.9430,-0.4579
1833.75,2.5947,3.3643,-0.8882
1834.00,2.6828,3.8484,-1.0075
1834.25,2.7271,3.9679,-1.2724
1834.50,2.7953,3.6635,-1.3015
1834.75,2.0826,3.7123,-0.6101
1835.00,2.6332,3.9930,-0.7980
1835.25,2.6772,3.7487,-1.2312
1835.50,3.2833,3.8757,-1.1968
1835.75,2.2791,4.2905,-1.4503
1836.00,1.7804,4.9329,-1.5636
1836.25,1.1809,4.6310,-1.2456
1836.50,0.3775,3.8522,-1.0896
1836.75,0.0504,3.4555,-1.2363
1837.00,-0.2052,3.1531,-0.9345
1837.25,-0.9724,2.8927,-0.6605
1837.50,-1.2746,2.1026,-0.8758
1837.75,-0.4954,1.8747,-1.0272
1838.00,-0.8266,2.1791,-1.3856
1838.25,-1.1047,3.1342,-2.2661
1838.50,-0.6677,3.8072,-3.0243
1838.75,-0.2945,3.6797,-3.3430
1839.00,-0.1538,3.8070,-2.6279
1839.25,-0.8210,3.4556,-1.9956
1839.50,-1.3325,3.7609,-1.2755
1839.75,-1.0833,2.8474,-1.1508
1840.00,-0.7650,3.0202,-1.9966
1840.25,-0.7058,2.8846,-2.2405
1840.50,-0.5587,3.2915,-2.4905
1840.75,-0.2471,4.1138,-2.2831
1841.00,-0.1539,4.8854,-2.6152
1841.25,-0.6909,4.0880,-2.7221
1841.50,-1.0471,3.6523,-2.2130
1841.75,-0.7568,2.8255,-1.9576
1842.00,-0.4727,2.0434,-1.3786
1842.25,-0.2053,1.9395,-1.5547
1842.50,0.4325,2.0632,-1.5727
1842.75,0.3488,2.0187,-2.4370
1843.00,0.0282,2.0338,-2.4384
1843.25,0.3384,0.9060,-2.2849
1843.50,0.6092,0.8610,-2.3152
1843.75,0.1490,0.9560,-1.9830
1844.00,-0.8989,1.2586,-1.7663
1844.25,-1.1469,1.3000,-1.5829
1844.50,-1.6551,1.2441,-1.9491
1844.75,-1.8232,2.1813,-2.3095
1845.00,-1.5185,2.9655,-2.4797
1845.25,-2.7460,2.9708,-2.9056
1845.50,-2.9339,2.7589,-2.9395
1845.75,-2.7016,2.7651,-2.7212
1846.00,-2.5809,2.6995,-2.9288
1846.25,-2.3188,2.8554,-2.5983
1846.50,-2.1336,2.7454,-2.1970
1846.75,-2.1832,2.7222,-1.8050
1847.00,-1.5517,3.6497,-1.1984
1847.25,-1.6118,4.0680,-1.3777
1847.50,-1.5454,4.9642,-1.8735
1847.75,-1.6210,5.5290,-2.2638
1848.00,-1.8028,4.7511,-2.4567
1848.25,-1.8768,4.4074,-1.7291
1848.50,-1.9074,3.0059,-1.3981
1848.75,-2.0867,3.0118,-1.8540
1849.00,-1.7800,3.1602,-2.0564
1849.25,-1.1663,2.5887,-1.8381
1849.50,-1.1917,2.8453,-2.0114
1849.75,-1.7963,3.4866,-2.1129
1850.00,-2.7148,3.4566,-1.4135
1850.25,-2.8684,2.8090,-0.9674
1850.50,-2.8890,2.6147,-0.7521
1850.75,-3.1015,2.7484,-0.4997
1851.00,-3.0489,3.3062,-0.7214
1851.25,-2.2012,2.7730,-1.1684
1851.50,-2.7004,2.4177,-1.1394
1851.75,-2.3589,3.3386,-1.0761
1852.00,-2.6429,3.7195,-0.8745
1852.25,-3.6055,3.1353,-1.0063
1852.50,-3.3563,2.8708,-0.2937
1852.75,-3.6462,3.2901,-0.3214
1853.00,-4.2892,3.3523,-1.3077
1853.25,-4.2774,3.1600,-1.5276
1853.50,-4.0233,2.8418,-1.2805
1853.75,-3.1331,2.4389,-1.1872
1854.00,-2.5973,1.8847,-0.6744
1854.25,-2.7501,2.1078,0.1729
1854.50,-3.0174,2.0300,0.6152
1854.75,-3.0932,3.0448,0.2499
1855.00,-3.6700,3.8904,0.3917
1855.25,-3.4818,4.2996,0.2946
1855.50,-3.7034,5.3552,-0.3032
1855.75,-3.9076,5.6058,-0.9109
1856.00,-3.6848,5.0284,-0.8887
1856.25,-2.6272,4.3623,-0.3954
1856.50,-2.1759,4.8969,0.1582
1856.75,-0.9372,4.9712,0.4186
1857.00,-0.1249,5.1529,0.1357
1857.25,-0.2926,5.1083,0.4100
1857.50,0.1674,4.8521,-0.2262
1857.75,0.3685,4.7107,-0.2444
1858.00,-0.6465,4.1492,-0.4585
1858.25,-1.1716,3.8918,-0.2652
1858.50,-0.6958,4.4312,-0.0717
1858.75,-0.1815,5.0452,-0.2807
1859.00,-0.8103,4.9671,-0.0684
1859.25,-1.0193,5.2960,-0.7318
1859.50,-0.5404,5.5395,-0.3965
1859.75,0.3529,4.2476,0.0649
1860.00,0.0960,3.7180,-0.9557
1860.25,0.0787,2.8014,-1.1797
1860.50,1.0044,3.1163,-1.2106
1860.75,0.6945,3.7246,-0.6421
1861.00,0.2573,3.7120,-0.4840
1861.25,0.0673,3.6017,-0.0038
1861.50,-0.3573,3.5692,-0.0373
1861.75,-0.7130,3.0719,-0.4272
1862.00,-0.5884,2.9346,-0.1585
1862.25,-0.9599,2.7838,-0.3868
1862.50,-1.0117,3.1869,-0.2103
1862.75,-0.7606,3.4131,0.1957
1863.00,-0.3600,3.9641,0.4742
1863.25,-0.0514,4.0562,0.4416
1863.50,0.5490,3.5928,0.1199
1863.75,0.6703,3.4366,0.0003
1864.00,-0.4773,2.8253,-0.3628
1864.25,-1.2140,2.8822,-0.2379
1864.50,-1.5589,3.2381,0.2499
1864.75,-0.6511,3.0604,0.4775
1865.00,-0.7220,2.3853,0.3495
1865.25,-1.3167,2.0454,-0.3582
1865.50,-1.1462,2.7044,-0.4260
1865.75,-1.6742,3.5087,-0.0877
1866.00,-1.7283,3.9712,-0.1728
1866.25,-2.2232,3.7972,-0.4345
1866.50,-2.8327,3.4832,0.0094
1866.75,-0.9973,3.2571,0.0187
1867.00,0.4421,3.1615,-0.6441
1867.25,-0.1310,2.8821,-0.7952
1867.50,-0.8315,2.5631,-0.7105
1867.75,-0.2852,2.7144,-0.4165
1868.00,0.5471,3.1364,-0.7594
1868.25,1.5325,3.4960,-1.1891
1868.50,1.2183,3.3663,-1.5884
1868.75,1.2015,2.6218,-1.7593
1869.00,0.3276,2.0111,-1.5719
1869.25,0.6807,1.8739,-1.4326
1869.50,0.0885,1.2145,-1.6703
1869.75,-0.5441,0.9558,-1.4969
1870.00,-0.7209,0.4790,-1.1592
1870.25,-1.4255,0.6141,-1.0011
1870.50,-1.7965,0.7056,-1.2959
1870.75,-1.8154,0.5846,-1.0536
1871.00,-2.5131,0.7281,-0.5134
1871.25,-2.3575,0.3756,-0.8037
1871.50,-2.8781,0.2823,-1.0851
1871.75,-2.7421,0.3780,-1.2711
1872.00,-2.0504,0.3389,-0.9857
1872.25,-2.0040,0.8530,-0.9830
1872.50,-2.0105,2.3039,-0.5879
1872.75,-1.4834,2.4427,-0.8116
1873.00,-1.1345,2.2597,-0.5432
1873.25,-1.7161,2.2298,-0.1867
1873.50,-3.6300,2.1712,0.0124
1873.75,-3.7287,2.5920,0.2868
1874.00,-3.0763,2.1134,-0.0055
1874.25,-1.9877,1.5777,-0.1223
1874.50,-0.7532,2.0259,0.0599
1874.75,-0.5125,2.7964,0.4462
1875.00,-1.6236,2.3185,0.6851
1875.25,-1.4569,1.8624,0.2155
1875.50,-0.5628,1.1360,0.0748
1875.75,-0.8403,0.7374,0.5077
1876.00,-0.4715,0.9727,0.3241
1876.25,0.4062,0.5612,0.0096
1876.50,0.6710,0.1856,-0.7081
1876.75,0.2533,0.0957,-0.7022
1877.00,-0.1349,0.7973,-0.1528
1877.25,-0.9263,1.2280,-0.3580
1877.50,-1.5482,0.8054,-0.3417
1877.75,-1.8335,0.2814,-1.1507
1878.00,-2.9150,-0.0101,-1.1044
1878.25,-3.3771,0.0347,-0.6948
1878.50,-1.7774,0.8259,-0.9715
1878.75,-0.8578,0.8743,-1.1932
1879.00,-0.6284,0.0308,-1.2404
1879.25,-1.3004,-0.0409,-1.4322
1879.50,-1.7459,0.4430,-1.3662
1879.75,-1.5878,1.3650,-1.8299
1880.00,-0.9028,1.3006,-1.8959
1880.25,-0.4383,1.6269,-1.9302
1880.50,0.2237,1.4379,-2.0035
1880.75,0.2597,0.2358,-1.7186
1881.00,-0.5645,-0.4287,-1.3047
1881.25,-0.1827,-0.3357,-0.9757
1881.50,-0.1642,-0.0171,-0.0337
1881.75,-0.3754,1.1778,-0.4221
1882.00,-0.5909,1.5272,-1.0655
1882.25,-0.5198,1.3473,-1.3111
1882.50,-0.7853,1.8786,-1.3860
1882.75,-1.2133,2.5350,-1.8385
1883.00,-1.2527,2.5573,-1.5867
1883.25,-1.2919,2.2001,-1.5789
1883.50,-1.4080,1.2927,-1.8901
1883.75,-1.3715,0.6010,-1.8060
1884.00,-1.2811,0.1493,-1.3838
1884.25,-0.6265,0.2060,-1.1024
1884.50,-0.3783,0.7378,-0.9469
1884.75,-1.1378,1.6796,-0.8434
1885.00,-1.5326,1.7345,-0.8420
1885.25,-1.9634,0.7730,-0.5107
1885.50,-1.1861,-0.6033,-0.6646
1885.75,-2.2466,-0.3888,-0.8169
1886.00,-2.2745,0.3293,-0.6804
1886.25,-1.7375,0.2644,-0.4095
1886.50,-0.9683,0.1853,-0.1026
1886.75,-0.5250,0.2620,0.3656
1887.00,-1.1597,0.5834,0.6570
1887.25,-0.9803,0.9209,0.3280
1887.50,-0.9313,0.5706,0.3375
1887.75,-0.5977,0.2378,0.2048
1888.00,-0.1184,0.1207,0.0028
1888.25,-0.9060,0.2965,0.3294
1888.50,-1.2902,0.8778,0.1416
1888.75,-1.3176,0.4928,-0.3155
1889.00,-0.7898,-0.0483,-0.9069
1889.25,-1.3048,-0.2484,-1.6537
1889.50,-1.9456,0.1234,-2.1123
1889.75,-0.5027,1.2481,-1.8577
1890.00,-0.2980,1.9431,-1.8492
1890.25,-0.3055,2.4787,-1.4352
1890.50,-0.6095,2.2135,-1.8199
1890.75,-1.2171,1.6571,-1.7410
1891.00,-1.8973,1.4390,-2.2817
1891.25,-1.6638,1.1032,-2.7673
1891.50,-1.0605,1.7451,-2.6003
1891.75,-0.7314,1.0659,-2.3693
1892.00,-1.0129,0.9933,-1.5305
1892.25,-0.9862,1.3903,-0.8975
1892.50,-0.9582,1.4127,-0.2244
1892.75,-1.5957,1.2350,0.1915
1893.00,-2.6081,1.2932,0.0773
1893.25,-2.7589,1.7626,0.1433
1893.50,-1.9307,1.7567,0.0819
1893.75,-2.4720,1.9215,0.2137
1894.00,-2.8705,1.8327,0.3620
1894.25,-1.8728,0.9924,-0.0853
1894.50,-1.2743,0.9247,0.0772
1894.75,-0.5468,1.8139,-0.3678
1895.00,-0.4776,2.2203,-0.8909
1895.25,-0.1486,1.3751,-1.4649
1895.50,0.2036,1.6001,-2.1962
1895.75,0.4492,1.7700,-2.0541
1896.00,0.4362,2.0498,-1.8943
1896.25,-0.1876,1.8569,-1.4691
1896.50,-0.2430,2.2545,-2.1124
1896.75,0.2685,2.5310,-2.0046
1897.00,0.2077,2.7079,-2.2203
1897.25,-0.3855,2.2002,-2.2932
1897.50,-0.8282,2.3461,-2.0775
1897.75,-1.0353,2.4957,-2.1669
1898.00,-1.8580,2.8479,-1.8448
1898.25,-2.8681,2.3066,-1.9996
1898.50,-3.3754,2.4143,-2.2935
1898.75,-3.0765,2.5570,-2.6042
1899.00,-2.8515,2.6821,-2.7946
1899.25,-3.4617,2.9565,-2.4507
1899.50,-3.3537,3.1537,-1.7807
1899.75,-3.3813,2.7349,-0.7315
1900.00,-3.3526,2.2589,-1.2533
1900.25,-3.8033,1.6948,-1.3071
1900.50,-3.6326,1.6601,-1.6659
1900.75,-4.0399,1.3524,-1.5961
1901.00,-4.1835,1.0254,-1.3763
1901.25,-3.6278,0.9553,-0.9001
1901.50,-2.9896,0.5003,0.2443
1901.75,-2.7566,1.3346,-0.1013
1902.00,-2.0521,0.7711,-0.6235
1902.25,-1.5350,0.7499,-0.8436
1902.50,-0.8030,1.2225,-1.4474
1902.75,-1.2754,1.4586,-1.5288
1903.00,-2.4612,2.5992,-1.1943
1903.25,-3.5210,2.7917,-1.0903
1903.50,-3.5947,3.3608,-0.6808
1903.75,-3.2636,3.3262,-0.2118
1904.00,-3.5425,3.2170,-0.5794
1904.25,-4.0182,2.1911,-1.2036
1904.50,-3.6021,1.6393,-1.0966
1904.75,-3.6853,2.0026,-0.7171
1905.00,-3.6542,1.6733,-0.2807
1905.25,-3.1278,2.1624,0.0534
1905.50,-3.7520,1.7227,-0.0752
1905.75,-3.2401,1.0461,-0.5627
1906.00,-3.9097,0.6089,-1.1286
1906.25,-4.5773,0.3347,-1.7296
1906.50,-5.5811,0.0641,-1.4298
1906.75,-6.0056,-0.5642,-1.8581
1907.00,-6.3405,-1.0238,-2.3434
1907.25,-6.6511,-1.1239,-2.1593
1907.50,-6.3520,-1.3560,-2.1470
1907.75,-5.7204,-1.6516,-1.7451
1908.00,-5.3747,-2.1399,-0.8803
1908.25,-5.1616,-1.5171,-0.0153
1908.50,-4.3857,-1.0171,0.3929
1908.75,-3.5440,-1.0014,0.1777
1909.00,-3.0121,-0.1972,0.0963
1909.25,-3.0128,-0.0219,0.1063
1909.50,-3.0789,-0.5391,-0.0903
1909.75,-1.6639,-0.2899,-0.2014
1910.00,-0.7433,-0.8582,-0.8708
1910.25,0.3208,-0.1811,-1.5003
1910.50,-0.4173,0.5156,-1.5315
1910.75,-1.6514,1.1415,-1.7235
1911.00,-2.6074,0.9774,-1.7224
1911.25,-2.3503,-58.0344,-2.1026
1911.50,-1.6386,0.9891,-2.0355
1911.75,-1.1165,0.9728,-1.8333
1912.00,-1.5730,0.7359,-1.6360
1912.25,-1.7308,0.6116,-1.3299
1912.50,-1.4495,0.8415,-1.3475
1912.75,-2.0813,1.5939,-0.7488
1913.00,-2.4849,1.7545,-0.1644
1913.25,-2.2529,1.5493,0.0831
1913.50,-1.9463,1.4569,0.1165
1913.75,-2.6855,1.8811,0.0894
1914.00,-4.0967,2.1085,-0.1934
1914.25,-4.7934,2.0811,-0.0542
1914.50,-5.6155,1.1901,-0.2878
1914.75,-6.2712,0.7577,-1.0954
1915.00,-6.6124,1.4682,-0.4463
1915.25,-6.5029,0.7330,0.2913
1915.50,-5.5567,-0.4606,0.9089
1915.75,-4.3200,-1.7107,1.0994
1916.00,-3.9793,-1.3215,0.9857
1916.25,-4.7098,-1.1000,1.0533
1916.50,-4.9354,-0.5159,1.4446
1916.75,-4.5771,0.5953,1.7593
1917.00,-3.6931,1.4012,2.1981
1917.25,-3.2452,2.1869,2.0125
1917.50,-1.8752,2.4186,1.6715
1917.75,-0.5705,1.9395,1.7550
1918.00,-0.7062,0.8403,1.3711
1918.25,-1.2188,0.4581,1.0762
1918.50,-1.1970,-0.0668,0.9398
1918.75,-1.7293,0.1936,1.0806
1919.00,-2.2093,0.8400,0.8961
1919.25,-3.4611,1.0220,0.3830
1919.50,-3.4525,0.1099,0.4415
1919.75,-3.0583,-0.9645,0.3455
1920.00,-2.9565,-1.4548,-0.5054
1920.25,-3.4883,-1.2077,-0.7885
1920.50,-3.0900,-0.4254,-1.0405
1920.75,-2.4142,1.0633,-1.0144
1921.00,-2.7343,1.6843,-1.0419
1921.25,-3.1006,0.9895,-0.7142
1921.50,-3.6419,0.6097,-0.4489
1921.75,-4.4154,0.2515,-0.6929
1922.00,-3.3686,0.0360,-1.0276
1922.25,-3.1289,0.2154,-1.3231
1922.50,-3.0579,0.1842,-0.7122
1922.75,-2.3928,0.1200,-0.7219
1923.00,-3.2769,0.4132,-1.1353
1923.25,-3.5473,0.7885,-1.4697
1923.50,-3.3863,0.8189,-1.2166
1923.75,-3.6459,1.0077,-1.0648
1924.00,-3.0238,1.5574,-1.1909
1924.25,-3.1795,2.0765,-1.4511
1924.50,-3.9528,2.3562,-1.8531
1924.75,-4.0023,2.5289,-1.6858
1925.00,-3.9008,2.4390,-1.5067
1925.25,-4.1417,2.0419,-0.7517
1925.50,-3.4539,2.1307,-0.4148
1925.75,-3.1285,2.2478,-0.7874
1926.00,-2.8189,2.3059,-1.3088
1926.25,-2.0767,2.9642,-1.3105
1926.50,-0.3825,2.6620,-1.8779
1926.75,0.4141,2.7083,-1.6859
1927.00,0.1899,2.5456,-2.0874
1927.25,-0.4997,2.8794,-2.4514
1927.50,-1.0572,3.5647,-2.6282
1927.75,-1.4977,3.5736,-2.4239
1928.00,-1.6790,3.0055,-2.0462
1928.25,-2.6980,2.5806,-1.6100
1928.50,-3.0270,3.0318,-1.6835
1928.75,-3.3910,2.2419,-1.3701
1929.00,-3.2789,1.7632,-1.0071
1929.25,-3.0875,1.7904,-0.6488
1929.50,-2.2250,1.7012,-0.8025
1929.75,-1.5720,2.4126,-1.3561
1930.00,-2.3803,2.2609,-1.6679
1930.25,-3.3363,1.1982,-1.3680
1930.50,-4.5172,0.6853,-1.1791
1930.75,-4.2021,0.9266,-1.2499
1931.00,-4.0652,1.0525,-1.7416
1931.25,-4.2181,0.9567,-1.7557
1931.50,-3.8035,0.8068,-1.9267
1931.75,-3.1197,1.3551,-1.9052
1932.00,-2.8209,1.3532,-1.9538
1932.25,-2.9868,0.7972,-1.4589
1932.50,-2.6954,1.7076,-1.3543
1932.75,-3.2947,1.4426,-1.7880
1933.00,-2.3508,1.3222,-2.2050
1933.25,-0.8624,1.5706,-2.1983
1933.50,-0.1326,1.5791,-2.7973
1933.75,-1.1939,0.8348,-2.8326
1934.00,-2.6446,0.6512,-2.2486
1934.25,-3.5543,0.7434,-1.6086
1934.50,-4.1732,0.8479,-1.5604
1934.75,-4.6196,0.3127,-1.6567
1935.00,-4.4127,0.0949,-1.6585
1935.25,-4.3616,-0.2727,-1.4561
1935.50,-3.4269,0.4669,-1.8111
1935.75,-3.2050,1.3735,-1.8665
1936.00,-2.8103,1.3172,-1.9645
1936.25,-2.3585,1.2337,-2.1787
1936.50,-2.8075,0.9298,-1.2178
1936.75,-3.4366,1.3907,-1.2125
1937.00,-3.0253,1.5504,-1.6288
1937.25,-3.3503,1.0377,-0.9969
1937.50,-4.1108,1.3929,-0.5567
1937.75,-4.4654,1.2823,-0.6791
1938.00,-4.2489,1.8403,-0.2430
1938.25,-4.4828,2.9919,-0.2307
1938.50,-4.8430,3.5205,-0.6541
1938.75,-3.9263,3.6069,-0.9313
1939.00,-3.3832,3.8241,-0.7819
1939.25,-2.8195,4.0460,-0.5336
1939.50,-2.5980,3.7561,-0.8417
1939.75,-2.8589,3.3296,-1.4112
1940.00,-3.8086,2.7192,-1.8158
1940.25,-4.6717,2.2459,-1.7610
1940.50,-4.9809,2.3374,-1.5246
1940.75,-5.6822,1.9651,-1.5138
1941.00,-6.3512,2.4987,-1.3458
1941.25,-5.0032,2.5330,-1.0896
1941.50,-4.5958,1.8696,-1.2269
1941.75,-3.8973,1.3794,-1.4643
1942.00,-4.0719,1.3028,-1.2437
1942.25,-4.3958,1.8544,-0.9071
1942.50,-4.7039,2.0417,-1.0534
1942.75,-4.6881,2.3868,-1.0449
1943.00,-5.0986,1.9485,-0.5781
1943.25,-5.2981,1.7765,-0.7464
1943.50,-5.6330,2.0225,-0.9426
1943.75,-5.4351,2.2080,-0.8162
1944.00,-4.8537,1.6575,-0.9545
1944.25,-4.8783,2.3348,-0.9208
1944.50,-5.0752,2.0475,-0.9423
1944.75,-4.4473,1.0549,-1.0662
1945.00,-3.5173,0.5563,-0.6067
1945.25,-3.4344,0.7390,0.0167
1945.50,-3.1949,1.2346,0.0855
1945.75,-2.9854,1.3414,0.1181
1946.00,-3.3670,1.0525,-0.0864
1946.25,-3.9895,0.8951,-0.2953
1946.50,-2.9239,1.3880,-0.3367
1946.75,-2.6928,1.3845,-0.3046
1947.00,-2.9586,1.2930,0.0017
1947.25,-3.5282,0.7647,0.2032
1947.50,-3.1433,1.0644,0.2805
1947.75,-3.4368,1.6702,0.5715
1948.00,-3.0269,2.0304,0.4686
1948.25,-3.6205,1.7889,0.2665
1948.50,-3.7061,2.0617,0.1972
1948.75,-4.0426,1.8621,-0.2693
1949.00,-3.8145,1.1296,-0.2677
1949.25,-3.8050,1.5248,0.5569
1949.50,-3.7958,1.1402,0.4629
1949.75,-2.4117,1.1014,0.3622
1950.00,-2.5584,1.2690,0.3892
1950.25,-2.9939,1.1024,0.2173
1950.50,-3.0290,1.1191,0.0740
1950.75,-3.1457,1.7023,-0.0088
1951.00,-4.4089,1.0996,0.1007
1951.25,-4.1621,0.4671,0.9151
1951.50,-3.4526,-0.2244,1.9554
1951.75,-3.5175,0.3130,2.3883
1952.00,-3.4836,0.2962,2.7418
1952.25,-4.4785,0.1477,2.4627
1952.50,-5.0088,-0.2807,2.0492
1952.75,-5.3800,0.2674,1.8224
1953.00,-4.9947,0.5045,1.6828
1953.25,-3.5515,0.6631,1.7390
1953.50,-3.2951,1.3058,1.8016
1953.75,-2.7546,1.9840,1.8370
1954.00,-2.7878,1.8922,2.2076
1954.25,-3.1091,1.6041,1.8664
1954.50,-3.4312,1.3652,1.3810
1954.75,-3.5328,1.4061,1.7527
1955.00,-3.2348,1.2436,1.7092
1955.25,-2.5822,1.2018,2.1855
1955.50,-3.0006,0.7217,3.0872
1955.75,-3.7588,0.2474,3.2344
1956.00,-4.5740,1.2809,2.7936
1956.25,-4.0312,1.1316,2.5337
1956.50,-3.6446,0.6297,2.2243
1956.75,-2.2527,0.7900,1.8253
1957.00,-2.6804,0.8316,1.6674
1957.25,-3.5408,0.3900,1.2763
1957.50,-3.7940,-0.0597,1.0024
1957.75,-3.0488,0.4620,1.1088
1958.00,-2.9634,0.8957,1.4444
1958.25,-3.7579,0.9024,2.0945
1958.50,-3.6171,1.0933,1.7780
1958.75,-2.8353,0.8665,1.5779
1959.00,-2.3067,0.5703,1.7143
1959.25,-2.7467,0.9792,2.1359
1959.50,-2.5133,1.6760,2.2092
1959.75,-2.5254,2.1408,2.8286
1960.00,-3.2324,1.2482,3.1212
1960.25,-4.8050,1.0597,2.5682
1960.50,-4.5648,0.8566,1.9117
1960.75,-3.8876,0.8135,1.5319
1961.00,-4.0055,0.7808,1.5021
1961.25,-3.2397,1.0910,1.1303
1961.50,-3.4704,1.5975,1.7136
1961.75,-3.5850,1.3295,2.0272
1962.00,-4.8785,0.9295,2.3199
1962.25,-4.3321,1.2674,1.4942
1962.50,-3.5256,1.8120,1.0861
1962.75,-3.5235,1.4467,0.7009
1963.00,-4.4136,0.7329,0.5832
1963.25,-4.7213,0.9670,0.4577
1963.50,-4.5528,0.9393,0.4276
1963.75,-4.0835,1.7072,0.8692
1964.00,-3.6445,2.7594,1.1142
1964.25,-3.3510,2.5793,1.7630
1964.50,-3.3458,2.6930,1.4883
1964.75,-3.3157,2.7025,1.3652
1965.00,-3.1569,2.7034,1.4532
1965.25,-2.3217,2.2225,1.3986
1965.50,-2.3267,0.8732,1.0203
1965.75,-2.5352,0.2540,0.7098
1966.00,-2.2164,0.5222,0.7456
1966.25,-2.3311,0.9513,-0.0339
1966.50,-1.2635,1.0960,-0.7471
1966.75,-1.1401,0.3749,-0.7377
1967.00,-1.7832,0.2507,-0.2930
1967.25,-2.2392,0.4370,-0.1547
1967.50,-2.1040,0.0685,0.0116
1967.75,-1.4845,-0.2946,-0.4247
1968.00,-0.2467,-0.2076,-0.7698
1968.25,-1.2349,-0.0099,-1.0006
1968.50,-2.4306,0.3952,-0.9103
1968.75,-2.9704,0.4955,-0.2141
1969.00,-3.1415,0.5110,0.2423
1969.25,-2.2900,-0.0532,0.0778
1969.50,-2.5886,0.5807,0.4210
1969.75,-2.7614,1.3897,0.2007
1970.00,-2.2141,1.4654,-0.2053
1970.25,-1.9068,1.3347,0.1769
1970.50,-1.8075,1.2666,0.5226
1970.75,-1.9415,1.9474,0.4655
1971.00,-2.6628,2.0005,0.0020
1971.25,-1.8399,1.5240,0.1011
1971.50,-1.4717,1.0500,-0.5011
1971.75,-1.9033,1.1425,-0.7382
1972.00,-1.4357,1.3355,-1.0750
1972.25,-1.0795,1.4821,-1.6932
1972.50,-0.1701,1.0042,-2.1427
1972.75,-0.7055,0.7921,-2.5944
1973.00,-1.0121,-0.3607,-2.4020
1973.25,-0.7301,-0.9379,-2.3401
1973.50,-0.6517,-1.6506,-2.2524
1973.75,-1.1110,-1.1036,-2.3194
1974.00,-0.7224,-0.6265,-1.6233
1974.25,-1.9956,0.1626,-1.4857
1974.50,-3.4237,0.5757,-1.7574
1974.75,-2.7780,1.0275,-2.1357
1975.00,-2.1051,1.1808,-2.0258
1975.25,-1.4712,1.5031,-1.8840
1975.50,-0.9369,1.7128,-2.1367
1975.75,-1.1859,1.1686,-2.2889
1976.00,-1.3975,0.8374,-2.3326
1976.25,-1.9948,0.6575,-2.8817
1976.50,-2.7637,1.1133,-3.2109
1976.75,-3.2248,0.7696,-3.3925
1977.00,-3.2775,-0.0286,-2.9714
1977.25,-1.9772,0.0616,-3.0046
1977.50,-1.2013,0.7241,-2.6051
1977.75,-2.0116,0.9565,-2.5283
1978.00,-2.5829,0.3264,-2.2285
1978.25,-2.2088,0.4836,-2.3042
1978.50,-1.7041,0.3865,-2.4542
1978.75,-2.0278,0.1494,-2.5407
1979.00,-2.3019,0.2449,-2.7898
1979.25,-2.3443,0.5471,-2.4926
1979.50,-3.4790,0.1056,-3.1740
1979.75,-3.8850,-0.1937,-3.7479
1980.00,-3.9927,-0.3625,-4.1224
1980.25,-3.4264,0.1180,-4.0347
1980.50,-2.7432,0.7066,-3.2262
1980.75,-3.4884,1.1794,-3.6299
1981.00,-3.9289,1.6787,-4.2665
1981.25,-3.9621,1.3952,-3.7820
1981.50,-4.6292,1.6141,-3.5504
1981.75,-4.0783,1.4799,-3.7438
1982.00,-3.3374,1.7436,-2.7424
1982.25,-3.7631,1.8393,-2.5364
1982.50,-4.0818,1.5522,-2.6771
1982.75,-3.1910,0.8645,-2.9896
1983.00,-2.6814,1.4253,-3.5788
1983.25,-2.7294,1.8656,-3.6102
1983.50,-1.9115,2.4946,-3.0400
1983.75,-1.7467,2.9072,-2.5129
1984.00,-1.9403,2.1985,-2.1445
1984.25,-1.8237,1.3896,-1.6480
1984.50,-0.9725,1.2765,-1.0617
1984.75,-0.8763,0.5520,-1.5207
1985.00,-2.6520,0.7811,-2.4057
1985.25,-3.1613,1.0328,-2.8465
1985.50,-2.9523,1.4670,-3.4179
1985.75,-1.7793,1.9680,-3.1183
1986.00,-1.0705,2.0809,-2.7053
1986.25,-2.2047,2.7384,-2.9773
1986.50,-3.4978,3.1064,-3.0760
1986.75,-4.3789,2.8053,-2.7120
1987.00,-3.8512,2.2758,-2.9295
1987.25,-3.0373,2.2903,-3.0759
1987.50,-3.0113,2.5268,-2.3937
1987.75,-2.9828,2.1735,-1.7787
1988.00,-3.3220,1.1323,-1.3129
1988.25,-3.3499,0.9631,-1.1781
1988.50,-3.1333,1.7243,-1.0953
1988.75,-2.3328,2.2486,-1.1236
1989.00,-1.9466,2.9952,-1.4587
1989.25,-0.7927,3.3762,-1.5745
1989.50,-0.5872,2.9492,-1.7051
1989.75,-0.6423,2.8928,-1.5456
1990.00,-1.0843,3.2040,-1.8470
1990.25,-1.0724,3.4044,-1.6773
1990.50,-1.4029,2.7020,-1.5396
1990.75,-1.6318,2.0933,-2.2305
1991.00,-1.9446,2.4305,-2.5146
1991.25,-2.1815,2.7378,-2.3918
1991.50,-1.9844,2.4131,-1.7645
1991.75,-1.9580,2.5521,-1.1354
1992.00,-2.0462,1.8749,-1.1531
1992.25,-3.6749,2.5628,-1.1177
1992.50,-3.6403,2.6794,-1.1324
1992.75,-3.3312,2.5591,-1.2333
1993.00,-3.7152,1.9383,-1.1796
1993.25,-2.6262,1.6546,-1.4824
1993.50,-2.2459,2.1788,-1.7307
1993.75,-2.7089,1.5890,-2.0438
1994.00,-3.4824,1.4923,-2.7771
1994.25,-4.1504,0.7545,-2.7303
1994.50,-3.7449,1.0517,-2.9850
1994.75,-3.7886,1.1410,-2.6875
1995.00,-3.0148,1.4237,-1.9894
1995.25,-3.4736,1.9250,-1.5158
1995.50,-4.2082,2.2281,-1.2801
1995.75,-3.4968,1.8559,-1.0394
1996.00,-2.5510,1.7661,-1.1732
1996.25,-2.3417,1.8959,-1.2843
1996.50,-1.8257,1.6743,-0.9511
1996.75,-1.3677,0.9969,-0.3282
1997.00,-2.2998,1.2895,-0.3279
1997.25,-2.5046,1.1789,-0.4443
1997.50,-1.8174,1.8913,-0.4347
1997.75,-1.7296,2.2477,-0.3563
1998.00,-1.7141,2.2781,0.2404
1998.25,-2.6513,1.7634,0.6308
1998.50,-1.9799,1.6514,1.2115
1998.75,-1.2394,1.2543,1.3067
1999.00,-1.8001,1.3981,0.6991
1999.25,-2.1681,1.8031,0.8302
1999.50,-3.3052,2.2157,0.5070
1999.75,-3.7362,1.9564,0.6525
2000.00,-3.4815,2.5738,0.7108
2000.25,-2.1813,2.9037,1.0443
2000.50,-1.1217,2.8732,1.0446
2000.75,-0.4621,4.0197,1.6509
2001.00,-1.5528,3.6852,1.4458
2001.25,-2.2183,3.5208,0.7912
2001.50,-3.4487,2.6317,0.3642
2001.75,-3.3241,2.0039,0.2067
2002.00,-1.8944,2.2443,-0.1147
2002.25,-2.1848,2.5257,0.2528
2002.50,-2.9160,2.5318,0.3629
2002.75,-2.8474,3.2094,0.0023
2003.00,-3.2579,3.4744,0.5381
2003.25,-3.7799,3.2457,1.2673
2003.50,-3.2893,2.3382,0.9624
2003.75,-2.4119,1.5236,1.3947
2004.00,-2.1349,1.6804,1.4661
2004.25,-1.9012,1.3742,0.5629
2004.50,-2.2435,1.0245,-0.1734
2004.75,-3.0413,1.4407,-0.5410
2005.00,-3.3091,1.2120,-1.2680
2005.25,-3.2566,1.4863,-1.3896
2005.50,-2.4501,0.9500,-1.4734
2005.75,-1.7055,1.0058,-1.5492
2006.00,-2.5842,0.8811,-1.3602
2006.25,-2.0829,0.7874,-1.6386
2006.50,-1.5231,0.4921,-1.0098
2006.75,-1.2465,0.7418,-0.8159
2007.00,-1.7291,0.8219,-0.9239
2007.25,-2.4945,1.2900,-0.9223
2007.50,-2.7346,1.3705,-0.5801
2007.75,-2.8108,1.1579,-0.3099
2008.00,-2.2281,1.2022,-0.2925
2008.25,-0.8241,1.8699,-0.0923
2008.50,0.5919,1.9931,-0.0437
2008.75,0.7275,1.7434,-0.1411
2009.00,0.8017,2.0902,0.2729
2009.25,0.9911,2.2294,0.6763
2009.50,0.0580,2.5119,1.1195
2009.75,-0.7106,2.1507,1.3219
2010.00,-0.8600,2.1474,1.0018
2010.25,-2.3957,3.1678,0.8320
2010.50,-2.0698,3.7146,1.0594
2010.75,-1.7182,3.2948,1.1895
2011.00,-2.5509,3.2673,1.0919
2011.25,-2.9929,2.8827,1.3685
2011.50,-2.7307,2.5227,1.5848
2011.75,-2.6989,1.8626,1.7355
2012.00,-2.0690,1.5836,1.3864
2012.25,-3.4923,1.9222,0.6102
2012.50,-3.5304,1.8278,0.7019
2012.75,-2.7091,1.5446,1.0123
2013.00,-2.6404,1.6644,1.5060
2013.25,-1.6346,2.0586,2.2414
2013.50,-2.0412,2.4522,2.3632
2013.75,-2.2385,3.0025,1.7445
2014.00,-2.3397,2.4771,1.6639
2014.25,-2.3295,3.0079,1.6586
2014.50,-1.4490,3.3708,1.9817
2014.75,-1.5523,3.3256,1.9772
2015.00,-2.6820,4.1203,1.7041
2015.25,-2.8707,4.3782,2.0556
2015.50,-2.7692,4.1225,2.4656
2015.75,-2.7947,3.7314,2.2771
2016.00,-2.0648,3.2001,2.0366
2016.25,-1.4656,2.3306,1.9670
2016.50,-1.3784,2.3287,1.7690
2016.75,-1.5676,1.6667,1.5175
2017.00,-1.9472,1.9332,0.8488
2017.25,-2.0248,2.5981,0.2607
2017.50,-2.6294,2.9597,0.3609
2017.75,-3.1526,2.6010,0.0974
2018.00,-2.1371,1.7485,-0.3347
2018.25,-1.6094,2.5768,-0.0814
2018.50,-1.6753,2.4360,-0.2500
2018.75,-0.9438,2.1193,-0.7698
2019.00,-0.3124,1.9027,-0.0219
2019.25,-0.5209,2.0429,0.8406
2019.50,-1.0202,2.0240,1.2288
2019.75,-1.7885,1.6371,1.2857
2020.00,-1.8838,1.3454,1.0599
2020.25,-2.4233,1.2233,0.7603
2020.50,-3.5503,0.7633,1.0156
2020.75,-3.8548,0.4045,0.8176
2021.00,-3.4699,0.6510,0.5127
2021.25,-2.8275,0.1765,0.0716
2021.50,-2.6159,0.1361,0.1324
2021.75,-2.5098,0.2764,-0.1579
2022.00,-1.2275,0.6179,-0.0779
2022.25,-0.2936,0.6192,0.2097
2022.50,0.2359,0.3444,0.3388
2022.75,-0.1802,-0.3332,0.7716
2023.00,-0.1566,-1.2393,0.7852
2023.25,0.2900,-1.2871,0.6118
2023.50,-0.2065,-0.6246,0.4430
2023.75,-1.3447,-0.5594,0.2376
2024.00,-2.4122,-0.7986,0.0375
2024.25,-2.7583,-1.0012,0.2139
2024.50,-1.8818,-0.3816,0.4706
2024.75,-1.6751,0.3358,0.3552
2025.00,-1.5485,-0.0241,0.4594
2025.25,-1.3860,-0.7556,0.1440
2025.50,-2.0918,-0.0587,0.5944
2025.75,-1.5395,0.7732,0.8160
2026.00,-1.9914,0.8934,1.0237
2026.25,-2.3778,0.4770,1.1624
2026.50,-2.5325,0.8308,1.1848
2026.75,-2.2536,1.3210,1.0675
2027.00,-1.9167,1.5119,0.9188
2027.25,-1.9230,1.0353,1.1197
2027.50,-2.2926,0.5872,1.8345
2027.75,-1.3532,0.7912,1.8604
2028.00,-1.9398,0.8087,1.0539
2028.25,-2.8576,0.6211,0.8399
2028.50,-2.7411,-0.0345,0.8157
2028.75,-2.7299,-0.1946,0.7799
2029.00,-2.3118,-0.7806,0.5671
2029.25,-2.4783,-1.2036,0.8670
2029.50,-1.4451,-0.5904,1.3779
2029.75,-0.7410,0.4457,1.9213
2030.00,-1.1346,1.6570,2.3045
2030.25,-1.3723,1.9888,2.5662
2030.50,-1.4325,1.5285,2.7421
2030.75,-1.5370,1.6672,2.6715
2031.00,-1.4380,1.9474,3.2905
2031.25,-1.7136,1.5153,3.5604
2031.50,-2.1745,0.9098,3.3096
2031.75,-2.4782,0.5147,3.1470
2032.00,-1.6371,-0.0604,3.3978
2032.25,-0.4677,-0.5576,3.1023
2032.50,0.2311,-0.2775,2.8234
2032.75,0.6643,-0.2622,2.6670
2033.00,1.0971,-0.2664,2.9728
2033.25,-0.2677,-0.3440,3.2398
2033.50,-1.0995,0.1088,2.8012
2033.75,-1.9449,0.3866,2.9982
2034.00,-2.7440,0.3844,3.2640
2034.25,-3.1095,0.6058,3.5653
2034.50,-3.0240,0.1989,3.3793
2034.75,-2.3508,0.5443,2.8277
2035.00,-2.5863,0.0223,1.8712
2035.25,-2.0794,-0.2761,1.9324
2035.50,-2.4412,0.6551,2.5708
2035.75,-2.5563,0.9945,3.2508
2036.00,-2.3894,1.2388,3.3936
2036.25,-3.2593,1.4041,2.9666
2036.50,-4.6929,2.4477,2.6961
2036.75,-5.0546,1.8057,2.6599
2037.00,-4.3398,1.2162,2.4018
2037.25,-3.3968,0.8770,2.4086
2037.50,-3.5340,0.1979,2.5337
2037.75,-3.2697,0.2420,2.2683
2038.00,-3.3729,-0.6503,2.3271
2038.25,-2.5053,-0.6020,3.0056
2038.50,-1.2551,-0.2491,3.3242
2038.75,-1.5250,-0.4152,3.6887
2039.00,-1.1178,-0.7962,4.2994
2039.25,-1.3456,-1.0783,4.0321
2039.50,-1.2173,-1.6352,3.4172
2039.75,-1.1823,-0.4465,3.1223
2040.00,-1.5153,-0.2144,2.9470
2040.25,-1.5640,0.4247,3.1885
2040.50,-3.0047,-0.0844,3.5418
2040.75,-3.4141,0.4420,3.9095
2041.00,-1.9695,1.4858,4.1533
2041.25,-1.7021,1.6290,3.8961
2041.50,-2.1127,0.3644,3.6238
2041.75,-3.2429,0.2994,3.8465
2042.00,-2.8894,-0.0135,3.3411
2042.25,-1.9656,-0.0242,2.9745
2042.50,-1.0650,-0.6953,2.8660
2042.75,-0.1451,-1.5039,3.1569
2043.00,-1.2115,-1.7017,3.4464
2043.25,-2.9013,-1.9239,2.9353
2043.50,-2.4855,-2.2808,2.0671
2043.75,-3.1010,-2.3270,2.1997
2044.00,-2.9241,-2.1273,1.6770
2044.25,-1.7707,-1.9325,0.7816
2044.50,-0.5301,-1.8932,1.2021
2044.75,0.2578,-1.5736,1.7700
2045.00,0.8744,-1.7460,2.1187
2045.25,1.4156,-1.2497,2.4309
2045.50,0.5966,-1.3075,2.8936
2045.75,0.0211,-0.9780,2.8988
2046.00,0.4471,-0.7051,2.4849
2046.25,1.0695,-0.6119,1.6438
2046.50,1.1748,-0.6009,0.3592
2046.75,0.9368,-0.9466,0.1980
2047.00,0.3044,-0.9375,0.4117
2047.25,-0.2124,-0.8867,0.4422
2047.50,-0.0895,-1.2587,0.8433
2047.75,0.4037,-1.2264,0.7424
2048.00,-0.3311,-1.0393,0.6509
2048.25,-1.2757,-1.1138,0.5475
2048.50,-1.5397,-0.7178,1.0198
2048.75,-1.9127,0.0251,1.5774
2049.00,-1.5794,-0.1528,2.2226
2049.25,-2.6881,-0.5578,2.3154
2049.50,-3.3298,-0.0977,2.1083
2049.75,-2.7554,-0.2092,2.3153
2050.00,-2.9344,-0.6145,2.4030
2050.25,-4.3380,-0.5679,2.1293
2050.50,-4.8664,0.0490,2.4818
2050.75,-4.9868,-0.0391,3.3140
2051.00,-4.4691,-0.8365,3.7423
2051.25,-3.7750,-1.1729,3.5897
2051.50,-3.6276,-1.6488,3.1813
2051.75,-4.1515,-1.7637,2.9791
2052.00,-4.7949,-0.6786,3.2240
2052.25,-5.5095,-0.4412,2.9642
2052.50,-5.3830,0.0594,3.0483
2052.75,-4.6693,-0.1909,3.8690
2053.00,-4.3630,-0.1079,4.0006
2053.25,-4.9354,0.3964,4.1743
2053.50,-4.8385,0.2754,3.7060
2053.75,-5.1383,-0.1054,2.6470
2054.00,-6.7155,-0.4853,2.4630
2054.25,-6.5586,0.0191,2.4154
2054.50,-5.9459,0.6868,2.2467
2054.75,-5.9737,1.3259,1.9923
2055.00,-5.7451,1.6922,1.3498
2055.25,-5.4381,1.3152,0.8448
2055.50,-6.9188,0.1168,0.5003
2055.75,-6.8989,-0.4271,0.6292
2056.00,-6.1619,-0.2513,0.2915
2056.25,-5.6319,0.2596,-0.1895
2056.50,-4.8823,1.3619,-0.3271
2056.75,-4.4553,1.9405,-0.0951
2057.00,-4.1795,1.9663,-0.5603
2057.25,-4.4279,2.3311,-0.9789
2057.50,-5.1459,2.6041,-1.0976
2057.75,-4.8016,2.6116,-0.7320
2058.00,-4.3945,2.5175,-0.2174
2058.25,-4.7845,2.1414,0.0506
2058.50,-4.7447,2.6645,0.0071
2058.75,-4.6473,2.4628,-0.4544
2059.00,-5.3097,1.7729,-0.7523
2059.25,-5.3674,0.6159,-0.4303
2059.50,-5.9487,0.3526,-0.2015
2059.75,-6.6246,0.2695,-0.2866
2060.00,-6.7878,0.4667,-0.8004
2060.25,-6.9620,0.2326,-1.1579
2060.50,-6.2246,-0.0535,-1.4302
2060.75,-5.7739,0.3927,-1.3703
2061.00,-5.4420,0.3337,-2.0755
2061.25,-5.3458,-0.4519,-2.6265
2061.50,-5.0619,-0.8614,-2.5888
2061.75,-5.5680,-0.5648,-1.8506
2062.00,-5.5239,-1.1808,-1.7680
2062.25,-5.7225,-1.4459,-1.7390
2062.50,-5.6978,-1.8942,-1.1433
2062.75,-5.9784,-1.6123,-1.1395
2063.00,-5.6018,-1.4365,-0.8933
2063.25,-6.1076,-0.4489,-0.9725
2063.50,-6.3315,0.1302,-0.9589
2063.75,-6.7622,-0.4471,-1.0026
2064.00,-6.4989,-1.0198,-0.6554
2064.25,-6.2573,-0.3745,-0.3142
2064.50,-5.8911,0.3318,-0.1803
2064.75,-5.6807,0.8329,0.3077
2065.00,-5.2821,1.4102,0.8348
2065.25,-5.5264,1.3846,0.7106
2065.50,-6.1346,1.7812,0.5243
2065.75,-7.4724,1.5083,-0.0291
2066.00,-6.6614,0.4240,-0.0566
2066.25,-6.6294,-0.5248,0.0739
2066.50,-6.6045,-0.4676,0.0892
2066.75,-6.5752,0.5301,0.2133
2067.00,-6.8569,1.4136,0.6150
2067.25,-6.3893,1.8708,0.8140
2067.50,-6.1139,1.7752,1.1919
2067.75,-6.1666,1.3541,0.9436
2068.00,-6.3455,0.8808,0.9486
2068.25,-5.7681,0.2910,1.2679
2068.50,-4.8782,-0.1762,1.0628
2068.75,-4.7436,-0.0884,1.2496
2069.00,-5.8105,0.1149,0.7029
2069.25,-5.8223,0.9695,0.5228
2069.50,-5.5493,1.1695,0.1871
2069.75,-5.7420,1.2870,-0.0435
2070.00,-5.4236,0.6804,0.3734
2070.25,-4.4115,0.5956,1.2020
2070.50,-4.9334,1.3550,2.1462
2070.75,-5.4521,1.1488,2.4742
2071.00,-5.2684,1.2762,2.4619
2071.25,-5.7101,1.2377,2.6014
2071.50,-6.2214,1.3736,2.3249
2071.75,-6.0210,1.6130,1.9184
2072.00,-5.0985,1.8312,1.5710
2072.25,-4.3291,1.5962,1.4757
2072.50,-4.7672,1.4240,1.7139
2072.75,-5.7246,1.1320,2.3621
2073.00,-6.5997,0.9006,2.5792
2073.25,-6.9381,0.5639,2.4003
2073.50,-6.4779,0.2909,1.4129
2073.75,-5.3924,0.7405,0.9770
2074.00,-4.3533,0.4321,0.3955
2074.25,-4.2907,0.4671,0.0731
2074.50,-4.0867,-0.0453,-0.0402
2074.75,-3.6476,-0.6075,0.0450
2075.00,-3.3306,-0.8103,-0.1586
2075.25,-2.7193,-0.6091,0.5356
2075.50,-2.3373,-0.6312,0.9981
2075.75,-3.6589,-1.1518,1.2976
2076.00,-3.7055,-0.6658,1.0345
2076.25,-3.1905,0.7806,1.2821
2076.50,-3.6308,1.4335,1.7838
2076.75,-4.1575,1.3160,1.7130
2077.00,-3.4961,0.5186,0.8482
2077.25,-4.1877,0.5858,1.3218
2077.50,-5.1870,0.3182,1.9193
2077.75,-5.4610,0.3213,2.0080
2078.00,-4.7017,0.9128,2.0669
2078.25,-4.6747,1.1083,1.4235
2078.50,-5.0368,1.6559,0.9233
2078.75,-4.8554,1.3411,0.7023
2079.00,-4.2192,1.2728,1.1415
2079.25,-3.4374,0.5257,1.0075
2079.50,-3.8807,-0.1657,1.0287
2079.75,-4.2298,-0.1424,1.7356
2080.00,-4.2043,0.5693,1.9241
2080.25,-2.8870,0.7685,2.3521
2080.50,-3.3192,0.7607,2.0159
2080.75,-4.3171,0.7325,1.1848
2081.00,-4.1243,0.5867,0.9277
2081.25,-3.6253,0.8671,0.3570
2081.50,-3.8743,0.9188,0.0377
2081.75,-3.3794,0.2854,0.6782
2082.00,-3.9789,-0.3906,1.0058
2082.25,-4.4527,-0.9917,1.3620
2082.50,-5.2510,-0.6193,1.7915
2082.75,-5.1299,-0.1993,1.7758
2083.00,-3.6446,-0.0089,1.7854
2083.25,-3.3842,0.0315,1.5747
2083.50,-2.9545,0.4645,1.6250
2083.75,-2.2269,1.3046,1.7679
2084.00,-3.1956,1.5803,1.8086
2084.25,-4.0241,0.6372,2.1487
2084.50,-4.6632,0.0528,2.6542
2084.75,-5.1379,-0.5886,2.5196
2085.00,-5.3849,-0.4910,2.5512
2085.25,-4.9050,-0.3832,1.8484
2085.50,-3.7123,-0.0765,1.6255
2085.75,-2.5518,0.2752,1.8044
2086.00,-3.0969,0.9713,2.0713
2086.25,-3.5985,1.9082,2.1560
2086.50,-4.5541,1.6409,1.6645
2086.75,-5.1176,1.4471,1.2880
2087.00,-5.2032,1.2993,1.0585
2087.25,-4.6554,0.9616,1.4621
2087.50,-3.7808,0.3172,1.2115
2087.75,-3.1253,1.1042,0.9881
2088.00,-3.5486,0.6090,1.1634
2088.25,-3.5138,0.4587,1.6642
2088.50,-3.6071,1.2652,1.4388
2088.75,-3.8541,1.8230,0.7723
2089.00,-4.8640,1.9193,0.6891
2089.25,-4.7060,1.0621,0.2958
2089.50,-4.7436,0.7088,-0.4034
2089.75,-5.6257,0.4113,-0.6038
2090.00,-6.4466,0.0621,-0.5013
2090.25,-6.5398,0.1953,-0.2605
2090.50,-7.6451,0.0672,0.1501
2090.75,-7.9335,-0.3959,0.0291
2091.00,-8.8402,-1.0147,0.5363
2091.25,-8.7343,-0.4536,1.1601
2091.50,-7.1320,0.3896,1.4566
2091.75,-5.3393,0.1240,1.5682
2092.00,-5.3486,0.4582,1.1048
2092.25,-5.4137,0.8283,1.1131
2092.50,-5.2279,0.9540,0.9645
2092.75,-5.4150,0.7440,0.4969
2093.00,-5.8862,0.6786,0.0621
2093.25,-5.5302,0.1137,0.1578
2093.50,-5.0156,-0.2597,0.3081
2093.75,-4.1986,-0.4865,0.6297
2094.00,-4.6971,0.7067,0.9428
2094.25,-6.2469,1.4406,1.1079
2094.50,-6.5030,0.7011,1.4303
2094.75,-6.3175,0.1497,1.2255
2095.00,-5.7468,-0.0326,0.7492
2095.25,-5.9880,-0.2521,0.5626
2095.50,-5.5935,0.2034,0.5392
2095.75,-5.4230,0.4951,0.0589
2096.00,-5.2153,-0.0932,0.3324
2096.25,-4.8792,0.3064,0.4572
2096.50,-4.1679,0.2564,0.2995
2096.75,-5.2036,0.1829,0.4452
2097.00,-5.1852,0.1717,0.4171
2097.25,-5.7983,0.3279,0.4149
2097.50,-6.0230,1.5151,0.8683
2097.75,-4.4974,1.5330,0.7202
2098.00,-3.2095,0.7668,0.8294
2098.25,-3.2562,0.9939,0.6362
2098.50,-3.9224,0.8690,0.4900
2098.75,-4.6451,0.6903,0.3805
2099.00,-4.6177,-0.3482,0.1589
2099.25,-5.6263,-1.3735,-0.1586
2099.50,-5.8980,-1.2413,-0.5878
2099.75,-5.7970,-0.8306,-0.7854
2100.00,-5.4677,-1.1575,0.1879
2100.25,-5.1689,-0.6518,0.5990
2100.50,-5.2833,-0.3608,0.5683
2100.75,-5.3620,-0.9426,0.2670
2101.00,-5.7473,-1.4406,0.2694
2101.25,-6.1171,-1.5455,0.6994
2101.50,-6.2807,-1.1110,0.8116
2101.75,-4.5546,-0.0798,0.9696
2102.00,-3.7890,0.6633,0.8487
2102.25,-3.5365,0.5311,0.6671
2102.50,-2.4009,0.1386,1.1353
2102.75,-2.0984,-0.0487,1.5754
2103.00,-1.1927,-1.7036,1.7361
2103.25,-0.4042,-1.5284,1.7264
2103.50,-1.2590,-1.2819,2.0441
2103.75,-1.3661,-0.6649,2.3995
2104.00,-0.7435,0.0128,2.3034
2104.25,-0.4898,-0.4457,2.1636
2104.50,-0.1303,-0.5693,2.5502
2104.75,-0.6086,-0.7457,3.2241
2105.00,-0.6584,-0.7308,3.1608
2105.25,-0.6193,-0.6627,3.1770
2105.50,-0.0627,-0.0422,3.0794
2105.75,0.0070,0.5640,2.3034
2106.00,0.5055,0.8860,2.0258
2106.25,0.5795,0.9687,1.5803
2106.50,0.4932,0.8599,1.4174
2106.75,-0.7482,1.2494,1.4365
2107.00,-0.9106,1.5448,1.1166
2107.25,-1.2180,1.7720,0.9749
2107.50,-0.7082,1.1983,1.0733
2107.75,-0.2909,0.5633,1.7352
2108.00,-1.6439,-0.1501,2.1663
2108.25,-2.9094,-1.2858,2.1432
2108.50,-3.0135,-0.6249,1.7545
2108.75,-2.8961,-0.2445,1.3851
2109.00,-3.3339,-0.1547,1.2302
2109.25,-2.8577,-0.1936,1.4545
2109.50,-1.8109,-0.4569,1.4702
2109.75,-0.8444,-0.5567,1.9120
2110.00,-1.9249,-0.6127,2.4540
2110.25,-2.4497,-0.3980,2.9619
2110.50,-2.0885,-0.5275,2.1490
2110.75,-1.9633,-1.0128,1.4516
2111.00,-2.0718,-1.4404,1.8679
2111.25,-2.0913,-1.1332,2.1545
2111.50,-2.1068,-1.0303,1.6944
2111.75,-2.9070,-0.9784,1.2681
2112.00,-2.6815,-0.7274,1.1541
2112.25,-2.3799,-1.0135,1.4420
2112.50,-2.1376,-0.4821,2.0679
2112.75,-1.4380,-0.5101,2.1358
2113.00,-0.7440,0.3716,1.6037
2113.25,-0.3103,0.2865,1.1365
2113.50,0.5955,-0.0726,1.4665
2113.75,0.4872,-0.8602,1.3972
2114.00,-0.6699,-1.4112,2.0630
2114.25,-0.9555,-0.9636,1.7791
2114.50,-1.6194,-0.3177,1.6234
2114.75,-2.5460,-0.7538,1.7678
2115.00,-3.0300,-0.4603,2.2487
2115.25,-2.9256,-1.3348,2.4742
2115.50,-2.3468,-1.6925,2.8263
2115.75,-2.2147,-1.6408,3.2160
2116.00,-2.5858,-0.8923,3.2118
2116.25,-2.4585,-0.6380,2.5879
2116.50,-2.8687,-0.1709,2.1963
2116.75,-2.5569,0.2103,2.0751
2117.00,-2.3247,-0.4088,2.2234
2117.25,-2.3871,-1.3245,1.8892
2117.50,-2.4927,-2.0146,1.9625
2117.75,-2.4483,-1.6029,2.5551
2118.00,-2.6444,-2.0877,2.5300
2118.25,-2.7286,-2.9903,2.6881
2118.50,-2.1617,-2.7856,2.9640
2118.75,-2.4665,-2.4003,2.4776
2119.00,-3.4627,-2.6194,1.8230
2119.25,-3.0875,-2.6133,1.8041
2119.50,-2.2110,-3.2617,2.0142
2119.75,-1.7856,-3.4596,2.6320
2120.00,-1.8826,-3.0021,2.1948
2120.25,-2.0841,-2.1443,2.0533
2120.50,-2.1922,-1.9573,2.2331
2120.75,-1.9636,-1.8716,2.2120
2121.00,-1.5899,-1.9030,1.9106
2121.25,-2.3366,-2.5770,2.1479
2121.50,-2.3201,-2.3911,2.2960
2121.75,-1.9845,-2.1493,1.9914
2122.00,-2.4301,-2.6256,2.3539
2122.25,-1.9024,-2.5438,2.3500
2122.50,-2.0400,-2.1945,2.4975
2122.75,-1.3828,-2.1169,2.5299
2123.00,-1.6714,-1.4765,2.5365
2123.25,-1.5488,-1.6870,1.8579
2123.50,-0.7130,-1.5658,1.4084
2123.75,-1.1460,-0.6716,0.8781
2124.00,-0.8960,-0.8838,0.7587
2124.25,-1.2132,-1.4740,0.9382
2124.50,-1.2963,-1.5111,1.2971
2124.75,-1.7468,-1.2556,1.6034
2125.00,-2.4363,-0.8426,2.0113
2125.25,-2.7536,-0.6880,1.9292
2125.50,-3.2102,-1.2926,1.6497
2125.75,-4.2618,-0.3892,2.4499
2126.00,-4.3497,0.2761,2.8026
2126.25,-3.8342,0.4880,3.0024
2126.50,-3.6575,1.0733,3.1453
2126.75,-2.7977,1.1387,2.7161
2127.00,-2.6453,1.2893,2.2765
2127.25,-1.7307,1.4360,2.0604
2127.50,-1.1765,0.9108,1.8946
2127.75,-1.6559,-0.1861,1.6712
2128.00,-2.5044,-0.8429,1.4942
2128.25,-2.6867,-0.5389,1.8870
2128.50,-2.2372,-0.9896,1.8504
2128.75,-1.5234,-0.7835,1.7035
2129.00,-1.4962,-0.3895,1.4555
2129.25,-1.5858,0.1661,1.9277
2129.50,-2.1256,1.0695,3.1643
2129.75,-2.9201,0.9699,3.4811
2130.00,-3.6339,1.7235,3.5009
2130.25,-4.3320,2.6611,3.0540
2130.50,-4.5620,2.9271,2.5956
2130.75,-3.9244,3.1243,2.1691
2131.00,-3.3637,3.2102,2.2205
2131.25,-2.6000,2.4669,2.5291
2131.50,-2.9432,2.2728,2.3662
2131.75,-2.4624,1.8293,2.3012
2132.00,-2.1162,1.0896,2.1793
2132.25,-2.6515,1.2372,1.4664
2132.50,-2.8943,1.3649,1.8277
2132.75,-2.7961,1.5410,1.6224
2133.00,-2.6080,0.9357,1.5150
2133.25,-1.8303,0.1971,2.5643
2133.50,-1.4799,0.2678,2.7322
2133.75,-1.9125,1.0181,3.1194
2134.00,-2.0906,0.9005,3.4209
2134.25,-1.3062,0.2300,3.3953
2134.50,-1.4897,-0.1585,2.7432
2134.75,-1.7280,-0.5716,2.7538
2135.00,-2.7497,-0.0230,3.2737
2135.25,-3.2372,0.2138,3.5429
2135.50,-4.0882,0.3017,3.6389
2135.75,-4.4476,0.7141,3.6051
2136.00,-4.8457,1.2628,3.2828
2136.25,-4.3083,1.3535,2.3034
2136.50,-3.3990,1.1289,2.1844
2136.75,-4.0758,0.3708,2.8714
2137.00,-3.8857,0.9499,2.8991
2137.25,-3.4717,1.2649,2.9165
2137.50,-3.7405,0.6871,2.9858
2137.75,-3.7681,-0.0789,3.1396
2138.00,-3.2771,-0.1167,3.2730
2138.25,-3.3268,-0.3291,2.9700
2138.50,-2.8005,-0.2056,2.4136
2138.75,-3.6081,-0.3723,2.0272
2139.00,-3.5497,0.1051,1.8067
2139.25,-4.5420,-0.5031,1.6714
2139.50,-5.6030,-0.0213,2.1002
2139.75,-5.5471,-0.1066,2.6119
2140.00,-4.7269,0.0721,2.9788
2140.25,-3.9163,0.1985,3.2518
2140.50,-3.2214,0.0793,2.9856
2140.75,-3.5149,-0.2820,2.9209
2141.00,-4.2092,-0.8065,1.9449
2141.25,-5.1128,-0.7275,1.1274
2141.50,-3.9403,-0.6630,0.9632
2141.75,-3.7302,-1.3153,1.5250
2142.00,-3.9575,-1.0955,2.1164
2142.25,-3.9211,-0.2576,2.7172
2142.50,-4.0202,0.5501,2.3953
2142.75,-4.0458,0.8991,1.6287
2143.00,-4.1627,0.7573,1.4694
2143.25,-5.0280,1.5314,1.5322
2143.50,-4.8331,2.0478,1.3696
2143.75,-6.3156,1.9339,2.1563
2144.00,-7.3722,1.4630,2.8151
2144.25,-6.8472,1.1866,3.0104
2144.50,-6.8847,1.2511,2.4884
2144.75,-6.2468,2.0800,2.2752
2145.00,-6.2402,2.0849,1.9594
2145.25,-5.9723,1.6953,2.3811
2145.50,-5.8417,2.3940,2.7624
2145.75,-6.4141,2.4104,2.4134
2146.00,-5.8933,1.7655,2.1554
2146.25,-6.3329,1.7233,2.7075
2146.50,-6.1475,2.2328,2.3821
2146.75,-5.8909,1.2797,2.8376
2147.00,-5.7628,0.4601,2.8144
2147.25,-5.7666,1.1839,2.1861
2147.50,-5.7552,1.6333,1.4799
2147.75,-4.7506,2.4580,1.7982
2148.00,-4.5855,3.2787,2.0581
2148.25,-4.8072,4.2164,1.6261
2148.50,-4.7518,4.3553,1.0896
2148.75,-2.9537,4.6522,1.1334
2149.00,-2.1241,4.1101,1.0445
2149.25,-2.1388,3.4255,0.4265
2149.50,-1.8762,2.9939,0.3985
2149.75,-2.3520,2.4390,0.5109
2150.00,-2.2443,3.1187,0.4622
2150.25,-1.6523,3.8820,0.3505
2150.50,-1.9762,4.6589,0.1389
2150.75,-2.2359,5.2532,0.2233
2151.00,-2.3231,4.9583,0.1520
2151.25,-1.4769,4.1959,-0.1476
2151.50,-1.1308,4.2272,-0.1397
2151.75,-1.5907,3.3320,0.0475
2152.00,-2.6134,2.7405,0.7625
2152.25,-3.5608,2.7026,1.1730
2152.50,-3.5800,2.6991,0.8600
2152.75,-2.6852,2.0993,0.3027
2153.00,-1.9706,2.0531,0.6234
2153.25,-1.5285,2.0145,0.8115
2153.50,-0.8931,2.1813,0.4084
2153.75,0.3085,2.8339,0.4607
2154.00,0.6481,3.1182,0.3561
2154.25,0.4523,3.8789,0.5993
2154.50,0.7077,4.1596,1.0217
2154.75,1.4250,4.2684,0.5351
2155.00,1.0020,4.8785,0.2150
2155.25,0.9664,4.0153,0.3032
2155.50,1.3279,4.5986,0.7531
2155.75,-0.2224,4.6538,0.6675
2156.00,-1.4006,4.1427,0.3073
2156.25,-2.2401,3.9598,0.5351
2156.50,-1.8143,4.1823,1.1729
2156.75,-2.0257,4.7815,0.9720
2157.00,-2.5136,4.9167,0.8739
2157.25,-2.7333,5.2820,1.2401
2157.50,-3.4861,5.7493,0.8246
2157.75,-3.2533,5.7607,0.3121
2158.00,-2.5132,5.9383,0.6152
2158.25,-2.2411,6.4023,0.4132
2158.50,-2.8023,6.0392,0.0147
2158.75,-2.6282,6.0113,-0.0877
2159.00,-2.6166,6.9733,0.1854
2159.25,-1.8425,6.7601,0.8492
2159.50,-1.1690,6.1445,1.0165
2159.75,-1.1296,5.7229,1.0524
2160.00,-0.5832,6.0367,1.2233
2160.25,-0.3921,6.5102,1.5418
2160.50,-1.0193,6.9931,1.5302
2160.75,-0.5756,6.4091,1.2241
2161.00,-0.7274,6.6708,0.7971
2161.25,-1.6053,7.3489,0.9642
2161.50,-1.9884,6.9790,1.4261
2161.75,-1.4293,7.1449,1.1488
2162.00,0.5517,6.8649,0.6645
2162.25,0.5915,6.8945,0.9450
2162.50,0.3732,7.0672,1.0054
2162.75,0.3210,6.5299,0.7359
2163.00,1.0458,5.8116,1.0806
2163.25,1.2515,4.9662,1.8271
2163.50,1.1514,4.3983,1.7083
2163.75,1.3742,4.1995,1.8312
2164.00,0.3782,4.7918,2.1162
2164.25,0.8116,4.6732,1.6722
2164.50,0.9880,4.7619,1.1928
2164.75,0.6779,3.8735,1.0405
2165.00,-0.0532,3.0958,1.4378
2165.25,-0.9361,3.4802,2.0051
2165.50,-0.4884,4.2573,2.2807
2165.75,-0.7942,4.2847,2.2943
2166.00,-1.7889,3.5349,2.5205
2166.25,-2.4850,2.6966,2.2650
2166.50,-2.5988,2.3083,2.4201
2166.75,-3.6328,2.7447,2.3167
2167.00,-4.0240,3.6885,1.8184
2167.25,-3.5400,4.0673,1.8130
2167.50,-2.9297,4.4784,2.1588
2167.75,-1.8711,4.5258,2.0336
2168.00,-1.4929,5.0271,2.5944
2168.25,-0.9079,5.5325,2.9825
2168.50,-0.9392,5.0912,2.8348
2168.75,-0.9548,4.1774,2.8233
2169.00,-1.8411,4.3917,3.4096
2169.25,-2.1245,4.0610,4.1337
2169.50,-1.7278,4.2591,3.6676
2169.75,-2.4047,3.9732,3.3410
2170.00,-2.4626,3.7638,2.7755
2170.25,-1.6730,4.2118,2.5164
2170.50,-2.2560,5.4128,2.3515
2170.75,-1.7398,5.5894,2.9086
2171.00,-1.2352,5.7500,2.7511
2171.25,-1.3839,5.8639,2.7130
2171.50,-1.5721,4.8814,2.5992
2171.75,-1.5403,4.7573,2.5833
2172.00,-1.8237,4.3259,2.7807
2172.25,-2.7176,4.4430,2.9101
2172.50,-3.0828,5.0444,3.5132
2172.75,-3.1989,5.0409,3.6490
2173.00,-3.1009,3.8293,3.2024
2173.25,-2.4108,3.3746,2.3332
2173.50,-1.9829,3.5453,2.1766
2173.75,-2.6162,3.9754,2.4774
2174.00,-2.2658,4.4735,2.7276
2174.25,-1.3167,4.2625,2.7349
2174.50,-1.7338,3.7110,2.6823
2174.75,-1.9550,3.1381,2.5855
2175.00,-2.4565,3.1631,2.5264
2175.25,-3.2014,3.3137,2.6259
2175.50,-3.2766,3.0826,2.5635
2175.75,-2.5374,4.4514,2.7528
2176.00,-2.5959,5.1233,2.6519
2176.25,-2.3832,5.0768,2.9143
2176.50,-2.0017,5.0448,2.9357
2176.75,-1.8876,4.2034,3.0819
2177.00,-2.2707,4.2449,2.6159
2177.25,-3.2064,3.8280,2.8165
2177.50,-3.6342,4.2481,2.6898
2177.75,-3.5098,4.1878,2.3886
2178.00,-3.4871,4.0060,2.4145
2178.25,-3.0580,4.4225,2.5112
2178.50,-2.9638,4.9541,2.8283
2178.75,-4.3117,4.7665,2.5199
2179.00,-4.2597,4.3024,1.6429
2179.25,-3.2884,4.5635,1.2234
2179.50,-3.3631,3.8064,0.6949
2179.75,-3.1727,3.7499,0.8589
2180.00,-2.5795,3.6667,1.5657
2180.25,-2.3163,3.6389,2.2525
2180.50,-2.1547,4.3440,2.6489
2180.75,-2.1952,4.5327,1.7406
2181.00,-3.1038,4.2857,1.3437
2181.25,-4.3139,4.1624,1.6859
2181.50,-4.5483,3.9194,1.9449
2181.75,-3.9324,3.7615,2.0527
2182.00,-4.2799,4.1121,1.8966
2182.25,-4.3610,5.0351,1.8723
2182.50,-3.9397,5.6517,2.0659
2182.75,-3.9997,5.3534,2.3211
2183.00,-4.5457,4.6124,3.2705
2183.25,-5.2128,4.2916,3.6174
2183.50,-4.8448,4.2178,3.6557
2183.75,-4.6226,4.1242,3.5571
2184.00,-4.0125,4.0530,3.5499
2184.25,-4.1122,3.6181,2.9724
2184.50,-3.9496,2.8856,2.4358
2184.75,-4.6789,3.6693,2.9556
2185.00,-4.6203,3.7887,3.6298
2185.25,-4.6663,4.0012,3.8749
2185.50,-4.7735,3.9848,3.6574
2185.75,-4.9150,4.2258,3.7525
2186.00,-5.1405,4.0734,3.4574
2186.25,-5.1838,3.7342,3.1687
2186.50,-5.1759,3.7079,3.1575
2186.75,-5.0977,3.5626,3.2188
2187.00,-5.2908,4.4072,2.6041
2187.25,-5.5951,4.4038,2.2440
2187.50,-6.0140,3.9295,2.7781
2187.75,-5.5072,4.4011,3.7573
2188.00,-5.4324,5.7700,4.3236
2188.25,-5.4566,6.3144,4.3131
2188.50,-4.2788,5.5777,3.4506
2188.75,-3.5187,6.0594,3.7107
2189.00,-3.8999,6.3018,4.4890
2189.25,-3.2998,6.3920,4.4652
2189.50,-2.3689,5.7415,4.5102
2189.75,-2.7714,5.8572,4.5733
2190.00,-3.3962,5.0438,4.3936
2190.25,-4.0335,5.3268,4.0561
2190.50,-4.2993,5.3917,4.2935
2190.75,-4.1872,5.8422,4.2900
2191.00,-4.0996,5.8109,3.6355
2191.25,-3.9292,6.2971,3.2932
2191.50,-3.6683,6.6059,2.5691
2191.75,-3.5521,6.2369,2.5523
2192.00,-2.7633,6.4765,2.9568
2192.25,-1.0439,6.7707,3.4009
2192.50,0.4387,7.4981,3.5526
2192.75,1.1904,6.8891,3.7548
2193.00,-0.0252,6.2527,3.6193
2193.25,-0.7712,5.2213,3.4227
2193.50,-1.1333,4.8243,3.6019
2193.75,-1.9474,4.9465,3.9378
2194.00,-1.7576,5.1403,3.8399
2194.25,-0.8131,5.1297,3.7078
2194.50,-0.8642,5.2352,3.8294
2194.75,-1.0830,5.8012,3.8102
2195.00,-0.5105,5.7176,3.7161
2195.25,-0.3062,5.0098,3.1855
2195.50,-0.5629,4.9626,2.7224
2195.75,-0.2945,5.1522,2.7950
2196.00,0.3442,5.4135,2.9143
2196.25,1.2040,5.3357,3.4109
2196.50,0.6641,5.8223,3.5331
2196.75,0.1394,6.2024,3.6357
2197.00,-1.1051,5.8532,3.1862
2197.25,-1.9842,5.0325,2.9257
2197.50,-1.4344,5.0084,3.0284
2197.75,-1.4598,5.4306,2.9998
2198.00,-1.0402,5.5723,2.6756
2198.25,-0.4194,5.3984,1.8812
2198.50,-1.0175,5.5118,1.4673
2198.75,-1.0745,6.1578,1.6843
2199.00,0.0037,6.3682,1.6815
2199.25,-0.8013,5.9047,2.0535
2199.50,-1.4877,5.6598,2.4563
2199.75,-1.6620,5.3772,2.4649
2200.00,-1.4397,4.3560,1.9843
2200.25,-2.1313,3.5664,1.3744
2200.50,-2.0585,4.2989,1.0405
2200.75,-1.8829,4.3060,0.8936
2201.00,-1.2005,4.9304,1.4707
2201.25,-1.7148,4.9856,1.4382
2201.50,-1.1395,5.1184,1.3188
2201.75,-1.0652,4.8036,1.8857
2202.00,-2.0585,4.9955,1.6405
2202.25,-1.7512,5.5974,1.4484
2202.50,-1.0146,6.6041,1.4017
2202.75,-0.7930,7.3730,1.2780
2203.00,-1.3181,7.2316,1.3075
2203.25,-2.6754,7.2430,1.2895
2203.50,-3.5174,7.3091,1.7054
2203.75,-2.9557,7.4243,1.8671
2204.00,-2.5062,7.1543,1.6936
2204.25,-2.2013,6.2841,2.0513
2204.50,-1.7247,6.1629,2.1653
2204.75,-2.0572,6.0188,1.9873
2205.00,-2.0251,5.0640,1.8492
2205.25,-2.6319,5.2665,1.8954
2205.50,-3.0332,4.1918,1.9165
2205.75,-3.0080,4.0453,1.7861
2206.00,-3.2655,3.5389,1.4705
2206.25,-3.8679,3.1940,1.2940
2206.50,-3.8706,3.7552,1.5126
2206.75,-3.8995,4.1911,1.3462
2207.00,-3.9069,4.3902,0.9641
2207.25,-4.0756,5.1487,0.6704
2207.50,-4.6389,5.3634,0.3202
2207.75,-4.3016,5.4948,0.1895
2208.00,-4.6069,5.7258,0.4823
2208.25,-4.2004,5.9526,0.7317
2208.50,-3.9784,5.4084,0.6103
2208.75,-4.3364,4.6548,0.7012
2209.00,-4.4036,4.6609,1.2123
2209.25,-4.3726,3.8425,1.3480
2209.50,-4.1104,3.8491,1.3357
2209.75,-3.5771,3.7118,1.1476
2210.00,-3.2273,3.6150,1.0974
2210.25,-2.7256,3.7418,1.1876
2210.50,-2.1761,4.5213,1.4509
2210.75,-2.6593,5.4140,1.3313
2211.00,-2.2348,5.4144,1.6082
2211.25,-2.4944,4.7844,1.8741
2211.50,-3.0825,4.9929,1.9369
2211.75,-2.8534,4.9130,2.0513
2212.00,-2.7255,4.1387,1.6637
2212.25,-2.0608,4.2415,1.1130
2212.50,-1.7456,4.2315,1.2431
2212.75,-2.5157,3.1591,1.0683
2213.00,-2.7576,2.6313,0.7964
2213.25,-3.2640,2.8854,1.0087
2213.50,-3.9412,3.0375,0.4263
2213.75,-3.3854,3.7266,-0.4313
2214.00,-2.5340,3.6824,-1.1852
2214.25,-1.7490,4.8077,-1.1164
2214.50,-1.8574,5.6022,-0.4551
2214.75,-2.4058,5.2301,0.3840
2215.00,-3.5456,4.3844,0.7316
2215.25,-3.9945,3.1187,0.9515
2215.50,-4.5314,3.0645,1.0169
2215.75,-4.7473,3.2696,1.0980
2216.00,-6.3411,3.4387,0.5766
2216.25,-6.6307,2.8942,0.7652
2216.50,-6.6354,2.2067,1.1739
2216.75,-5.2067,2.3684,0.9359
2217.00,-4.7975,2.5918,0.8946
2217.25,-4.8440,3.2081,1.0921
2217.50,-5.2674,3.4039,1.4557
2217.75,-5.4928,3.3100,1.2400
2218.00,-4.4832,3.7718,0.8397
2218.25,-5.0784,3.5393,0.8144
2218.50,-6.1115,2.9552,0.7607
2218.75,-6.5986,2.3241,0.6488
2219.00,-6.8406,1.6114,0.9425
2219.25,-5.4886,1.4107,1.1744
2219.50,-5.5264,0.5925,1.3902
2219.75,-7.1287,0.0977,1.3851
2220.00,-8.1698,0.0078,1.6229
2220.25,-8.4891,0.9289,1.9620
2220.50,-8.2873,2.0774,2.1998
2220.75,-8.3630,1.3506,2.4464
2221.00,-8.5556,0.8505,2.4746
2221.25,-8.7889,0.7278,2.7238
2221.50,-8.4462,1.1655,2.8585
2221.75,-7.6770,0.9238,2.9621
2222.00,-6.4669,0.6340,3.0755
2222.25,-6.3739,0.8842,2.9230
2222.50,-6.7254,1.9348,2.2262
2222.75,-6.2710,2.1526,1.8470
2223.00,-5.9541,2.3119,1.8394
2223.25,-5.3641,2.4909,1.9243
2223.50,-5.2850,3.1230,1.9481
2223.75,-4.5996,3.5390,2.2001
2224.00,-4.5378,4.3006,2.5331
2224.25,-5.8246,5.1075,2.3561
2224.50,-5.8478,5.6174,2.1253
2224.75,-4.9996,5.0698,2.0027
2225.00,-5.0507,4.6006,2.1234
2225.25,-5.4034,5.5108,2.3275
2225.50,-6.0526,5.2203,2.1026
2225.75,-6.0829,4.8608,1.9058
2226.00,-5.3510,5.2246,1.8823
2226.25,-4.1311,4.9607,1.7690
2226.50,-4.5206,5.6788,1.2028
2226.75,-5.7059,5.8837,1.4424
2227.00,-5.3384,4.8090,1.9238
2227.25,-4.8342,4.2703,2.8338
2227.50,-4.3367,3.7188,3.1279
2227.75,-3.7889,3.4761,2.8814
2228.00,-3.7636,3.7696,3.1209
2228.25,-3.5083,4.2793,3.1606
2228.50,-4.0840,4.3121,3.2513
2228.75,-4.3309,4.9133,3.6586
2229.00,-4.5642,5.7731,3.5120
2229.25,-4.9954,5.7003,2.9905
2229.50,-5.8272,5.1189,3.2209
2229.75,-7.1324,4.8268,3.8158
2230.00,-7.1306,4.0734,3.7243
2230.25,-7.6208,3.4932,3.6095
2230.50,-7.0424,3.5565,3.3764
2230.75,-6.2820,3.7896,3.5093
2231.00,-6.2446,3.8535,3.1384
2231.25,-6.0050,3.5993,3.5627
2231.50,-5.6817,3.7302,3.7534
2231.75,-5.8243,3.7264,3.3133
2232.00,-5.6946,3.4100,2.7082
2232.25,-4.4034,3.7956,2.6494
2232.50,-3.6969,3.1416,2.4803
2232.75,-3.8258,2.3094,2.4704
2233.00,-3.8694,2.0256,2.6771
2233.25,-4.8350,2.3005,2.5540
2233.50,-6.0800,2.4254,2.6349
2233.75,-5.9435,3.7257,2.9571
2234.00,-6.3120,4.2440,3.0972
2234.25,-7.2867,4.4310,2.8437
2234.50,-7.4568,3.9776,2.3401
2234.75,-7.7543,4.4615,2.4717
2235.00,-7.4047,3.8092,2.5165
2235.25,-6.0515,2.7660,2.5374
2235.50,-5.4165,2.4996,2.9650
2235.75,-5.9038,2.7784,3.0005
2236.00,-5.6263,3.3422,2.8367
2236.25,-5.2692,2.5955,2.4534
2236.50,-4.9825,3.6995,1.9946
2236.75,-5.1967,3.9165,1.9408
2237.00,-5.8035,3.2160,2.1546
2237.25,-5.6281,2.7119,1.4218
2237.50,-4.7058,2.6551,0.9167
2237.75,-4.0880,1.8332,1.5826
2238.00,-4.2107,1.7046,1.8986
2238.25,-4.2088,1.9388,1.7160
2238.50,-4.2628,1.6797,1.9415
2238.75,-5.3658,0.9278,2.1902
2239.00,-5.2655,0.4360,2.0667
2239.25,-5.2073,0.2673,2.1403
2239.50,-5.6833,0.4281,2.0552
2239.75,-6.6893,0.5250,2.1696
2240.00,-6.4686,0.3392,2.4094
2240.25,-6.8650,0.4160,2.3726
2240.50,nan,nan,nan
2240.75,nan,nan,nan
2241.00,nan,nan,nan
2241.25,nan,nan,nan
2241.50,nan,nan,nan
2241.75,nan,nan,nan
2242.00,nan,nan,nan
2242.25,nan,nan,nan
2242.50,nan,nan,nan
2242.75,nan,nan,nan
2243.00,nan,nan,nan
2243.25,nan,nan,nan
2243.50,nan,nan,nan
2243.75,nan,nan,nan
2244.00,nan,nan,nan
2244.25,nan,nan,nan
2244.50,nan,nan,nan
2244.75,nan,nan,nan
2245.00,nan,nan,nan
2245.25,nan,nan,nan
2245.50,nan,nan,nan
2245.75,nan,nan,nan
2246.00,nan,nan,nan
2246.25,nan,nan,nan
2246.50,nan,nan,nan
2246.75,nan,nan,nan
2247.00,nan,nan,nan
2247.25,nan,nan,nan
2247.50,nan,nan,nan
2247.75,nan,nan,nan
2248.00,nan,nan,nan
2248.25,nan,nan,nan
2248.50,nan,nan,nan
2248.75,nan,nan,nan
2249.00,nan,nan,nan
2249.25,nan,nan,nan
2249.50,nan,nan,nan
2249.75,nan,nan,nan
2250.00,nan,nan,nan
2250.25,nan,nan,nan
2250.50,nan,nan,nan
2250.75,nan,nan,nan
2251.00,nan,nan,nan
2251.25,nan,nan,nan
2251.50,nan,nan,nan
2251.75,nan,nan,nan
2252.00,nan,nan,nan
2252.25,nan,nan,nan
2252.50,nan,nan,nan
2252.75,nan,nan,nan
2253.00,nan,nan,nan
2253.25,nan,nan,nan
2253.50,nan,nan,nan
2253.75,nan,nan,nan
2254.00,nan,nan,nan
2254.25,nan,nan,nan
2254.50,nan,nan,nan
2254.75,nan,nan,nan
2255.00,nan,nan,nan
2255.25,nan,nan,nan
2255.50,nan,nan,nan
2255.75,nan,nan,nan
2256.00,nan,nan,nan
2256.25,nan,nan,nan
2256.50,nan,nan,nan
2256.75,nan,nan,nan
2257.00,nan,nan,nan
2257.25,nan,nan,nan
2257.50,nan,nan,nan
2257.75,nan,nan,nan
2258.00,nan,nan,nan
2258.25,nan,nan,nan
2258.50,nan,nan,nan
2258.75,nan,nan,nan
2259.00,nan,nan,nan
2259.25,nan,nan,nan
2259.50,nan,nan,nan
2259.75,nan,nan,nan
2260.00,nan,nan,nan
2260.25,nan,nan,nan
2260.50,nan,nan,nan
2260.75,nan,nan,nan
2261.00,nan,nan,nan
2261.25,nan,nan,nan
2261.50,nan,nan,nan
2261.75,nan,nan,nan
2262.00,nan,nan,nan
2262.25,nan,nan,nan
2262.50,nan,nan,nan
2262.75,nan,nan,nan
2263.00,nan,nan,nan
2263.25,nan,nan,nan
2263.50,nan,nan,nan
2263.75,nan,nan,nan
2264.00,nan,nan,nan
2264.25,nan,nan,nan
2264.50,nan,nan,nan
2264.75,nan,nan,nan
2265.00,nan,nan,nan
2265.25,nan,nan,nan
2265.50,nan,nan,nan
2265.75,nan,nan,nan
2266.00,nan,nan,nan
2266.25,nan,nan,nan
2266.50,nan,nan,nan
2266.75,nan,nan,nan
2267.00,nan,nan,nan
2267.25,nan,nan,nan
2267.50,-7.3034,3.2171,2.9564
2267.75,-7.8809,3.8178,2.7607
2268.00,-7.9281,4.0502,2.5496
2268.25,-8.2485,3.5794,2.5470
2268.50,-8.5582,2.9325,3.0220
2268.75,-8.8352,1.9885,3.1872
2269.00,-9.5419,1.3591,3.3441
2269.25,-8.5831,1.0229,3.3457
2269.50,-8.2622,1.4139,3.9171
2269.75,-9.0531,2.0756,3.4746
2270.00,-8.1407,2.2912,3.1187
2270.25,-7.4500,1.8111,2.4713
2270.50,-6.5978,1.9399,1.8813
2270.75,-6.1528,2.0518,1.2560
2271.00,-5.9869,1.6237,1.3142
2271.25,-6.3138,1.5589,1.7216
2271.50,-5.4985,1.5835,1.7370
2271.75,-4.6954,1.4077,2.3447
2272.00,-3.9218,1.5310,2.6510
2272.25,-3.2529,1.8877,2.7630
2272.50,-2.6550,3.1312,2.8030
2272.75,-3.3413,3.1975,3.0095
2273.00,-2.6455,2.3368,2.4848
2273.25,-2.5288,1.7658,2.4487
2273.50,-3.9626,2.0441,2.6180
2273.75,-5.2356,2.2230,2.2135
2274.00,-5.5020,1.8610,1.9717
2274.25,-5.3918,1.6078,2.0279
2274.50,-5.3568,1.8788,2.8870
2274.75,-4.6619,1.4033,3.0757
2275.00,-3.7626,1.8515,3.6238
2275.25,-4.1403,2.0369,4.2953
2275.50,-5.1859,1.4432,4.1587
2275.75,-5.7609,1.1702,3.8567
2276.00,-6.1314,1.2443,4.0025
2276.25,-5.5644,1.8897,3.8952
2276.50,-5.2559,1.4916,3.6082
2276.75,-5.3286,1.8389,3.4491
2277.00,-6.0015,3.0252,3.3777
2277.25,-6.3497,3.0434,3.6346
2277.50,-5.9210,2.7501,3.7860
2277.75,-4.7243,2.5682,3.0064
2278.00,-5.3040,2.0935,2.6000
2278.25,-6.0446,2.3435,2.1367
2278.50,-6.6457,1.9695,2.0011
2278.75,-7.7437,1.9194,2.0935
2279.00,-7.4409,2.1351,2.1696
2279.25,-6.5322,2.1073,2.9495
2279.50,-6.6546,2.1282,3.8054
2279.75,-6.5255,1.9891,3.6632
2280.00,-5.8878,1.5331,3.3180
2280.25,-6.0755,1.7774,2.9027
2280.50,-7.6882,1.6373,2.4751
2280.75,-8.3012,1.5394,2.9091
2281.00,-8.8652,2.0325,3.1081
2281.25,-9.8162,2.8715,3.2810
2281.50,-10.6075,3.2352,2.7394
2281.75,-9.5808,3.0290,2.9248
2282.00,-9.1698,2.4600,2.8292
2282.25,-9.0917,2.2112,3.3152
2282.50,-9.0632,2.1871,3.5289
2282.75,-9.4367,1.9371,3.5143
2283.00,-9.0617,2.1104,3.7552
2283.25,-8.6369,1.7186,3.8197
2283.50,-9.1226,1.7585,3.0921
2283.75,-9.4933,1.9223,2.3191
2284.00,-9.2182,1.4298,1.7425
2284.25,-9.2308,1.5127,1.9922
2284.50,-9.1602,0.9718,2.5462
2284.75,-8.7467,0.9233,2.7995
2285.00,-8.4323,0.6859,2.8063
2285.25,-7.6906,1.4574,3.2290
2285.50,-7.9111,1.4743,3.3887
2285.75,-7.9039,1.4652,3.6126
2286.00,-8.1955,1.9064,3.4319
2286.25,-9.0565,1.2771,3.1065
2286.50,-8.2638,1.2337,3.6664
2286.75,-8.4792,2.0731,4.2275
2287.00,-8.4908,2.9707,3.7792
2287.25,-8.4031,2.6706,3.4301
2287.50,-8.0841,2.0529,3.6217
2287.75,-7.6562,1.4483,3.4076
2288.00,-7.0242,1.9811,2.9230
2288.25,-7.1789,2.2308,2.7431
2288.50,-7.0221,2.0486,2.8549
2288.75,-7.8655,2.5186,2.8314
2289.00,-8.5148,3.1256,2.3529
2289.25,-7.9906,2.7357,2.2915
2289.50,-7.9247,2.4684,2.3649
2289.75,-7.3564,2.2854,2.1161
2290.00,-6.2695,2.3873,2.2124
2290.25,-5.9264,1.9350,1.6804
2290.50,-5.6765,1.9680,1.3403
2290.75,-5.6255,2.0790,1.3323
2291.00,-5.9075,2.0685,1.3487
2291.25,-6.5386,2.2262,2.0839
2291.50,-7.4217,2.2569,2.5747
2291.75,-6.7995,2.6929,3.0305
2292.00,-6.4061,2.6077,3.5116
2292.25,-6.5082,2.6673,3.0554
2292.50,-6.0514,2.0569,3.0351
2292.75,-6.6477,1.8888,2.5906
2293.00,-5.8824,1.3557,2.4336
2293.25,-4.4727,0.7782,2.0871
2293.50,-4.3629,1.1811,2.6911
2293.75,-4.7505,2.2032,2.9604
2294.00,-5.2167,3.0402,3.0128
2294.25,-5.3272,3.3282,2.6654
2294.50,-5.4641,2.4096,2.4798
2294.75,-4.7020,2.6148,2.6302
2295.00,-4.5624,2.1266,2.3999
2295.25,-5.3329,1.6271,2.5264
2295.50,-4.7576,2.2231,2.7286
2295.75,-5.3692,2.3612,3.1307
2296.00,-6.2579,3.0259,3.2377
2296.25,-5.8958,3.4338,3.1674
2296.50,-5.8128,4.1263,2.7542
2296.75,-5.4221,4.0491,2.8273
2297.00,-5.7407,3.6276,2.7409
2297.25,-6.2913,3.4949,2.4565
2297.50,-6.7977,3.2210,2.5910
2297.75,-7.3563,3.4143,2.6989
2298.00,-6.7490,2.8174,2.5405
2298.25,-4.9980,2.2273,2.3657
2298.50,-4.9880,1.7473,2.5693
2298.75,-6.0875,1.4504,2.5675
2299.00,-6.4755,0.9489,2.7686
2299.25,-6.2687,1.3698,2.6662
2299.50,-6.2387,1.4848,3.2162
2299.75,-6.1494,1.4020,3.8656
2300.00,-6.5628,2.3428,4.0304
2300.25,-7.6447,1.7467,4.3631
2300.50,-8.2728,0.9214,3.6403
2300.75,-8.7057,0.9228,2.8102
2301.00,-9.0055,1.0006,2.0275
2301.25,-9.3011,1.2573,2.1558
2301.50,-8.8745,1.4594,2.0349
2301.75,-8.2554,1.4148,2.0810
2302.00,-7.8891,0.6276,2.5843
2302.25,-8.1497,0.6591,3.0325
2302.50,-7.1207,1.2490,2.2152
2302.75,-6.2242,1.1561,2.1315
2303.00,-5.7549,1.4796,2.1828
2303.25,-5.1899,2.3186,1.4244
2303.50,-6.4583,2.0892,1.0305
2303.75,-6.7372,2.1754,1.4049
2304.00,-5.0503,1.7947,1.6712
2304.25,-3.6317,1.9143,2.0374
2304.50,-2.7287,1.7887,2.2832
2304.75,-2.9774,2.1670,2.0690
2305.00,-3.7562,2.7609,1.8876
2305.25,-4.0037,2.3674,1.7511
2305.50,-5.9618,1.8652,0.9596
2305.75,-6.4831,1.7673,0.7505
2306.00,-6.4927,1.5452,1.0090
2306.25,-6.6849,1.5443,1.4051
2306.50,-6.2146,1.0075,1.7958
2306.75,-5.1915,1.0521,2.1132
2307.00,-5.6854,0.9005,2.2880
2307.25,-6.2027,0.7385,1.9089
2307.50,-5.6933,0.7764,1.7424
2307.75,-5.8559,1.3352,1.8789
2308.00,-5.0339,0.8953,2.6317
2308.25,-3.9223,0.4588,2.6629
2308.50,-4.6653,0.9244,2.5820
2308.75,-5.4667,1.1890,2.7220
2309.00,-5.3258,2.1067,2.9332
2309.25,-5.3451,2.6361,2.7581
2309.50,-4.9496,2.5408,2.5966
2309.75,-5.0455,2.1443,2.8161
2310.00,-5.1573,1.8980,2.7720
2310.25,-5.0379,2.1529,2.8479
2310.50,-6.2944,2.1195,2.9785
2310.75,-7.5884,2.2889,3.0734
2311.00,-7.8394,2.5138,3.1016
2311.25,-7.2144,1.8418,3.3023
2311.50,-6.6365,0.9395,2.8183
2311.75,-5.0834,0.5837,2.3015
2312.00,-3.5135,1.1976,2.1109
2312.25,-3.8066,1.2394,2.0017
2312.50,-3.8915,1.6418,2.6000
2312.75,-3.1046,1.5637,2.4474
2313.00,-2.2627,1.4799,1.7634
2313.25,-1.4377,1.1328,1.6239
2313.50,-1.7562,0.4942,1.7842
2313.75,-2.7557,0.5648,2.3449
2314.00,-2.8162,0.5944,3.5099
2314.25,-2.7356,0.4311,4.1820
2314.50,-2.3175,0.4023,4.4712
2314.75,-2.0576,-0.1336,4.1733
2315.00,-1.4850,0.7364,3.9303
2315.25,-0.7296,0.9881,4.0949
2315.50,-1.9184,1.0177,4.2818
2315.75,-3.0403,2.0882,3.9082
2316.00,-3.2036,2.8420,3.4373
2316.25,-2.9051,3.0463,2.6315
2316.50,-3.4908,2.8813,2.7237
2316.75,-3.5877,2.6987,2.3767
2317.00,-3.0270,2.8266,2.2328
2317.25,-2.8073,2.2463,1.7917
2317.50,-3.2217,1.8614,1.2338
2317.75,-4.8324,2.2349,0.6564
2318.00,-6.1109,2.0183,0.4554
2318.25,-4.9666,1.1092,0.2858
2318.50,-4.4969,1.2390,0.6152
2318.75,-4.4224,1.4627,1.3254
2319.00,-4.6307,1.4128,2.1003
2319.25,-3.5886,0.5064,2.0909
2319.50,-3.8711,0.2748,1.9614
2319.75,-4.5791,0.3224,1.5267
2320.00,-4.3962,0.8050,1.4204
2320.25,-4.7455,2.0340,1.4101
2320.50,-5.7089,2.6746,1.3747
2320.75,-6.4541,3.0138,1.2660
2321.00,-6.8090,2.7129,1.6204
2321.25,-6.8634,1.9673,1.9502
2321.50,-7.0099,1.5821,1.8354
2321.75,-6.2813,1.4982,1.5632
2322.00,-5.1852,1.4233,1.1637
2322.25,-4.5023,1.9917,0.8095
2322.50,-3.3940,2.4157,1.1497
2322.75,-3.9723,2.4211,1.3962
2323.00,-4.9234,2.6099,1.7827
2323.25,-5.1521,1.9932,2.4470
2323.50,-5.3582,2.4993,2.1063
2323.75,-6.4972,2.5500,1.6741
2324.00,-6.7428,2.4699,1.1141
2324.25,-5.2229,1.8459,1.2544
2324.50,-4.2968,2.7701,2.4625
2324.75,-3.6916,2.6656,2.7304
2325.00,-2.9495,2.1501,2.6322
2325.25,-3.0665,1.2320,2.6512
2325.50,-3.9808,0.8628,2.2528
2325.75,-4.4531,0.9351,1.9043
2326.00,-5.1201,1.1540,1.3398
2326.25,-5.0495,2.4629,1.0764
2326.50,-4.3040,2.6392,1.3225
2326.75,-4.1128,2.2262,1.8918
2327.00,-4.5607,1.5800,2.3988
2327.25,-4.3414,1.1981,2.1345
2327.50,-4.9981,1.4196,2.7098
2327.75,-5.7839,3.1513,3.0825
2328.00,-5.3275,3.7038,3.1296
2328.25,-4.4570,3.7837,2.8473
2328.50,-4.2399,4.3483,2.4748
2328.75,-3.9965,3.8473,2.0083
2329.00,-3.6561,3.7430,1.8490
2329.25,-4.2493,4.1163,2.0242
2329.50,-5.0298,3.7551,2.2582
2329.75,-6.9843,3.3450,2.6076
2330.00,-6.8027,2.0369,2.9904
2330.25,-6.3933,1.4882,2.7881
2330.50,-6.0405,1.3657,2.0711
2330.75,-5.4879,1.6788,2.0829
2331.00,-5.9296,1.5983,2.2652
2331.25,-6.1902,0.8279,2.3446
2331.50,-4.6250,0.9088,2.1772
2331.75,-3.6250,1.4187,2.3068
2332.00,-4.1496,2.3912,2.3299
2332.25,-4.8924,2.7831,2.1068
2332.50,-5.7955,3.0146,2.0204
2332.75,-5.2987,2.6650,2.3362
2333.00,-5.2130,1.6965,2.3554
2333.25,-6.1336,0.9864,2.6889
2333.50,-7.6117,1.6505,3.0131
2333.75,-7.6554,1.3396,3.0781
2334.00,-7.5719,1.8419,2.7700
2334.25,-7.0673,2.1044,3.0013
2334.50,-7.8413,1.0640,2.8125
2334.75,-6.6827,0.8869,2.1953
2335.00,-6.9092,1.0817,2.3770
2335.25,-6.8432,1.3642,2.2937
2335.50,-7.4555,1.7596,2.5222
2335.75,-6.9253,1.5951,2.9512
2336.00,-6.3319,1.0806,3.1944
2336.25,-6.0814,0.5963,2.8316
2336.50,-5.1211,0.4963,2.4967
2336.75,-5.2136,1.0660,3.0101
2337.00,-5.0732,1.9228,2.9041
2337.25,-5.6364,2.8865,2.9807
2337.50,-6.0642,2.8697,2.5102
2337.75,-5.8061,2.4080,2.6375
2338.00,-6.2266,2.3711,3.2240
2338.25,-6.0037,2.4681,2.9944
2338.50,-5.8814,1.9014,2.3295
2338.75,-5.1865,1.9694,2.1505
2339.00,-5.0686,2.4682,2.4970
2339.25,-5.3702,2.6423,2.5982
2339.50,-5.2535,3.0933,2.9694
2339.75,-4.9081,2.9857,2.7293
2340.00,-4.9707,2.7379,3.1633
2340.25,-4.8729,3.4046,3.1730
2340.50,-5.4604,3.5365,3.5541
2340.75,-4.1857,3.2637,3.8921
2341.00,-4.1202,3.3900,3.7915
2341.25,-4.6285,2.4289,4.3297
2341.50,-4.5449,2.4085,3.8520
2341.75,-5.0117,1.8377,3.4640
2342.00,-5.6780,1.0809,3.5332
2342.25,-68.0831,1.5410,2.9796
2342.50,-6.0250,1.8056,3.2183
2342.75,-6.5465,1.8675,3.4423
2343.00,-6.5521,1.7655,3.8657
2343.25,-6.6576,1.5837,3.9669
2343.50,-6.6399,1.6511,4.0125
2343.75,-6.8705,2.4684,3.8185
2344.00,-6.9353,2.5304,3.4590
2344.25,-7.0523,1.6351,3.2390
2344.50,-6.9409,2.1645,3.4842
2344.75,-6.4314,1.4178,3.2946
2345.00,-7.2852,0.8195,3.0724
2345.25,-7.3368,0.8072,3.2461
2345.50,-8.1097,0.8243,3.2127
2345.75,-7.8400,1.4048,3.5932
2346.00,-6.9927,1.4757,3.2090
2346.25,-6.4573,1.3420,2.4683
2346.50,-5.8797,1.1630,2.0635
2346.75,-6.7645,1.3362,2.3037
2347.00,-7.3671,0.8645,2.0670
2347.25,-7.9217,1.5023,1.6935
2347.50,-8.5991,2.3031,1.6471
2347.75,-8.1732,1.9445,2.0979
2348.00,-7.7221,2.0634,2.6592
2348.25,-7.0243,1.7471,2.6053
2348.50,-7.4001,1.0850,2.3464
2348.75,-7.0160,0.7265,2.3249
2349.00,-6.5292,0.4743,2.4982
2349.25,-6.4488,0.1772,2.3404
2349.50,-7.2718,0.8193,2.1833
2349.75,-7.9658,1.6111,1.8277
2350.00,-8.2603,1.1839,1.7164
2350.25,-7.7025,1.4983,1.6971
2350.50,-7.4414,1.4607,1.9619
2350.75,-8.0819,1.9077,2.4461
2351.00,-8.9859,2.6428,2.7092
2351.25,-9.9313,2.4196,2.4719
2351.50,-9.8399,2.3516,1.7463
2351.75,-9.3271,2.2634,2.0246
2352.00,-9.3667,2.2613,2.7365
2352.25,-9.6595,2.5170,2.9927
2352.50,-9.4434,2.2182,2.5512
2352.75,-8.5193,1.5361,2.7503
2353.00,-8.3012,0.8265,2.9012
2353.25,-7.4058,1.2668,2.6478
2353.50,-6.7794,0.9686,2.4802
2353.75,-6.4802,0.8125,2.1051
2354.00,-6.6532,1.8615,1.5025
2354.25,-5.9071,2.2557,1.5711
2354.50,-6.3333,2.4367,1.1329
2354.75,-6.6817,3.9794,0.9743
2355.00,-6.9131,4.7035,1.3200
2355.25,-7.6021,4.0220,1.5115
2355.50,-8.4786,3.3799,1.7291
2355.75,-7.3995,3.1151,1.5276
2356.00,-6.7146,2.8195,1.4346
2356.25,-6.0112,2.2746,1.0774
2356.50,-6.6090,1.8332,0.7839
2356.75,-7.7970,1.9360,0.6955
2357.00,-8.2442,1.8833,0.9115
2357.25,-8.7806,1.3700,1.0215
2357.50,-8.7407,0.4518,1.3135
2357.75,-8.3901,-0.1124,1.6365
2358.00,-7.5308,-0.0767,1.9349
2358.25,-6.9040,0.6378,2.0847
2358.50,-5.5402,1.3060,1.8641
2358.75,-5.6589,1.3394,2.0578
2359.00,-6.1880,1.4548,1.8873
2359.25,-6.8034,2.2588,1.9536
2359.50,-6.8691,1.6861,1.6278
2359.75,-7.0464,1.1728,1.7303
2360.00,-5.9740,1.0478,1.5985
2360.25,-4.9398,1.2436,1.3436
2360.50,-4.0434,1.4604,1.4483
2360.75,-3.3119,0.6913,1.7677
2361.00,-3.2558,0.2121,1.9864
2361.25,-3.8552,-0.3687,2.1337
2361.50,-3.8632,0.0461,1.9716
2361.75,-4.6542,0.8150,1.5449
2362.00,-5.2906,1.9145,1.4192
2362.25,-5.5102,2.6619,1.7614
2362.50,-4.8587,2.7278,1.3322
2362.75,-3.0890,3.2106,1.0834
2363.00,-2.8399,3.6844,1.0313
2363.25,-4.1789,3.4545,1.2482
2363.50,-5.4075,2.8312,1.9242
2363.75,-5.1220,2.6730,2.4802
2364.00,-4.6138,3.0441,2.4045
2364.25,-2.6638,2.5905,2.3253
2364.50,-2.1428,2.2755,2.1016
2364.75,-2.8289,2.5226,2.0687
2365.00,-3.6053,2.5576,1.8752
2365.25,-4.5931,2.4883,2.2539
2365.50,-4.5901,2.0629,2.8073
2365.75,-4.1615,2.3654,2.7651
2366.00,-4.5852,2.3823,2.3684
2366.25,-5.0594,2.0537,1.5969
2366.50,-5.2751,3.0804,1.1052
2366.75,-4.4784,3.8800,1.3086
2367.00,-3.4118,3.2821,1.5647
2367.25,-2.7787,2.3303,1.6874
2367.50,-2.6083,1.8526,1.8763
2367.75,-2.8905,1.1867,1.9835
2368.00,-3.1909,1.3699,2.2446
2368.25,-3.3181,1.2657,2.2046
2368.50,-3.3739,1.4281,2.2862
2368.75,-2.5710,1.1886,2.3165
2369.00,-2.5306,1.2210,2.3553
2369.25,-3.2491,0.5947,2.5975
2369.50,-3.9304,0.5892,3.0980
2369.75,-3.5170,0.4825,3.3060
2370.00,-4.1780,1.0774,3.2490
2370.25,-4.0040,1.0074,2.8575
2370.50,-4.2552,0.1931,2.7329
2370.75,-4.6412,0.3149,2.8667
2371.00,-4.4982,0.7362,2.6074
2371.25,-5.1076,0.9470,2.7504
2371.50,-4.5963,0.7362,2.9662
2371.75,-4.6820,0.8201,3.3163
2372.00,-4.3998,0.6830,2.7814
2372.25,-3.9708,-0.4177,2.5724
2372.50,-4.0037,0.5101,2.3690
2372.75,-4.3587,0.9999,2.3360
2373.00,-4.4993,0.9542,2.4868
2373.25,-5.7101,0.5931,2.1894
2373.50,-5.8814,0.5820,2.5151
2373.75,-5.5531,0.4916,2.6609
2374.00,-4.9353,0.1236,2.7758
2374.25,-5.3010,0.3917,2.5183
2374.50,-3.7038,0.8648,2.6280
2374.75,-3.7796,1.4344,2.4279
2375.00,-4.1038,1.5150,1.8711
2375.25,-4.1759,1.4203,0.8706
2375.50,-3.8269,0.4791,0.8967
2375.75,-3.7982,0.4063,0.6610
2376.00,-3.6941,0.4781,0.8155
2376.25,-3.8045,0.1105,1.3451
2376.50,-3.4845,0.7113,0.9970
2376.75,-2.4044,1.2810,1.0564
2377.00,-2.4740,1.5371,0.8561
2377.25,-1.6343,1.7573,1.1236
2377.50,-1.2322,1.2026,1.3787
2377.75,-0.4640,1.1376,1.5037
2378.00,-0.1450,1.2598,1.5266
2378.25,-0.3458,1.6502,1.3238
2378.50,-0.8751,2.1328,0.6746
2378.75,-1.5465,2.1137,0.8435
2379.00,-2.0048,2.1529,2.0709
2379.25,-1.8669,2.2766,2.5247
2379.50,-1.1233,2.6297,2.7207
2379.75,-1.6612,3.1116,2.0178
2380.00,-2.0332,3.3473,1.9224
2380.25,-2.1632,3.6107,2.0480
2380.50,-1.8924,2.9454,1.9817
2380.75,-2.0723,2.9918,1.9646
2381.00,-2.5638,3.2918,2.0018
2381.25,-2.7602,3.6672,2.4023
2381.50,-3.0879,3.4380,3.0599
2381.75,-3.0305,2.6884,2.8780
2382.00,-2.5202,1.6762,3.1652
2382.25,-3.0757,0.8443,3.0647
2382.50,-2.3441,1.8750,2.6119
2382.75,-1.8521,2.3092,2.2461
2383.00,-2.6535,2.4697,2.6369
2383.25,-2.4008,3.0437,2.1278
2383.50,-2.2422,2.9653,1.4880
2383.75,-2.7956,2.6448,1.7211
2384.00,-3.0822,3.4115,1.8542
2384.25,-3.2651,2.4450,1.8735
2384.50,-3.8946,2.0849,1.8143
2384.75,-4.1165,2.4987,1.8049
2385.00,-3.5400,2.7957,2.5242
2385.25,-2.8082,3.0736,2.9392
2385.50,-2.0542,3.3798,3.1368
2385.75,-2.1922,3.8886,2.9372
2386.00,-2.7039,3.1412,2.4299
2386.25,-3.8395,2.6033,2.5091
2386.50,-3.5457,2.7105,2.2211
2386.75,-3.7053,3.1188,2.3971
2387.00,-2.4576,2.7144,2.5261
2387.25,-1.5368,2.7681,3.0105
2387.50,-2.0716,3.1170,3.0564
2387.75,-2.3678,2.9224,3.5779
2388.00,-2.4598,3.2100,3.8105
2388.25,-1.3295,3.4344,3.9096
2388.50,-1.9157,4.3720,3.9515
2388.75,-2.0074,4.5489,4.0644
2389.00,-1.3430,5.1179,3.7282
2389.25,-1.2449,5.4747,3.3692
2389.50,-1.2991,5.1165,2.8392
2389.75,-1.8042,4.6981,2.5314
2390.00,-1.9272,4.8718,2.6956
2390.25,-2.1595,5.4459,2.7450
2390.50,-2.8219,6.0678,2.6706
2390.75,-3.5869,5.9397,2.4346
2391.00,-4.2246,5.5581,2.6893
2391.25,-3.7918,4.8964,3.0553
2391.50,-3.1192,3.9085,3.0453
2391.75,-2.9591,3.8526,3.1163
2392.00,-2.4183,3.7285,2.9548
2392.25,-2.7506,3.7933,3.2850
2392.50,-3.7866,3.9478,3.0823
2392.75,-3.1053,3.9303,2.7780
2393.00,-2.6818,4.1086,2.5684
2393.25,-2.9201,4.4481,2.5556
2393.50,-2.4835,3.7572,2.5076
2393.75,-1.9289,4.1203,3.0557
2394.00,-1.8958,5.0791,3.0075
2394.25,-1.9060,4.9302,3.1919
2394.50,-2.1951,5.2486,3.2197
2394.75,-2.3013,6.1879,3.2692
2395.00,-2.1578,6.3167,3.3771
2395.25,-1.5426,5.3726,3.6181
2395.50,-1.3569,4.6777,3.8047
2395.75,-0.8614,4.6188,3.9174
2396.00,-1.5012,4.4586,4.0196
2396.25,-2.1981,4.5868,4.5430
2396.50,-1.9684,5.5924,4.6449
2396.75,-1.1738,5.8762,4.6546
2397.00,0.2728,5.0433,4.3949
2397.25,0.8390,3.6753,4.3795
2397.50,0.6398,3.7248,4.0373
2397.75,-0.5389,3.4490,4.4654
2398.00,-1.3694,3.9731,4.7501
2398.25,-2.6701,4.1208,4.4899
2398.50,-2.9556,4.6284,4.3891
2398.75,-1.9406,3.8776,3.9837
2399.00,-0.4805,3.5433,4.2571
2399.25,-0.1119,3.1458,3.7048
2399.50,-0.4499,3.4198,3.6683
2399.75,-1.3823,3.4035,3.5784
2400.00,-1.9130,2.6505,3.6009
2400.25,-1.4905,1.2253,3.7118
2400.50,-0.2804,1.0814,3.3703
2400.75,-0.3518,1.4992,3.0124
2401.00,-0.8845,2.3065,2.9012
2401.25,-0.6953,3.5281,3.1713
2401.50,-1.0892,3.8318,2.9909
2401.75,-1.6822,3.1695,3.2025
2402.00,-1.5825,3.2227,3.0422
2402.25,-1.6192,3.2300,3.1929
2402.50,-1.9658,3.5021,3.3945
2402.75,-2.0263,3.4358,3.1223
2403.00,-1.5100,2.5063,2.9415
2403.25,-1.7343,2.0353,3.3126
2403.50,-1.7229,2.1189,3.6501
2403.75,-1.3580,2.0664,3.8457
2404.00,-0.9622,2.1077,4.2256
2404.25,-0.2874,1.6641,3.7984
2404.50,1.0019,1.6768,3.7655
2404.75,1.2918,1.6195,3.6050
2405.00,1.7491,2.7550,3.3947
2405.25,1.6558,3.5880,3.0881
2405.50,1.2501,4.0382,2.9318
2405.75,1.3274,3.4770,2.7654
2406.00,1.4146,2.7412,2.6366
2406.25,1.5625,2.8237,2.1405
2406.50,0.8308,2.8047,2.5036
2406.75,0.7857,3.0086,2.7055
2407.00,0.2670,2.4244,2.9224
2407.25,-0.0439,2.2565,2.7626
2407.50,0.1802,1.7091,2.3208
2407.75,0.0188,1.2691,2.1328
2408.00,0.1304,1.5387,1.8951
2408.25,0.5458,1.5235,1.7761
2408.50,0.8436,2.2284,1.9891
2408.75,0.6791,1.7988,2.4455
2409.00,0.1769,0.9572,2.0422
2409.25,-0.3405,0.5366,1.7325
2409.50,-0.6543,0.6054,1.7312
2409.75,0.1348,0.8631,1.7380
2410.00,0.8778,1.2014,1.6341
2410.25,0.8056,1.6518,1.6977
2410.50,1.1617,1.7066,2.0053
2410.75,1.2828,2.2564,2.1164
2411.00,-0.0964,1.9382,2.4149
2411.25,-0.7514,1.9583,2.2875
2411.50,-1.3508,2.1447,2.0656
2411.75,-1.6000,2.8213,1.3169
2412.00,-0.8373,4.0266,0.9100
2412.25,-0.2652,4.5810,0.9782
2412.50,0.8229,5.0437,1.2798
2412.75,1.4193,4.4020,1.1776
2413.00,1.6989,4.1176,1.1284
2413.25,0.8747,4.3211,1.4726
2413.50,0.4460,4.2328,1.1517
2413.75,-0.9173,4.0792,0.5095
2414.00,-1.7021,4.1040,0.8057
2414.25,-2.0791,4.1159,1.2240
2414.50,-3.0306,3.7586,1.4612
2414.75,-2.5480,3.9520,1.1720
2415.00,-1.5822,4.3374,1.4148
2415.25,-0.8595,4.5824,2.1259
2415.50,-0.4722,5.6499,2.1251
2415.75,-0.0331,5.9491,2.6996
2416.00,-0.3654,5.5714,2.7862
2416.25,0.0872,5.4106,2.9137
2416.50,0.6466,5.4004,2.8141
2416.75,1.2388,5.0727,2.2864
2417.00,1.3063,4.9576,2.6418
2417.25,1.7833,4.1497,3.5723
2417.50,1.7017,4.4634,3.8625
2417.75,1.2228,5.0777,3.8257
2418.00,1.7604,5.6299,3.8061
2418.25,1.0649,5.2303,3.6867
2418.50,-0.1328,4.6860,3.4137
2418.75,0.2062,4.3895,3.2013
2419.00,0.9058,4.2420,3.0814
2419.25,1.5877,4.3860,2.4322
2419.50,2.2253,3.8934,1.8760
2419.75,1.8081,3.7882,2.5755
2420.00,2.0722,3.4759,2.5404
2420.25,1.7356,3.7034,2.7680
2420.50,1.7930,4.0955,2.8529
2420.75,2.3031,4.4462,2.8744
2421.00,3.2072,4.6549,2.4340
2421.25,3.8237,4.6158,2.2025
2421.50,2.7985,4.2278,1.9405
2421.75,3.0053,3.6040,1.5906
2422.00,1.7174,3.2519,1.4837
2422.25,1.0624,3.3189,1.6763
2422.50,1.9433,3.3729,1.5532
2422.75,2.8897,4.0015,1.1674
2423.00,3.4662,4.2266,1.4035
2423.25,2.7629,3.5513,1.2758
2423.50,1.7171,3.4898,1.2520
2423.75,0.5713,3.6696,1.1162
2424.00,0.3007,4.1623,1.4394
2424.25,0.2757,3.7314,1.3859
2424.50,1.8239,3.6284,1.0802
2424.75,2.5080,3.1260,0.8810
2425.00,2.2501,3.1829,0.5831
2425.25,2.5926,3.0115,0.3555
2425.50,2.3994,3.8801,0.1439
2425.75,2.1010,4.0980,-0.2263
2426.00,0.9064,4.3667,-0.7063
2426.25,1.4018,4.8778,-0.6538
2426.50,2.1304,4.1367,-0.2229
2426.75,2.5724,3.5929,0.2926
2427.00,3.5618,3.5487,0.3684
2427.25,3.5523,3.0499,0.4237
2427.50,3.0769,2.7175,0.4101
2427.75,2.3784,2.3691,0.5714
2428.00,2.2146,3.2736,0.7225
2428.25,2.7475,3.3100,0.4836
2428.50,2.0196,2.9970,1.0058
2428.75,1.8613,2.7821,1.8415
2429.00,2.8890,2.3638,2.7327
2429.25,2.5196,2.4832,2.0708
2429.50,3.0624,3.2034,1.5182
2429.75,2.1483,3.6382,1.5188
2430.00,1.8142,3.9247,2.0204
2430.25,3.1589,4.1003,1.8105
2430.50,3.2456,3.6937,1.0657
2430.75,2.6259,3.4353,0.9703
2431.00,3.2245,3.7703,0.4854
2431.25,4.1489,2.9415,0.5115
2431.50,4.8191,3.3106,0.4037
2431.75,5.0376,3.1068,0.5777
2432.00,5.1722,3.5952,1.6427
2432.25,3.7419,3.6985,1.7579
2432.50,2.6562,3.6154,1.3870
2432.75,2.9809,3.2595,0.9918
2433.00,3.6174,2.5924,0.8728
2433.25,3.9826,2.2217,0.8055
2433.50,3.2074,2.1747,0.8583
2433.75,2.5858,2.3741,0.8867
2434.00,1.9797,3.1448,0.9887
2434.25,0.9881,3.3607,0.9822
2434.50,0.4927,3.3149,1.1620
2434.75,1.1143,3.2266,1.0054
2435.00,-0.3837,4.0087,0.5416
2435.25,-0.3949,3.8898,0.4445
2435.50,-0.6143,3.4868,0.4212
2435.75,-0.6909,3.6011,0.7790
2436.00,-0.3724,3.2685,0.8808
2436.25,-0.8615,2.9084,0.4560
2436.50,-0.5294,3.1311,0.2072
2436.75,-0.6534,3.5065,0.1000
2437.00,-0.7174,3.1626,-0.0956
2437.25,-1.0563,3.6855,0.1608
2437.50,-0.8279,3.5157,0.3822
2437.75,-0.5674,3.4226,0.8234
2438.00,-1.2069,3.4569,0.7043
2438.25,-1.7010,4.5671,0.1961
2438.50,-0.7206,4.9055,0.0399
2438.75,-0.8441,4.0076,0.3563
2439.00,-0.8968,3.3971,1.0761
2439.25,-0.8217,2.8783,1.1331
2439.50,-0.6191,3.1086,0.5922
2439.75,0.2292,3.3287,0.6459
2440.00,0.0838,3.1694,1.1057
2440.25,-1.6601,3.3952,1.1444
2440.50,-1.8965,4.0671,1.0545
2440.75,-1.7060,4.5026,1.2500
2441.00,-1.8810,3.2431,0.7826
2441.25,-0.9840,3.1044,-0.2503
2441.50,-0.3741,4.3069,-0.0174
2441.75,-0.1420,4.5602,0.4116
2442.00,0.3315,4.2793,0.3064
2442.25,-0.1152,5.0236,0.4358
2442.50,-0.9036,4.5438,0.1448
2442.75,-1.5172,4.4912,0.5078
2443.00,-3.1553,4.4454,-0.0079
2443.25,-4.0065,4.2028,-0.7433
2443.50,-2.9311,4.3563,-0.5575
2443.75,-1.8453,4.7748,0.2888
2444.00,-0.8583,5.4854,0.4115
2444.25,-1.0364,5.5289,0.5120
2444.50,-2.3363,4.8335,0.4828
2444.75,-2.3872,4.2647,0.3297
2445.00,-2.6679,4.3338,0.1940
2445.25,-2.9243,5.3774,0.2820
2445.50,-2.5129,6.1457,0.0112
2445.75,-2.0909,6.3817,-0.0337
2446.00,-1.7885,6.7323,-0.1593
2446.25,-2.0634,6.8076,-0.7095
2446.50,-2.4508,6.5989,-0.3359
2446.75,-2.3878,5.8927,0.8745
2447.00,-3.0775,4.9648,1.3965
2447.25,-3.9973,5.1952,1.5580
2447.50,-4.1258,4.9456,1.1523
2447.75,-4.5253,4.7830,0.6354
2448.00,-5.7018,4.4145,0.0987
2448.25,-4.8435,3.9785,-0.0585
2448.50,-3.5500,3.1619,-0.1428
2448.75,-3.4522,3.1075,-0.0186
2449.00,-3.5978,3.6606,0.2703
2449.25,-4.0164,2.8096,0.2756
2449.50,-3.3062,2.3802,-0.0594
2449.75,-3.2991,3.2194,0.1285
2450.00,-3.3827,3.3409,0.7996
2450.25,-3.2752,2.8273,0.6347
2450.50,-3.3103,1.9980,0.7332
2450.75,-3.2212,2.1388,0.4302
2451.00,-2.9416,2.7767,0.0623
2451.25,-2.5376,2.7588,0.4356
2451.50,-2.7462,2.8010,0.4297
2451.75,-2.5844,3.1235,0.3693
2452.00,-2.4938,3.0725,0.3837
2452.25,-2.8877,3.0977,0.5585
2452.50,-3.6035,3.5931,1.4279
2452.75,-4.1945,4.2156,1.9477
2453.00,-4.4536,4.2321,1.9886
2453.25,-4.6475,4.3093,1.9076
2453.50,-4.7723,4.4545,1.9279
2453.75,-3.8608,4.2105,2.2157
2454.00,-3.8491,2.5250,2.1032
2454.25,-4.0850,2.5822,1.7415
2454.50,-3.2170,3.0821,1.8523
2454.75,-2.3905,2.9137,2.2089
2455.00,-2.8053,3.9046,2.3077
2455.25,-3.5846,4.2809,2.9967
2455.50,-3.2185,4.4754,2.7876
2455.75,-3.5621,4.6203,2.7554
2456.00,-3.6239,4.9667,2.5037
2456.25,-4.1890,5.0813,2.0574
2456.50,-3.0961,4.4529,2.1927
2456.75,-2.3461,3.6651,2.0910
2457.00,-1.4481,3.0451,1.9432
2457.25,-1.4489,3.7168,2.1181
2457.50,-2.8184,3.9172,2.1040
2457.75,-3.4450,3.4761,1.9356
2458.00,-4.1437,2.2429,2.1441
2458.25,-3.9020,2.0971,2.3901
2458.50,-2.5801,2.3500,2.4340
2458.75,-2.5861,1.8936,1.7504
2459.00,-2.5085,1.9581,1.4483
2459.25,-1.2309,1.4337,1.5908
2459.50,-0.9760,1.8727,1.2997
2459.75,-1.4780,2.4630,1.3998
2460.00,-1.8680,3.0091,1.9315
2460.25,-3.1568,3.9599,1.7772
2460.50,-4.4534,4.3443,1.2550
2460.75,-4.2199,4.6431,0.6465
2461.00,-4.3517,4.9418,0.8074
2461.25,-3.9624,5.1532,0.5827
2461.50,-3.9434,4.7492,0.6483
2461.75,-3.7146,5.0363,0.6756
2462.00,-4.5945,5.4740,0.9941
2462.25,-4.9408,5.4898,1.3474
2462.50,-4.4304,5.2250,1.5154
2462.75,-5.0220,4.4423,1.2570
2463.00,-4.4979,3.8343,0.8438
2463.25,-3.5296,2.7669,0.7943
2463.50,-1.8632,2.6144,0.8441
2463.75,-0.9494,2.5340,0.6910
2464.00,-1.6066,1.2828,0.8125
2464.25,-2.8184,1.0242,0.6802
2464.50,-4.1886,1.6776,1.0021
2464.75,-3.6471,2.4212,1.2623
2465.00,-3.4638,3.0635,0.9964
2465.25,-2.9081,2.6622,1.0820
2465.50,-2.5118,2.4800,1.0101
2465.75,-2.8755,2.4133,0.4499
2466.00,-2.6931,2.1981,0.0962
2466.25,-2.1535,2.2289,0.3542
2466.50,-2.1933,1.9978,0.7098
2466.75,-2.6822,1.8109,1.4647
2467.00,-2.6846,2.3167,1.4057
2467.25,-2.4925,2.9815,1.5280
2467.50,-2.0538,2.4791,1.1136
2467.75,-2.2983,1.4924,1.3058
2468.00,-2.6506,1.2772,1.2875
2468.25,-3.2094,1.5921,0.7674
2468.50,-3.5808,1.8598,0.8059
2468.75,-3.5016,2.0377,0.4377
2469.00,-3.8325,2.4296,0.7594
2469.25,-3.7903,2.9328,0.4050
2469.50,-2.9366,1.8965,0.0054
2469.75,-3.2091,0.9011,0.3276
2470.00,-4.2957,1.2234,0.5501
2470.25,-5.0042,1.8279,0.8836
2470.50,-5.1803,2.7021,1.3733
2470.75,-5.6136,2.9664,0.9911
2471.00,-4.9298,3.5233,0.9086
2471.25,-4.3496,3.3190,1.3408
2471.50,-4.7422,3.5358,0.6234
2471.75,-5.0097,3.5296,0.3775
2472.00,-4.4061,2.9297,0.5933
2472.25,-3.7516,3.5252,0.4841
2472.50,-5.0639,2.8804,0.2844
2472.75,-5.9253,3.1898,0.2312
2473.00,-5.8467,2.5884,0.2944
2473.25,-5.4369,1.9710,0.5341
2473.50,-5.2973,2.7800,1.1301
2473.75,-6.2008,2.8368,1.1675
2474.00,-6.3326,2.7650,0.7960
2474.25,-7.4609,2.6981,0.4191
2474.50,-7.5592,2.1573,0.6234
2474.75,-6.8774,1.3558,1.4748
2475.00,-5.9242,1.1313,1.6820
2475.25,-4.8708,1.4527,1.0829
2475.50,-5.3022,1.1798,0.4296
2475.75,-5.5790,0.9137,0.4387
2476.00,-6.1353,0.9035,0.3203
2476.25,-6.0009,1.1846,0.2823
2476.50,-5.5536,1.1121,0.0402
2476.75,-5.2355,1.3904,0.2746
2477.00,-5.0770,2.0229,0.1416
2477.25,-5.5669,2.8159,-0.3638
2477.50,-5.7149,3.4134,-0.5247
2477.75,-4.9741,2.8150,-0.0672
2478.00,-5.5184,2.2324,-0.3511
2478.25,-5.7753,3.0233,-0.4458
2478.50,-5.5076,3.2200,-0.2964
2478.75,-5.1850,3.6106,0.3256
2479.00,-4.6954,2.9783,0.1619
2479.25,-4.2243,2.0176,-0.1497
2479.50,-4.0822,1.4285,-0.3023
2479.75,-4.3520,0.2534,-0.4873
2480.00,-3.4530,-0.0371,-0.7393
2480.25,-3.7232,0.7485,-0.8380
2480.50,-3.8253,1.2833,-0.8730
2480.75,-3.4923,1.8418,-1.8337
2481.00,-4.3596,2.2166,-2.1810
2481.25,-4.2735,2.4413,-2.0184
2481.50,-3.7411,3.2116,-1.3419
2481.75,-3.9556,3.5292,-1.6435
2482.00,-5.1218,2.9418,-1.6841
2482.25,-4.4329,2.3050,-1.7067
2482.50,-3.4537,2.8912,-1.7495
2482.75,-3.8147,3.0864,-1.8503
2483.00,-4.3020,3.3394,-2.4235
2483.25,-5.3378,3.3735,-2.1859
2483.50,-5.3496,3.9633,-2.1700
2483.75,-5.3010,3.9332,-2.3263
2484.00,-4.2088,3.3609,-2.7754
2484.25,-3.7396,3.3186,-2.6519
2484.50,-3.2983,4.3522,-2.3482
2484.75,-3.4236,4.9418,-2.4154
2485.00,-4.2826,4.8016,-1.9775
2485.25,-5.1181,4.2550,-1.3888
2485.50,-4.4734,3.8679,-1.0438
2485.75,-4.5530,4.1287,-1.1177
2486.00,-4.6768,4.1725,-1.9739
2486.25,-3.6635,3.7086,-2.1715
2486.50,-3.5549,3.4852,-1.9335
2486.75,-3.7424,4.1398,-1.3692
2487.00,-4.7089,3.9335,-1.2562
2487.25,-5.6893,3.3646,-1.2187
2487.50,-6.1237,2.9807,-1.7646
2487.75,-5.9689,2.5936,-1.5889
2488.00,-6.2130,2.2991,-1.2973
2488.25,-6.3536,2.1194,-1.7758
2488.50,-6.0277,2.1805,-2.4624
2488.75,-5.7501,1.9025,-3.2267
2489.00,-5.6403,2.0505,-2.8464
2489.25,-4.9561,3.4360,-2.2930
2489.50,-4.9232,3.3695,-2.2096
2489.75,-5.0826,2.8752,-2.0173
2490.00,-5.3300,2.5571,-1.5621
2490.25,-5.1307,2.5613,-2.0733
2490.50,-4.2311,2.4051,-2.6325
2490.75,-4.1238,2.7103,-2.4519
2491.00,-3.7852,2.9547,-1.7381
2491.25,-4.2127,3.1894,-1.4631
2491.50,-5.7553,1.8805,-1.7605
2491.75,-5.2124,0.8946,-1.7903
2492.00,-5.4063,1.3816,-1.5862
2492.25,-5.3693,1.6437,-1.6513
2492.50,-4.1837,1.6109,-0.8595
2492.75,-4.3782,1.7259,-1.0667
2493.00,-5.4387,2.4406,-1.4211
2493.25,-6.8056,1.8405,-1.5275
2493.50,-6.4036,0.6242,-1.2342
2493.75,-6.5987,0.4480,-0.5297
2494.00,-6.1712,0.8557,-0.1512
2494.25,-6.3214,0.8449,-0.4017
2494.50,-7.1088,0.7755,-0.5377
2494.75,-7.2494,1.1405,-0.6982
2495.00,-6.8683,0.9336,-1.0816
2495.25,-7.5585,1.7210,-1.4344
2495.50,-7.8631,2.1289,-1.6424
2495.75,-7.5120,2.1243,-1.1542
2496.00,-6.5366,1.7954,-0.0568
2496.25,-7.0219,2.0149,0.2700
2496.50,-7.2079,1.7015,0.4500
2496.75,-7.5427,1.4715,0.1801
2497.00,-8.3724,1.3237,0.0015
2497.25,-8.2449,0.8238,-0.5974
2497.50,-7.7354,0.7064,-0.2205
2497.75,-8.0245,1.1363,-0.5216
2498.00,-7.2238,1.1371,-0.4235
2498.25,-7.1775,0.3398,-0.6169
2498.50,-7.1417,0.1971,-0.8879
2498.75,-7.3643,-0.5175,-1.0626
2499.00,-6.7551,-1.0767,-2.0596
2499.25,-6.2519,-1.1595,-1.7683
2499.50,-6.1259,-1.9950,-1.2567
2499.75,-7.2939,-1.7955,-1.4984
2500.00,-8.2443,-1.7090,-1.8390
2500.25,-8.3040,-2.0044,-1.9315
2500.50,-8.1237,-1.4922,-1.9698
2500.75,-7.0582,-1.0071,-2.4552
2501.00,-6.0649,-1.3255,-2.7050
2501.25,-5.6166,-2.0837,-2.4620
2501.50,-5.1015,-2.8605,-2.4346
2501.75,-5.8287,-2.2915,-2.5127
2502.00,-6.9668,-1.0373,-1.6255
2502.25,-7.1534,0.0659,-1.1891
2502.50,-7.7372,0.4671,-1.1961
2502.75,-8.1328,0.4773,-1.1309
2503.00,-8.6113,0.9018,-0.8985
2503.25,-8.3699,1.1507,-0.6718
2503.50,-7.9885,1.4081,-0.2413
2503.75,-8.1379,1.3748,-0.2084
2504.00,-7.4728,1.1686,-0.1065
2504.25,-6.5211,1.0814,0.3992
2504.50,-6.6458,0.8213,0.5536
2504.75,-6.0924,-0.0618,0.4640
2505.00,-5.9587,-0.6305,0.4544
2505.25,-5.7824,-0.8643,0.5277
2505.50,-6.0112,-0.9280,0.2859
2505.75,-6.5628,-0.4791,-0.0047
2506.00,-6.8069,0.4520,-0.4136
2506.25,-7.2287,0.2419,-0.6305
2506.50,-6.8134,0.0332,-1.0316
2506.75,-6.6924,-0.2493,-0.7876
2507.00,-6.9132,-0.5134,-0.7225
2507.25,-6.2561,-0.0888,-0.9520
2507.50,-6.6206,-0.4286,-0.6370
2507.75,-6.4251,-1.3691,-0.1629
2508.00,-4.8882,-2.4185,-0.2632
2508.25,-4.5494,-1.9638,0.3782
2508.50,-4.7879,-0.8505,-0.0734
2508.75,-5.2178,-0.3887,-0.7011
2509.00,-4.6035,-0.8112,-0.9698
2509.25,-4.2280,-0.8320,-1.5432
2509.50,-5.3187,-0.2252,-1.7610
2509.75,-6.0781,-0.5577,-1.5970
2510.00,-5.4539,-0.8647,-1.2826
2510.25,-5.7850,-1.4292,-1.1266
2510.50,-6.2603,-1.6749,-1.3418
2510.75,-6.4582,-2.2892,-1.6912
2511.00,-6.2574,-1.9308,-1.9761
2511.25,-5.7694,-1.9766,-2.0322
2511.50,-5.3987,-1.1733,-1.6694
2511.75,-4.8803,-0.4931,-1.9705
2512.00,-4.7991,-0.3872,-1.4580
2512.25,-5.4826,0.1112,-0.5922
2512.50,-5.8717,0.6560,-0.6944
2512.75,-5.9505,-0.0872,-1.1786
2513.00,-5.9198,-0.2239,-1.3873
2513.25,-5.1828,-0.3547,-1.2489
2513.50,-4.6072,-0.3280,-1.0759
2513.75,-4.4225,-0.1362,-0.9635
2514.00,-4.7693,-0.1572,-1.1949
2514.25,-5.2477,-0.7518,-0.9749
2514.50,-5.4729,-1.5081,-0.9208
2514.75,-5.5680,-2.7529,-1.1375
2515.00,-5.3729,-3.1621,-1.0617
2515.25,-5.1785,-2.9497,-0.8176
2515.50,-4.4168,-3.0172,-0.7767
2515.75,-3.5344,-3.3764,-0.5755
2516.00,-3.3888,-3.2508,-0.4264
2516.25,-3.2520,-3.3311,-0.1102
2516.50,-4.2262,-3.5275,0.0955
2516.75,-3.7311,-4.2828,0.0796
2517.00,-3.1109,-4.3687,0.3488
2517.25,-2.3738,-4.3624,-0.0855
2517.50,-2.1460,-4.0689,-0.6414
2517.75,-2.0569,-4.1577,-0.5381
2518.00,-2.2515,-3.9097,-0.2255
2518.25,-2.3814,-3.2608,-1.0229
2518.50,-3.1925,-3.4334,-1.6333
2518.75,-4.3991,-3.6345,-1.6938
2519.00,-4.1302,-4.2921,-1.5213
2519.25,-3.4490,-5.2200,-1.2069
2519.50,-3.0782,-5.0796,-1.5302
2519.75,-2.9157,-5.0283,-1.2538
2520.00,-1.7368,-4.7710,-1.1268
2520.25,-1.7948,-5.4614,-1.4506
2520.50,-2.3303,-5.8463,-1.8324
2520.75,-2.4212,-5.8050,-2.3465
2521.00,-2.9214,-5.2852,-2.1997
2521.25,-2.4382,-4.9330,-2.1693
2521.50,-2.2062,-4.8963,-1.5065
2521.75,-2.9102,-5.2758,-1.2066
2522.00,-2.6321,-5.5806,-1.3799
2522.25,-2.5178,-5.5430,-1.5521
2522.50,-3.0443,-4.7668,-1.7643
2522.75,-3.0861,-5.2077,-1.5889
2523.00,-3.5606,-5.4667,-1.4906
2523.25,-2.9630,-4.7595,-1.4394
2523.50,-1.9695,-4.1581,-1.5623
2523.75,-1.7425,-4.0860,-1.3972
2524.00,-2.4863,-4.6885,-1.2871
2524.25,-2.9523,-4.8206,-0.9954
2524.50,-2.0142,-4.2068,-0.6410
2524.75,-2.6562,-4.2530,-0.6151
2525.00,-3.5995,-3.9622,-0.6017
2525.25,-4.1758,-3.5747,-0.3072
2525.50,-4.2100,-3.2549,-0.3429
2525.75,-4.7420,-3.6085,-0.8426
2526.00,-5.4875,-3.4940,-1.1354
2526.25,-5.9560,-3.2441,-1.1524
2526.50,-6.1741,-3.3477,-1.1510
2526.75,-5.1294,-3.7032,-1.4618
2527.00,-3.7702,-4.2373,-1.1037
2527.25,-3.7252,-4.7486,-1.2327
2527.50,-3.8499,-4.1834,-1.7267
2527.75,-4.3007,-3.7048,-2.2461
2528.00,-5.0494,-3.8183,-2.1826
2528.25,-5.6579,-3.4565,-2.2897
2528.50,-5.1219,-3.6985,-2.1341
2528.75,-5.7769,-3.2429,-2.0792
2529.00,-5.2249,-3.6172,-2.0274
2529.25,-3.9526,-3.7140,-1.7448
2529.50,-3.6119,-3.4510,-1.2094
2529.75,-3.2722,-3.0305,-1.0736
2530.00,-3.9304,-2.7427,-0.9417
2530.25,-4.4047,-1.9492,-0.7930
2530.50,-4.3657,-1.9905,-1.3019
2530.75,-3.6180,-2.6184,-1.5689
2531.00,-3.8074,-4.0345,-1.5040
2531.25,-4.0761,-4.6002,-1.5402
2531.50,-2.3346,-3.8497,-1.9965
2531.75,-2.8153,-3.5945,-2.0548
2532.00,-2.9240,-2.6454,-1.3475
2532.25,-2.2061,-2.9884,-0.9385
2532.50,-1.9581,-3.3860,-0.8335
2532.75,-2.4087,-3.8857,-0.3088
2533.00,-3.0338,-4.0861,-0.0562
2533.25,-3.2350,-3.9705,0.7423
2533.50,-2.7388,-3.6111,0.9259
2533.75,-2.3394,-3.0870,0.5429
2534.00,-2.5721,-3.0847,-0.0378
2534.25,-3.0891,-3.0879,-0.3374
2534.50,-2.3431,-2.8910,-0.5906
2534.75,-1.7851,-2.1443,-0.8636
2535.00,-0.9134,-1.9422,-0.5200
2535.25,-0.8684,-1.4813,-0.1182
2535.50,-1.5364,-1.1616,0.4607
2535.75,-1.9744,-0.9731,0.4127
2536.00,-1.4418,-1.6717,0.1889
2536.25,-0.2730,-2.1410,-0.4840
2536.50,-0.2420,-1.6959,-0.9025
2536.75,-1.2577,-1.3615,-0.8501
2537.00,-0.9050,-1.8241,-0.7891
2537.25,-0.3448,-2.1143,-0.4841
2537.50,-1.2397,-2.3368,-0.2351
2537.75,-0.9599,-2.2786,-0.0647
2538.00,-1.5301,-2.6552,0.0960
2538.25,-2.3089,-2.7302,0.0262
2538.50,-1.4506,-2.9255,0.3866
2538.75,0.3660,-2.8557,0.6246
2539.00,1.8632,-2.4700,0.5924
2539.25,1.5639,-2.3670,0.9034
2539.50,-0.6180,-1.4136,1.1997
2539.75,-1.5153,-1.0182,1.4551
2540.00,-1.0924,-1.4433,1.3955
2540.25,-1.6855,-1.6337,1.5032
2540.50,-2.1740,-1.7924,1.5452
2540.75,-1.9082,-1.8840,1.6704
2541.00,-2.1183,-1.6650,1.7621
2541.25,-2.8002,-1.4612,1.2887
2541.50,-4.0946,-1.8245,0.3370
2541.75,-4.7313,-1.4954,0.1273
2542.00,-4.3359,-1.5892,0.0129
2542.25,-3.0610,-1.7724,-0.1199
2542.50,-3.9217,-2.1807,-0.7606
2542.75,-4.5104,-3.2337,-0.5503
2543.00,-4.9936,-3.9147,0.2987
2543.25,-5.3448,-4.0419,0.4729
2543.50,-5.5843,-3.9859,0.2701
2543.75,-5.4863,-3.9019,0.1894
2544.00,-5.6768,-4.3900,-0.3639
2544.25,-5.1220,-4.9893,-0.6525
2544.50,-5.5947,-4.4807,-1.1656
2544.75,-5.3323,-4.1331,-1.0211
2545.00,-4.8774,-3.3305,-0.8756
2545.25,-3.6993,-3.2706,-0.5848
2545.50,-2.7356,-3.2456,-0.4083
2545.75,-3.3293,-2.6850,-0.5187
2546.00,-3.9308,-2.4319,0.3512
2546.25,-4.1011,-2.3246,0.1221
2546.50,-3.9274,-2.4400,-0.6356
2546.75,-4.1894,-2.6938,-1.2124
2547.00,-4.1990,-2.9716,-0.8719
2547.25,-4.2893,-3.3501,-0.0650
2547.50,-4.1520,-3.1440,0.4037
2547.75,-3.8959,-2.8226,0.4039
2548.00,-3.6990,-2.2689,0.5107
2548.25,-2.7529,-1.8048,0.5972
2548.50,-3.4713,-2.0505,1.1728
2548.75,-2.8448,-1.8625,0.5724
2549.00,-2.8070,-1.8517,-0.0354
2549.25,-3.2216,-2.5661,-0.0602
2549.50,-3.6700,-2.5062,0.0164
2549.75,-3.3344,-2.3319,-0.1497
2550.00,-3.0358,-2.2625,-0.9403
2550.25,-2.6631,-2.4747,-1.1350
2550.50,-2.8942,-2.1256,-1.4356
2550.75,-2.3554,-2.0198,-1.2247
2551.00,-1.5940,-1.6776,-1.4433
2551.25,-1.1267,-1.7372,-0.8823
2551.50,-1.6458,-1.5513,-1.0310
2551.75,-1.8233,-1.0243,-1.6093
2552.00,-0.9726,-0.3499,-1.9028
2552.25,-0.6802,-0.3051,-1.3885
2552.50,-0.6990,-0.3376,-1.4107
2552.75,-1.0881,-1.2414,-1.4998
2553.00,-1.4837,-1.2238,-1.4858
2553.25,-1.5769,-0.3560,-1.3371
2553.50,-1.4182,-0.4636,-1.6605
2553.75,-1.0677,-0.0670,-1.6721
2554.00,-0.4645,-0.1791,-1.3853
2554.25,-0.9677,0.0945,-1.3214
2554.50,-1.6836,0.0058,-0.8847
2554.75,-1.5782,-0.3506,-0.3624
2555.00,-1.4953,-1.7114,-0.2285
2555.25,-1.9470,-2.1682,-0.0875
2555.50,-2.3368,-1.6895,-0.2956
2555.75,-1.9427,-0.4920,0.2439
2556.00,-2.5138,-1.0202,0.6023
2556.25,-3.3150,-2.1101,0.5168
2556.50,-4.0968,-2.1599,0.3395
2556.75,-3.8078,-1.6936,0.2013
2557.00,-4.1743,-0.6715,0.4532
2557.25,-3.7983,-0.8617,0.7887
2557.50,-3.9571,-0.4425,1.1355
2557.75,-3.9464,-0.4229,0.8713
2558.00,-3.9383,-0.0941,0.9051
2558.25,-4.1991,0.0319,1.4170
2558.50,-3.7513,-0.3670,1.8551
2558.75,-4.0503,-0.7413,1.9982
2559.00,-3.9247,-1.2585,1.4631
2559.25,-3.4924,-1.1703,1.2656
2559.50,-3.5429,-0.5321,1.0433
2559.75,-3.7007,-0.4871,1.2463
2560.00,-3.8931,-0.4412,1.3181
2560.25,-3.2784,-1.0500,1.3476
2560.50,-3.0424,-2.5457,1.0538
2560.75,-3.3388,-3.2299,0.9068
2561.00,-3.9893,-2.5976,0.7597
2561.25,-3.8256,-1.9635,0.0566
2561.50,-4.1409,-2.1134,-0.0488
2561.75,-4.4918,-2.9961,0.0219
2562.00,-5.0034,-3.4510,0.7658
2562.25,-4.4405,-3.7587,0.9366
2562.50,-4.5801,-3.9098,1.2058
2562.75,-4.1981,-3.0981,1.8166
2563.00,-3.0870,-1.7539,1.8449
2563.25,-2.5934,-1.2133,1.8749
2563.50,-3.2076,-1.4496,2.0399
2563.75,-3.4354,-1.0047,1.8678
2564.00,-3.6540,-1.6343,1.2400
2564.25,-3.9848,-2.3457,1.0456
2564.50,-2.5589,-1.8996,1.4422
2564.75,-1.5497,-1.3262,1.5127
2565.00,-1.6383,-1.6429,1.1650
2565.25,-2.6001,-1.9170,1.1194
2565.50,-3.2811,-2.4429,1.2675
2565.75,-2.5551,-2.9627,1.4559
2566.00,-2.4787,-3.3511,1.9843
2566.25,-1.7270,-3.4278,2.3225
2566.50,-1.2020,-2.9710,2.3209
2566.75,-0.7236,-1.5954,2.6629
2567.00,0.3985,-1.3242,2.6989
2567.25,0.9935,-1.1124,2.7988
2567.50,1.0093,-0.5434,1.9414
2567.75,0.5244,-0.3946,1.2204
2568.00,-0.0324,-0.6013,1.5590
2568.25,-0.3315,-0.8536,1.9800
2568.50,-0.0156,-0.5557,1.7715
2568.75,0.9882,-0.2272,2.0465
2569.00,1.6499,-0.2054,2.8962
2569.25,0.8565,-0.1826,2.2126
2569.50,0.0108,-0.1875,2.2152
2569.75,-1.3002,0.5710,2.0160
2570.00,-1.9095,0.7147,1.9650
2570.25,-1.8620,0.3154,2.3358
2570.50,-0.7017,-0.1633,1.8433
2570.75,0.1708,0.0772,1.8063
2571.00,-0.0215,0.6175,1.5847
2571.25,-0.9993,0.9554,1.6545
2571.50,-1.4464,0.3880,1.8316
2571.75,-2.1713,0.9515,1.4809
2572.00,-3.5566,0.5178,1.1238
2572.25,-2.9768,0.7992,1.0755
2572.50,-2.4816,1.5736,1.3258
2572.75,-2.1569,1.4405,2.2869
2573.00,-2.1028,1.8271,2.4623
2573.25,-0.9630,1.6592,1.8685
2573.50,0.1421,1.2648,1.7413
2573.75,0.6264,0.7035,1.0378
2574.00,0.8889,0.6755,1.0608
2574.25,0.9529,1.0670,1.5212
2574.50,2.0173,1.0874,1.6020
2574.75,2.1070,1.3222,2.0368
2575.00,2.0887,1.5731,1.6448
2575.25,1.9836,2.0344,0.9430
2575.50,2.7642,1.3548,0.6857
2575.75,3.5148,-0.0238,0.6523
2576.00,3.9747,-0.8441,0.4247
2576.25,3.5698,0.0416,0.7116
2576.50,2.4100,0.1484,0.7529
2576.75,2.4741,0.1029,1.1047
2577.00,2.2217,-0.1419,1.5373
2577.25,1.6501,-0.2926,1.4286
2577.50,0.4175,0.0007,1.3815
2577.75,0.7229,-0.3894,1.4347
2578.00,0.7622,-0.7715,1.2912
2578.25,0.0186,-0.2131,0.7241
2578.50,-0.3105,-0.6445,0.7026
2578.75,-0.6101,-0.7424,0.9934
2579.00,-1.2363,-0.6827,0.2093
2579.25,-2.1829,0.0855,0.0170
2579.50,-2.5945,-0.4800,-0.0866
2579.75,-2.7726,-0.2504,-0.6436
2580.00,-3.2413,-0.6695,-0.3395
2580.25,-2.9414,-0.1106,-0.0693
2580.50,-1.4672,0.7189,0.6948
2580.75,-0.8720,0.6455,1.0703
2581.00,-1.9161,-0.2034,0.7522
2581.25,-1.9847,-0.4403,0.4407
2581.50,-2.7496,-0.8561,0.7762
2581.75,-2.7591,-0.3489,1.2766
2582.00,-2.6131,0.2013,1.2659
2582.25,-3.8986,0.6930,0.5873
2582.50,-4.3096,0.7343,1.0507
2582.75,-4.5202,1.2071,1.3310
2583.00,-4.2742,0.9843,1.0348
2583.25,-3.3855,-0.0563,1.0286
2583.50,-2.7784,-1.2132,1.4706
2583.75,-1.1066,-1.2150,1.7155
2584.00,-1.4265,-1.7239,1.8227
2584.25,-1.8565,-2.3291,1.5019
2584.50,-1.5589,-2.1732,0.9718
2584.75,-1.7546,-2.3486,-0.1944
2585.00,-1.7336,-1.6648,-1.0204
2585.25,-1.1729,-1.8911,-0.9469
2585.50,-0.3049,-2.2588,-0.2550
2585.75,0.5951,-2.5636,-0.0665
2586.00,1.9302,-3.2843,-0.4631
2586.25,1.2515,-3.2198,-0.3977
2586.50,0.2005,-3.4096,0.3013
2586.75,-0.6673,-2.9233,0.0787
2587.00,-2.1109,-2.5363,-0.3028
2587.25,-1.9464,-2.9315,-0.0741
2587.50,-1.1691,-2.6966,0.0482
2587.75,-0.0470,-2.7730,-0.6593
2588.00,0.9582,-1.9504,-0.9310
2588.25,-0.4458,-1.9468,-0.4897
2588.50,-0.0342,-2.3957,-0.6074
2588.75,0.0693,-2.2309,-0.8821
2589.00,-0.8606,-1.7600,-0.7516
2589.25,-0.8743,-1.1714,-0.4487
2589.50,0.0488,-1.6836,0.3870
2589.75,-0.3629,-1.9114,0.1752
2590.00,-1.1632,-2.4052,0.4700
2590.25,-0.9585,-2.2143,0.3097
2590.50,-0.3941,-1.9352,0.6458
2590.75,-0.0288,-1.5105,0.2845
2591.00,-0.6566,-2.0172,-0.1290
2591.25,-0.9152,-2.6423,0.1065
2591.50,-0.7802,-1.7243,0.0299
2591.75,-0.4335,-1.0025,0.4381
2592.00,-0.3711,-0.2333,0.4111
2592.25,-0.6883,-0.0546,0.4617
2592.50,-0.8301,-0.5067,0.3492
2592.75,-1.0538,-0.6410,0.6869
2593.00,-1.5026,-0.2804,0.7849
2593.25,-1.8962,-1.3636,0.3985
2593.50,-2.8012,-1.7716,-0.4422
2593.75,-2.0587,-1.4143,-0.6077
2594.00,-1.5845,-1.3127,0.1795
2594.25,-0.6901,-1.1127,0.3566
2594.50,0.5451,-0.8384,0.3692
2594.75,0.6363,-1.2252,0.2271
2595.00,0.9042,-1.5960,-0.0020
2595.25,1.1958,-1.6683,0.3216
2595.50,1.0618,-1.6179,-0.1564
2595.75,0.5030,-1.9697,0.2337
2596.00,0.0887,-1.9566,1.0408
2596.25,-0.4570,-2.1324,1.3402
2596.50,-1.4017,-2.4890,1.1376
2596.75,-1.5162,-2.4301,1.3989
2597.00,-1.8081,-2.6563,0.8726
2597.25,-0.5704,-2.5767,0.6772
2597.50,0.2935,-3.0033,0.6810
2597.75,0.5165,-2.5864,0.5419
2598.00,0.6737,-2.1948,0.9937
2598.25,1.1005,-2.3919,0.5391
2598.50,1.4501,-2.1201,0.8809
2598.75,0.0307,-1.5205,1.0029
2599.00,-0.6105,-1.6325,0.8795
2599.25,-1.4148,-1.6785,0.4344
2599.50,-1.0581,-2.0468,0.1814
2599.75,-0.9201,-2.2842,0.5101
2600.00,-0.5612,-2.9060,0.6271
2600.25,-1.0786,-3.8745,0.9188
2600.50,-1.1502,-3.3415,1.3024
2600.75,-0.8568,-3.2790,1.3070
2601.00,-0.5740,-4.3461,1.2185
2601.25,-0.7679,-4.4146,1.1609
2601.50,-0.1198,-5.0659,0.9966
2601.75,0.5143,-5.1467,1.0224
2602.00,-0.1194,-4.7163,0.8699
2602.25,-0.8509,-4.0891,1.0703
2602.50,-1.7193,-3.5778,1.6480
2602.75,-2.2983,-3.3634,1.8287
2603.00,-2.2962,-3.3259,1.5277
2603.25,-1.8178,-3.0807,1.9663
2603.50,-1.9295,-2.2282,2.3785
2603.75,-1.5752,-2.7975,2.1476
2604.00,-0.4202,-3.0839,2.0327
2604.25,0.0224,-3.1761,1.6645
2604.50,-0.4722,-2.8376,1.6522
2604.75,-0.6153,-2.8825,1.5069
2605.00,-1.2596,-3.2340,1.3392
2605.25,-1.5018,-2.8724,1.3476
2605.50,-1.4042,-3.1929,1.3502
2605.75,-1.1482,-3.4005,1.5382
2606.00,-0.9362,-3.0889,1.8202
2606.25,-0.3842,-3.5953,1.4133
2606.50,-0.1979,-4.6660,1.1237
2606.75,-0.4498,-5.1311,1.7633
2607.00,-0.4859,-5.1178,1.7561
2607.25,-0.2059,-4.7106,1.4982
2607.50,-0.4894,-4.3468,1.8347
2607.75,-0.7999,-4.3530,2.4367
2608.00,-0.4514,-4.0690,2.5768
2608.25,-0.3658,-4.5369,2.5440
2608.50,-1.1640,-5.1930,2.6209
2608.75,-1.1858,-5.4992,3.1911
2609.00,-1.3695,-4.9379,2.7293
2609.25,-1.2965,-4.4956,2.0695
2609.50,-0.7069,-3.7403,2.2235
2609.75,-1.4590,-2.9232,2.1248
2610.00,-1.5716,-3.7444,1.6082
2610.25,-1.2009,-3.7837,1.8173
2610.50,-0.8995,-3.8844,1.7503
2610.75,-0.4708,-3.7873,1.3600
2611.00,-0.7448,-3.5870,1.4445
2611.25,-1.9548,-3.8713,1.4372
2611.50,-2.9100,-3.2662,1.4750
2611.75,-3.5386,-2.9811,1.4730
2612.00,-3.5485,-3.2579,1.1155
2612.25,-2.9530,-3.9533,1.2019
2612.50,-3.2767,-4.0985,1.4081
2612.75,-3.3479,-4.2895,1.5884
2613.00,-3.3424,-3.1326,1.4563
2613.25,-4.5130,-2.6481,1.1579
2613.50,-5.1756,-3.6776,0.8358
2613.75,-4.6715,-4.7250,0.6019
2614.00,-3.1705,-5.7484,-0.0761
2614.25,-2.7440,-5.7689,-0.6185
2614.50,-2.9092,-5.2256,-0.8902
2614.75,-2.5688,-4.5173,-0.6697
2615.00,-3.0930,-4.4402,0.1122
2615.25,-3.2172,-3.8445,0.7695
2615.50,-2.9292,-3.0884,0.6981
2615.75,-2.0485,-3.6068,0.1287
2616.00,-1.5674,-4.2369,-0.2103
2616.25,-1.4176,-4.2315,-0.0948
2616.50,-1.3474,-3.8351,-0.1778
2616.75,-2.1472,-3.5822,-0.0939
2617.00,-3.6335,-3.2190,-0.7339
2617.25,-3.6701,-3.4052,-0.7558
2617.50,-2.9031,-3.8336,-0.6049
2617.75,-2.1251,-4.4843,-0.9582
2618.00,-1.4818,-4.6490,-0.9417
2618.25,-1.6235,-4.2586,-0.8931
2618.50,-2.3411,-3.3105,-0.4746
2618.75,-3.7813,-3.3450,-0.1474
2619.00,-3.5233,-3.1319,0.0333
2619.25,-3.3376,-2.7888,0.5676
2619.50,-2.6198,-1.9575,0.7641
2619.75,-1.4700,-1.0166,0.7020
2620.00,-1.1054,-1.3538,0.4549
2620.25,-1.0346,-1.9772,0.0815
2620.50,-1.9722,-1.5066,-0.0234
2620.75,-2.3679,-0.8053,-0.3998
2621.00,-2.0825,-0.0109,-0.2539
2621.25,-2.7183,-0.4352,0.2180
2621.50,-3.2990,-1.1095,0.5199
2621.75,-3.7593,-0.7689,0.6984
2622.00,-3.6842,-0.5594,0.7166
2622.25,-4.0184,-1.0017,0.2486
2622.50,-3.7034,-0.7170,-0.0905
2622.75,-3.2056,-0.3754,0.0725
2623.00,-4.4690,-0.4089,0.3398
2623.25,-4.3498,0.4195,0.5306
2623.50,-4.0118,0.4597,0.8829
2623.75,-3.6039,0.0428,0.8603
2624.00,-3.0643,0.1850,1.0038
2624.25,-2.1506,0.8063,1.1243
2624.50,-0.9464,0.5434,0.7475
2624.75,-0.7325,0.6416,0.5546
2625.00,-0.6624,0.7993,0.4102
2625.25,-0.9411,1.0104,0.4881
2625.50,-1.2124,1.3436,0.3077
2625.75,-1.0324,1.3084,0.4593
2626.00,-0.8143,0.9479,0.3322
2626.25,-1.3485,0.2889,0.2869
2626.50,-1.2331,0.6149,-0.2500
2626.75,-1.6370,0.6301,-0.3840
2627.00,-2.1188,0.1207,-0.4162
2627.25,-2.2076,-0.3903,-0.0228
2627.50,-2.3506,-0.9641,0.1126
2627.75,-2.0415,-1.3153,-0.0203
2628.00,-1.6987,-0.7872,0.1270
2628.25,-0.5790,-0.6268,-0.2516
2628.50,-1.0094,-0.1495,-1.1002
2628.75,-1.3543,0.0853,-1.1593
2629.00,-1.4167,0.9519,-0.5734
2629.25,-1.1929,1.5742,0.1163
2629.50,-0.7880,1.4430,0.1825
2629.75,-0.1860,1.8332,0.2109
2630.00,0.0017,1.8924,0.1970
2630.25,0.0568,1.2835,0.3371
2630.50,-0.9791,1.5131,0.5397
2630.75,-0.8052,1.8184,0.0166
2631.00,-0.2209,1.8093,0.0239
2631.25,0.5137,2.5784,-0.5523
2631.50,-0.8324,2.5821,-1.0598
2631.75,-0.6045,2.6551,-0.7989
2632.00,1.2649,2.9991,-0.8943
2632.25,1.1149,3.2065,-1.2056
2632.50,0.5098,2.5209,-1.2412
2632.75,0.2603,2.4602,-1.4093
2633.00,0.2141,2.3199,-0.9960
2633.25,0.1859,1.6156,-0.5836
2633.50,-0.6791,0.6131,-0.5855
2633.75,-0.0946,0.3277,-0.7377
2634.00,-0.1347,-0.8021,-0.3993
2634.25,-0.9791,-0.9203,-0.4152
2634.50,-0.7100,-0.4791,-0.2243
2634.75,-0.9087,0.3136,-0.2378
2635.00,-1.7555,0.3674,0.1249
2635.25,-1.7793,-0.1661,0.5556
2635.50,-0.9078,-0.4058,0.2922
2635.75,-0.7734,0.0628,0.1202
2636.00,-0.9154,0.3772,0.0838
2636.25,0.3473,0.2260,-0.0034
2636.50,0.8392,0.0380,0.7017
2636.75,0.4307,-0.0787,0.9057
2637.00,0.3608,0.6590,0.9972
2637.25,-0.3229,1.4953,1.1222
2637.50,-1.1821,0.9198,1.2338
2637.75,-1.2029,0.7055,1.2191
2638.00,-1.5841,0.4863,1.4886
2638.25,-1.8030,1.0675,1.0414
2638.50,-1.8373,1.7038,1.3397
2638.75,-0.9881,2.2300,1.4460
2639.00,-0.2118,2.5439,1.4833
2639.25,0.8031,2.4714,1.4933
2639.50,0.3440,1.1737,2.1046
2639.75,-1.1132,0.8037,2.5227
2640.00,-2.0019,0.2593,2.7820
2640.25,-2.2156,0.6559,2.6607
2640.50,-1.6138,0.4284,2.4503
2640.75,-0.8201,0.6787,2.1535
2641.00,-1.6503,0.7154,2.0617
2641.25,-1.9743,0.6977,2.2874
2641.50,-1.4197,0.7692,2.2283
2641.75,-2.0247,0.3104,2.7833
2642.00,-3.0846,0.4696,3.0380
2642.25,-2.5172,1.1845,2.6987
2642.50,-1.7806,0.3713,2.2398
2642.75,-1.2238,-0.1689,1.8774
2643.00,-1.2224,-0.7038,2.1492
2643.25,-2.1986,-0.9409,2.4401
2643.50,-2.0064,-1.3725,2.0106
2643.75,-1.3945,-1.6463,1.2937
2644.00,-0.2929,-1.6598,1.0625
2644.25,0.6966,-1.9661,1.3098
2644.50,0.1532,-1.7609,2.0643
2644.75,1.2017,-1.0065,2.3040
2645.00,1.2533,-0.9700,2.0930
2645.25,0.8556,-1.1219,2.1024
2645.50,-0.6979,-0.4962,1.9260
2645.75,-2.1954,-0.8603,1.1772
2646.00,-3.1088,-0.9280,0.9033
2646.25,-3.5825,-1.4735,1.0015
2646.50,-4.7550,-2.2373,0.8023
2646.75,-5.0603,-2.5388,1.0958
2647.00,-4.1367,-2.7789,1.6218
2647.25,-2.7156,-2.0680,1.7242
2647.50,-2.2631,-1.4237,2.5127
2647.75,-2.3847,-1.5231,2.9591
2648.00,-3.0478,-2.2296,2.5743
2648.25,-3.6530,-1.5496,2.2198
2648.50,-3.5356,-1.4100,1.7721
2648.75,-2.4668,-1.6823,1.6294
2649.00,-1.5679,-1.3098,1.1806
2649.25,-1.9031,-0.9692,1.2043
2649.50,-1.4496,-0.0243,1.3674
2649.75,-1.3098,0.1301,1.5322
2650.00,-0.9303,-0.6058,1.1599
2650.25,-0.9438,-1.0977,0.3693
2650.50,-0.0795,-0.8815,0.1237
2650.75,1.4729,-1.0125,0.2668
2651.00,3.1464,-1.0510,0.8185
2651.25,3.1541,-1.1160,0.7904
2651.50,2.6553,-1.6226,0.3307
2651.75,2.8396,-1.6682,0.1824
2652.00,1.9536,-2.1574,0.0078
2652.25,1.0837,-1.8176,0.2719
2652.50,0.6319,-2.6648,0.9282
2652.75,0.2801,-2.4571,0.3874
2653.00,-0.2063,-2.6191,0.2618
2653.25,0.5259,-2.4845,0.4677
2653.50,0.6762,-2.6088,0.6676
2653.75,1.1493,-2.4484,0.1308
2654.00,1.4397,-2.0030,0.0860
2654.25,0.1825,-1.1328,-0.6899
2654.50,-0.8433,-0.7596,-0.4829
2654.75,-0.3274,-1.4981,0.0205
2655.00,0.2504,-1.9787,1.0866
2655.25,1.4837,-0.9243,2.0582
2655.50,0.9816,0.0041,1.6153
2655.75,0.4695,-0.1655,1.8095
2656.00,1.7719,-0.1416,2.1142
2656.25,2.4892,-0.4418,1.9474
2656.50,2.3393,-0.3085,1.7202
2656.75,1.9632,-0.3669,1.1178
2657.00,2.1994,-0.5937,1.0582
2657.25,2.4005,-1.0773,0.4836
2657.50,2.2471,-1.4388,0.1374
2657.75,2.0770,-0.5553,0.0681
2658.00,3.2132,-0.4090,0.0618
2658.25,3.4438,-0.8163,0.6452
2658.50,3.3178,-0.5966,0.8376
2658.75,3.4535,-1.1361,1.0668
2659.00,3.4430,-1.5249,1.3260
2659.25,3.0133,-1.1698,1.8326
2659.50,2.2551,-1.7207,1.6270
2659.75,1.7121,-2.0360,1.5072
2660.00,2.0343,-1.6659,0.8579
2660.25,1.3796,-1.2123,1.1853
2660.50,1.6591,-1.3946,1.4663
2660.75,1.8210,-2.1023,1.3180
2661.00,2.4078,-2.3845,1.2620
2661.25,2.4789,-1.9018,1.3266
2661.50,1.4559,-1.1839,1.2945
2661.75,1.8317,-0.9677,1.3566
2662.00,2.6150,-1.3837,1.3292
2662.25,2.3758,-1.5677,0.7761
2662.50,2.4183,-1.3094,0.7140
2662.75,1.6039,-1.3539,1.4388
2663.00,1.7919,-1.2289,2.1225
2663.25,1.8375,-1.7431,2.3362
2663.50,1.3703,-1.6431,2.5235
2663.75,0.0054,-2.0807,2.5734
2664.00,-1.1683,-2.5663,2.0071
2664.25,-0.9340,-2.6672,1.9524
2664.50,0.6779,-2.6002,2.0273
2664.75,1.5864,-2.1013,2.0647
2665.00,1.8056,-1.7347,1.8240
2665.25,1.7176,-1.1759,1.3016
2665.50,1.7723,-0.5268,1.2193
2665.75,1.4810,-0.7906,0.8333
2666.00,0.6307,-0.2979,0.9658
2666.25,0.8487,-0.6838,1.2483
2666.50,1.4288,0.2864,1.4238
2666.75,1.1575,-0.6367,0.7882
2667.00,0.9082,-0.8553,0.4850
2667.25,0.9476,-0.1442,0.3400
2667.50,1.5386,0.2324,-0.0055
2667.75,1.3299,0.1656,-0.0677
2668.00,2.4243,1.5739,0.0153
2668.25,2.6531,2.2278,0.0270
2668.50,2.0944,1.3897,0.2109
2668.75,1.8851,0.3077,0.8099
2669.00,2.8429,-0.7395,1.4697
2669.25,2.7937,-0.7577,1.8643
2669.50,2.4257,0.6557,1.7208
2669.75,1.9874,1.0639,2.3482
2670.00,1.7693,1.3304,2.1871
2670.25,1.4856,1.4245,2.4987
2670.50,2.0889,1.4581,2.7713
2670.75,2.7534,1.4436,2.3585
2671.00,3.0752,1.8349,1.7803
2671.25,3.2875,1.4563,1.6774
2671.50,3.6964,0.3897,1.9989
2671.75,3.2512,-0.4600,1.7148
2672.00,2.5003,-0.1521,2.1497
2672.25,1.3418,0.0599,2.4894
2672.50,1.8766,-0.9476,2.5800
2672.75,2.0123,-1.1632,2.3995
2673.00,1.8596,-1.6055,1.9391
2673.25,2.3903,-1.4941,1.9459
2673.50,1.5869,-0.5889,1.8063
2673.75,1.5842,0.1639,1.3379
2674.00,2.0871,0.2896,1.6779
2674.25,2.0421,0.2980,1.6319
2674.50,2.2502,0.2558,1.3133
2674.75,2.8694,-0.5408,1.8979
2675.00,3.3276,-1.1152,2.0482
2675.25,3.8782,-1.1491,1.8210
2675.50,4.1478,-0.1292,1.4052
2675.75,4.1090,0.8005,1.4130
2676.00,4.0393,1.0560,1.4126
2676.25,3.7924,1.8107,2.4596
2676.50,2.7847,1.4514,2.3684
2676.75,2.5066,1.1336,1.4489
2677.00,4.0244,1.7285,0.8260
2677.25,5.1206,2.3016,0.2727
2677.50,5.7102,2.4458,0.3882
2677.75,5.6648,2.7540,0.0053
2678.00,4.5263,2.8901,-0.3201
2678.25,4.2417,2.2589,-0.0815
2678.50,2.8113,1.7843,0.1690
2678.75,2.4996,1.2553,0.2256
2679.00,2.9834,0.8010,0.4645
2679.25,3.0067,1.1409,0.6026
2679.50,2.3561,1.5119,0.6572
2679.75,2.7118,1.4206,0.1362
2680.00,1.5597,2.3885,0.2265
2680.25,0.8771,2.0478,0.0420
2680.50,1.3173,1.8696,0.1235
2680.75,0.9812,1.8651,0.0850
2681.00,0.2846,2.5696,0.2567
2681.25,-1.1602,2.3021,0.2041
2681.50,-2.2913,2.0820,-0.1460
2681.75,-2.4799,1.7011,-0.0148
2682.00,-2.6368,1.4033,0.4197
2682.25,-2.6193,1.3542,1.0690
2682.50,-2.5167,0.8837,1.2236
2682.75,-3.0056,1.0022,1.0931
2683.00,-1.8969,1.8296,1.2412
2683.25,-1.2375,2.0238,1.1315
2683.50,-1.9237,1.5203,1.5917
2683.75,-1.8454,0.9967,1.1352
2684.00,-1.0160,0.9066,0.9724
2684.25,-0.0952,1.0114,1.1856
2684.50,0.1522,0.9008,1.6688
2684.75,0.3321,1.4057,1.9193
2685.00,0.8068,1.9709,1.8784
2685.25,0.7754,1.1430,1.7504
2685.50,0.6245,1.2102,1.2242
2685.75,-1.7674,1.5111,0.4507
2686.00,-2.6909,1.1948,0.2416
2686.25,-2.6499,1.1273,-0.0364
2686.50,-1.0729,1.4335,0.1860
2686.75,-0.1619,2.0827,0.6557
2687.00,0.6856,2.1713,0.9267
2687.25,1.1920,2.3921,1.4006
2687.50,2.0525,1.8064,1.4809
2687.75,1.2599,1.4393,1.4733
2688.00,0.3317,1.2842,1.7050
2688.25,-0.3627,1.5244,1.4714
2688.50,-0.1553,1.2542,0.9777
2688.75,-0.5323,1.5548,1.4579
2689.00,-0.2227,1.0869,1.4795
2689.25,0.4476,0.9293,1.8640
2689.50,0.8865,0.7320,2.2372
2689.75,1.3936,0.2446,1.9892
2690.00,1.8167,0.3336,1.7306
2690.25,1.9739,0.5701,1.2821
2690.50,0.9655,0.2805,0.7550
2690.75,-0.2817,-0.5022,0.7176
2691.00,-0.1064,-0.5367,1.4234
2691.25,-0.4660,-1.6201,1.5068
2691.50,-0.9223,-2.2546,1.4096
2691.75,-2.5025,-2.7068,1.9181
2692.00,-2.4130,-2.8053,2.0844
2692.25,-1.8650,-2.6033,1.8177
2692.50,-1.6080,-2.0096,1.5205
2692.75,-1.6779,-1.5188,1.2397
2693.00,-0.7469,-1.5441,1.1807
2693.25,0.2738,-2.1117,2.1014
2693.50,0.3708,-1.4732,2.6920
2693.75,-0.4063,-1.4230,2.5670
2694.00,-0.6664,-0.9660,2.3318
2694.25,-1.0822,-0.5292,2.4927
2694.50,-0.9705,-0.4502,2.6648
2694.75,-0.6365,-0.7062,2.4542
2695.00,-0.4680,-1.6232,2.0288
2695.25,-0.4351,-2.2833,1.9027
2695.50,-0.4874,-2.1950,1.1642
2695.75,-0.1917,-2.0903,0.5182
2696.00,-0.3572,-2.3779,-0.2281
2696.25,-0.3028,-1.8993,-0.6411
2696.50,0.7678,-1.6724,-0.2455
2696.75,0.2788,-1.5066,0.3675
2697.00,-0.5411,-1.3591,1.4654
2697.25,-0.6787,-1.5605,1.5615
2697.50,-1.8426,-1.0789,1.7181
2697.75,-1.7734,-0.6725,1.8127
2698.00,-0.9273,-0.0483,2.0857
2698.25,-0.2389,0.6727,2.1775
2698.50,-0.9447,0.5310,1.9023
2698.75,-2.0151,-0.4366,1.6656
2699.00,-2.8005,-1.6266,1.3653
2699.25,-2.8126,-1.7200,0.7498
2699.50,-2.0402,-2.5261,1.0108
2699.75,-1.1099,-1.8910,1.4472
2700.00,-1.2721,-0.9826,1.3882
2700.25,-1.8009,-0.6744,1.0849
2700.50,-1.1498,-0.5757,1.0984
2700.75,-2.2627,-0.4140,1.2485
2701.00,-2.9195,-0.8493,1.7555
2701.25,-3.3686,-0.8088,2.1385
2701.50,-2.9197,-0.4506,2.2343
2701.75,-2.9575,-0.1718,1.9787
2702.00,-2.3595,-0.2504,1.7157
2702.25,-1.9242,-0.3729,1.3473
2702.50,-1.5141,-0.4281,1.1797
2702.75,-1.3411,-0.3015,0.8607
2703.00,-1.3609,-0.6291,0.6782
2703.25,-1.5787,-0.8032,1.0665
2703.50,-1.4597,-0.4840,1.1999
2703.75,-0.9803,-0.3404,1.0035
2704.00,-0.9356,0.1080,0.9870
2704.25,-0.9214,0.4650,0.8833
2704.50,-0.6339,0.1940,0.5074
2704.75,-1.5832,0.7133,0.9338
2705.00,-2.2035,0.8977,1.0970
2705.25,-2.3880,0.1848,1.9215
2705.50,-2.0117,0.7090,2.2134
2705.75,-1.4838,1.7378,2.1975
2706.00,-1.8769,2.4014,1.8458
2706.25,-2.7226,3.2124,1.8494
2706.50,-2.9776,3.1991,2.1721
2706.75,-2.7357,3.5465,2.4010
2707.00,-3.2966,3.4978,2.2179
2707.25,-3.2601,3.9958,2.3099
2707.50,-3.4394,3.5481,1.9942
2707.75,-3.2679,2.7155,1.9893
2708.00,-3.1759,2.4198,2.5518
2708.25,-3.1093,2.2035,2.6692
2708.50,-2.5821,1.7251,2.7143
2708.75,-1.8046,1.8374,2.6313
2709.00,-0.8056,2.5180,2.4355
2709.25,-0.6397,3.6224,2.5404
2709.50,-0.3478,2.6670,3.1501
2709.75,-0.5448,1.7032,3.2160
2710.00,-0.1948,0.8455,3.3851
2710.25,-0.4856,0.8519,2.9485
2710.50,-1.0096,0.2257,2.6693
2710.75,-1.3349,0.5067,3.0736
2711.00,-0.3195,-0.0698,2.6857
2711.25,0.5826,-0.1708,2.5168
2711.50,0.0517,-0.7497,2.6195
2711.75,0.1552,0.8344,3.1290
2712.00,0.3227,1.8993,3.1344
2712.25,-0.1183,1.8716,2.8516
2712.50,0.1955,2.1282,3.2766
2712.75,0.5913,1.5667,2.9143
2713.00,0.0055,0.7618,2.7513
2713.25,0.4563,0.8815,3.0126
2713.50,0.0897,0.4248,2.6726
2713.75,-0.9799,0.3214,2.2029
2714.00,-1.0597,0.3316,1.9464
2714.25,-0.1498,0.0887,1.1641
2714.50,1.0418,0.2553,1.6233
2714.75,1.0747,0.5731,2.1310
2715.00,1.8485,1.0704,2.6499
2715.25,2.1648,1.1594,2.1847
2715.50,1.1579,2.3940,1.8665
2715.75,0.9115,2.0659,2.0473
2716.00,-0.1092,1.7014,2.2310
2716.25,-0.2677,1.7492,2.2817
2716.50,-0.6936,1.1861,2.3468
2716.75,-0.7892,0.9391,3.2571
2717.00,-0.6956,2.4872,3.7271
2717.25,-0.6447,2.8690,3.8327
2717.50,0.2794,2.7885,3.5660
2717.75,0.1573,2.4266,3.3962
2718.00,0.1406,2.1748,3.5912
2718.25,-0.3971,1.6374,3.1342
2718.50,-0.2423,1.2034,2.2597
2718.75,-1.0109,1.4914,1.6388
2719.00,-0.6561,1.1910,1.0744
2719.25,-0.8253,1.2356,1.1312
2719.50,-1.8137,2.0478,1.3521
2719.75,-2.5452,1.8280,1.2169
2720.00,-1.8996,2.4721,1.7794
2720.25,-1.3848,2.4241,1.8369
2720.50,-0.9183,1.9986,1.9659
2720.75,0.2480,1.3000,2.2895
2721.00,-0.3469,1.3041,2.4983
2721.25,-0.9161,0.3681,2.5141
2721.50,-0.8403,0.4654,2.1604
2721.75,-1.1231,0.3668,2.1097
2722.00,-0.7255,-0.3385,1.8724
2722.25,-0.5093,-1.5271,2.1582
2722.50,-0.0032,-2.5307,2.7841
2722.75,0.6149,-2.3797,2.8060
2723.00,0.7809,-1.8437,2.6170
2723.25,0.1770,-0.6138,2.7705
2723.50,-0.7913,-0.0547,2.3499
2723.75,-1.2875,0.5150,2.7523
2724.00,-1.3214,0.2294,2.4743
2724.25,-1.7039,0.7923,2.6218
2724.50,-1.4493,0.5481,2.9952
2724.75,-0.8284,-0.1155,2.9228
2725.00,-1.2355,-0.0296,2.8583
2725.25,-0.8661,0.2125,2.7070
2725.50,-0.8825,-0.2230,2.1839
2725.75,-1.5506,-0.2113,2.0658
2726.00,-1.2861,-0.6967,2.6827
2726.25,-2.1581,-1.1480,3.3428
2726.50,-2.1488,-1.3336,3.4561
2726.75,-1.7789,-0.7942,2.8823
2727.00,-0.9286,-0.2835,2.7389
2727.25,-0.8463,-0.0160,2.6735
2727.50,-0.2960,0.3134,2.6065
2727.75,-0.6053,0.1250,2.2550
2728.00,-1.3857,-0.4408,2.1741
2728.25,-1.5108,0.1235,2.1764
2728.50,-1.3540,0.8958,2.1651
2728.75,-1.6128,1.2755,2.1795
2729.00,-1.1631,1.5910,2.5713
2729.25,-0.6434,1.4890,2.3488
2729.50,-1.4294,1.9922,2.0206
2729.75,-2.8393,1.9068,1.5622
2730.00,-3.1554,1.4797,1.9072
2730.25,-2.7227,0.8921,1.9366
2730.50,-1.9658,0.5582,1.5190
2730.75,-1.6648,0.2956,2.0398
2731.00,-1.9895,0.8271,2.3540
2731.25,-1.7509,0.2157,2.1818
2731.50,-1.3264,0.0738,2.0492
2731.75,-1.2117,-0.2234,1.6284
2732.00,-2.4780,0.0365,1.4995
2732.25,-3.1523,0.8240,1.0133
2732.50,-3.5045,0.7617,0.4502
2732.75,-3.1839,0.9207,0.6912
2733.00,-2.4420,1.0653,1.3399
2733.25,-3.1788,0.4895,1.0241
2733.50,-2.6355,0.9956,0.8977
2733.75,-2.5956,1.3336,0.7420
2734.00,-2.3710,1.8709,0.0051
2734.25,-2.6870,3.1229,0.1105
2734.50,-2.0630,3.6061,0.6702
2734.75,-1.7442,3.7538,0.4838
2735.00,-1.5934,3.2753,0.6450
2735.25,-1.0293,2.5812,0.7808
2735.50,-1.0240,1.4478,1.1744
2735.75,-0.6930,1.0218,1.4550
2736.00,-0.6033,1.4317,2.2111
2736.25,-0.1762,1.2532,2.9028
2736.50,1.1016,1.7589,2.9486
2736.75,1.3406,2.0375,2.5672
2737.00,0.5860,1.1619,2.1498
2737.25,0.0207,0.6345,2.0144
2737.50,-0.5945,0.9296,2.1031
2737.75,-0.5228,1.2649,2.3266
2738.00,-0.3564,2.2350,2.9094
2738.25,0.4466,2.5046,2.7755
2738.50,0.2085,2.9206,2.9640
2738.75,0.4612,2.3697,3.0318
2739.00,0.4631,1.9492,3.0456
2739.25,0.2576,2.7237,3.1472
2739.50,-0.2521,2.9232,2.8955
2739.75,0.1609,2.6448,2.6686
2740.00,0.0074,3.3173,2.5894
2740.25,-1.0631,4.5903,2.4635
2740.50,-1.2660,5.0507,1.9132
2740.75,-2.2006,4.7110,2.0266
2741.00,-1.8237,4.5092,1.7899
2741.25,-1.2962,3.9299,1.2241
2741.50,-1.1562,4.0500,1.8070
2741.75,-1.8665,4.0290,2.2832
2742.00,-3.1999,4.3723,1.6461
2742.25,-3.7147,4.9173,1.2636
2742.50,-4.4430,4.7047,0.9380
2742.75,-4.8635,3.8631,0.9550
2743.00,-4.9860,2.8517,1.1744
2743.25,-3.5506,2.0481,2.2001
2743.50,-3.2050,1.7503,2.3569
2743.75,-3.1535,2.1438,2.5706
2744.00,-3.8183,2.4622,2.4993
2744.25,-3.3426,2.6398,2.7418
2744.50,-2.9018,2.7135,2.6407
2744.75,-3.1611,2.6247,2.3436
2745.00,-3.2777,2.0636,2.6768
2745.25,-3.0304,2.3607,2.4209
2745.50,-2.7503,2.2044,2.3236
2745.75,-2.3482,1.0206,2.5638
2746.00,-2.4609,0.9323,3.2881
2746.25,-2.8397,0.8456,3.4423
2746.50,-4.2409,0.4220,3.3896
2746.75,-4.7865,0.1151,3.5694
2747.00,-5.5717,-0.5172,3.0384
2747.25,-5.8235,-1.4879,2.6863
2747.50,-4.9175,-0.6820,2.4924
2747.75,-4.7679,-0.2293,2.3847
2748.00,-5.2847,0.2951,2.5490
2748.25,-4.8597,0.7765,2.8754
2748.50,-4.2020,1.0233,2.7260
2748.75,-3.7124,1.4460,2.6149
2749.00,-2.8857,2.1904,2.1591
2749.25,-2.1954,2.3558,2.1506
2749.50,-2.3928,1.7587,2.0711
2749.75,-2.3518,1.4958,1.9982
2750.00,-1.8543,1.2322,1.8223
2750.25,-2.8143,0.9398,2.4327
2750.50,-3.8560,1.7030,2.9305
2750.75,-3.4598,3.2300,2.6359
2751.00,-2.8510,3.2269,2.8497
2751.25,-2.8905,2.9276,2.8930
2751.50,-3.1814,2.6327,2.8640
2751.75,-3.0107,2.5315,3.2482
2752.00,-2.6393,2.2172,2.8292
2752.25,-1.6836,1.5057,2.5966
2752.50,-1.6949,1.2313,2.7071
2752.75,-2.3285,1.4200,2.8401
2753.00,-3.1443,0.4639,3.2348
2753.25,-2.5164,0.4742,2.9454
2753.50,-2.8907,0.6278,3.6800
2753.75,-3.5351,1.0713,3.9131
2754.00,-4.1917,1.6971,3.7248
2754.25,-3.8416,1.6421,3.3543
2754.50,-3.4379,1.0834,2.7715
2754.75,-3.1673,1.3260,2.3908
2755.00,-3.2032,2.1102,1.8694
2755.25,-3.6521,1.8984,1.1764
2755.50,-4.0989,1.3006,1.0637
2755.75,-4.1243,0.6129,0.8931
2756.00,-3.7023,0.5546,1.0814
2756.25,-3.4937,0.0858,1.5858
2756.50,-3.5190,-0.6374,1.8995
2756.75,-3.5976,-0.2296,2.0247
2757.00,-2.5241,0.2706,1.9797
2757.25,-2.2821,0.9893,2.3780
2757.50,-2.0685,1.9844,2.4788
2757.75,-1.4814,2.1686,2.8229
2758.00,-2.3949,1.8129,2.0419
2758.25,-3.4768,1.5902,1.2582
2758.50,-4.2010,1.3931,1.0956
2758.75,-5.1649,2.1644,1.1238
2759.00,-5.6546,2.0276,1.1813
2759.25,-6.1781,1.3908,1.5584
2759.50,-5.9593,0.9706,1.2105
2759.75,-5.7096,0.5175,1.1876
2760.00,-5.7307,0.3034,1.6173
2760.25,-6.5550,0.1443,1.7042
2760.50,-7.0321,0.0588,1.7356
2760.75,-6.7212,0.5934,1.5395
2761.00,-6.0919,1.6988,1.4280
2761.25,-5.7435,1.9006,1.2543
2761.50,-5.3923,2.0298,1.6757
2761.75,-4.7555,1.5676,1.7710
2762.00,-4.7270,1.7471,2.6022
2762.25,-5.0428,1.7578,2.3575
2762.50,-5.1847,1.7670,2.2443
2762.75,-4.9655,0.8058,2.4358
2763.00,-4.9883,0.7589,2.2307
2763.25,-5.5168,1.4233,1.9830
2763.50,-6.0059,1.2685,2.3123
2763.75,-6.4026,1.0251,2.8387
2764.00,-6.5695,0.5297,2.7088
2764.25,-6.4376,0.0266,2.0251
2764.50,-5.0518,-0.4560,1.5449
2764.75,-4.1779,0.1703,1.1353
2765.00,-3.3568,0.1152,1.3048
2765.25,-3.7630,-0.0882,2.3084
2765.50,-3.3243,0.2688,2.9500
2765.75,-2.4164,0.6741,3.6343
2766.00,-3.1317,0.4717,3.0463
2766.25,-3.8255,0.7001,1.9427
2766.50,-3.5482,0.7182,2.0325
2766.75,-3.1754,1.1022,2.6416
2767.00,-3.2778,1.0567,3.5412
2767.25,-3.5492,0.9829,3.3398
2767.50,-4.1591,0.9216,2.6278
2767.75,-4.6695,0.3060,2.0903
2768.00,-4.5772,0.2278,1.7988
2768.25,-3.6929,0.1092,2.4265
2768.50,-3.1242,0.4566,2.9138
2768.75,-2.6925,0.5324,2.9324
2769.00,-2.1052,0.6479,2.6206
2769.25,-2.4936,1.6800,2.5737
2769.50,-2.7843,1.6400,2.4634
2769.75,-2.7737,1.2535,1.7738
2770.00,-2.2557,1.6805,1.5672
2770.25,-2.1032,1.4860,1.3968
2770.50,-2.4302,1.7958,1.7035
2770.75,-3.1186,1.6799,1.4716
2771.00,-2.2564,1.0952,1.1914
2771.25,-2.9542,0.3642,0.9180
2771.50,-2.2247,-0.5139,0.3951
2771.75,-1.4672,-0.9026,0.5546
2772.00,-1.4249,-1.0574,1.1590
2772.25,-0.7949,-0.7259,1.7308
2772.50,-0.8442,0.0245,1.2367
2772.75,-1.9514,0.4073,0.8762
2773.00,-2.4783,0.4764,0.3276
2773.25,-2.5442,1.0171,0.2649
2773.50,-1.9046,1.1305,0.8916
2773.75,-1.7793,1.6932,1.1460
2774.00,-1.5840,2.3209,1.4744
2774.25,-0.9249,2.0973,0.9552
2774.50,-0.9406,1.8763,0.8227
2774.75,-1.1625,1.4575,0.2303
2775.00,-1.3966,1.2547,-0.1255
2775.25,-2.3587,1.2849,0.2905
2775.50,-2.2838,1.6045,1.2409
2775.75,-2.5659,2.1269,1.1589
2776.00,-1.9923,1.7207,0.9923
2776.25,-1.4711,2.2569,0.9301
2776.50,-1.0818,2.3372,0.5129
2776.75,-0.4776,2.1479,0.4155
2777.00,-0.0561,2.9976,0.4446
2777.25,0.2331,3.4689,0.5931
2777.50,0.0414,2.8145,0.8644
2777.75,-1.1610,2.5587,0.5780
2778.00,-1.6218,2.2205,0.7504
2778.25,-0.1064,1.6506,0.4324
2778.50,0.7557,2.2088,0.3245
2778.75,-0.0629,3.3207,0.2346
2779.00,-0.0693,2.8353,0.5399
2779.25,-0.9850,2.2659,1.4564
2779.50,-1.9969,1.4892,1.8086
2779.75,-2.4074,0.8256,1.6609
2780.00,-3.4073,0.5966,1.0919
2780.25,-3.7365,0.5584,1.2133
2780.50,-3.8821,1.3172,1.1688
2780.75,-3.6252,1.8645,0.8777
2781.00,-3.0117,2.2186,0.6804
2781.25,-3.4997,2.5877,0.5553
2781.50,-4.4883,2.6859,0.3402
2781.75,-4.6296,1.9581,0.4032
2782.00,-3.8511,2.2950,0.3476
2782.25,-3.9220,2.5505,0.2302
2782.50,-4.1357,2.1570,0.2799
2782.75,-3.6843,2.0861,0.7228
2783.00,-3.2881,2.3545,0.3859
2783.25,-3.3385,2.4110,0.1846
2783.50,-4.1255,3.2122,0.6674
2783.75,-3.6910,3.5809,0.8740
2784.00,-2.6851,2.4766,1.0153
2784.25,-1.7637,2.1168,1.7999
2784.50,-2.7375,1.8923,1.5619
2784.75,-3.4263,1.3010,1.5643
2785.00,-3.5426,0.4974,1.5081
2785.25,-4.0357,1.2260,1.4564
2785.50,-4.0905,2.0805,1.1583
2785.75,-4.1564,2.6761,1.0756
2786.00,-3.7511,2.7494,1.5122
2786.25,-4.0159,2.0591,1.0300
2786.50,-3.3853,1.6476,0.0733
2786.75,-3.8823,2.0926,-0.4610
2787.00,-3.8981,2.0726,-0.4166
2787.25,-4.3394,2.4169,-0.2240
2787.50,-3.6360,2.9314,-0.0638
2787.75,-3.2863,2.6446,0.1927
2788.00,-4.0799,2.8530,0.4232
2788.25,-4.4503,2.3481,0.3628
2788.50,-5.3245,2.4338,0.0040
2788.75,-5.4951,3.0937,-0.6554
2789.00,-5.3300,3.3534,-0.8102
2789.25,-4.6995,2.8050,-0.2795
2789.50,-4.0528,2.1660,-0.6664
2789.75,-3.5154,2.0503,-0.2996
2790.00,-4.2638,1.8611,-0.0821
2790.25,-4.2854,1.9305,-0.5058
2790.50,-4.1329,2.2784,-0.1994
2790.75,-3.9769,3.1513,-0.1809
2791.00,-4.0499,3.7651,-0.3548
2791.25,-4.1520,3.1900,-0.1479
2791.50,-4.2782,2.9171,-0.4170
2791.75,-4.0701,3.2552,-0.8584
2792.00,-3.7633,3.0936,-0.7100
2792.25,-3.6214,3.0743,-0.8480
2792.50,-3.1299,2.6125,-1.5686
2792.75,-2.8981,1.5420,-1.5954
2793.00,-3.2573,1.5576,-1.5116
2793.25,-3.4641,1.5674,-1.6384
2793.50,-3.4190,2.1429,-1.7502
2793.75,-2.6221,2.3079,-1.7687
2794.00,-2.9961,3.1807,-1.4920
2794.25,-3.2501,3.5112,-1.3746
2794.50,-2.7897,3.8441,-1.4288
2794.75,-3.0723,4.0640,-1.7475
2795.00,-3.4072,3.2359,-2.2718
2795.25,-4.3254,2.6629,-2.0676
2795.50,-4.5456,2.5474,-1.7996
2795.75,-4.3426,2.9784,-1.9804
2796.00,-4.2735,3.2500,-1.8013
2796.25,-3.4165,3.4306,-1.7706
2796.50,-2.0899,3.3965,-1.5608
2796.75,-2.2873,3.2254,-1.9701
2797.00,-3.0415,2.7968,-2.3480
2797.25,-3.5709,2.9565,-2.0242
2797.50,-3.6941,2.6403,-1.5914
2797.75,-2.7691,2.6783,-1.5230
2798.00,-3.2799,3.2338,-1.1563
2798.25,-4.7488,2.7618,-0.1770
2798.50,-5.2753,2.3749,-0.7860
2798.75,-5.1965,2.2749,-1.3737
2799.00,-5.5394,2.4041,-1.2089
2799.25,-5.6661,2.0119,-1.3295
2799.50,-6.3672,3.1686,-0.7655
2799.75,-6.7367,3.2017,-0.8720
2800.00,-6.7844,3.0876,-1.0959
2800.25,-5.2263,2.8260,-1.3359
2800.50,-3.9820,2.5644,-1.6975
2800.75,-4.0370,2.4906,-0.8882
2801.00,-4.2901,1.9689,-0.4072
2801.25,-3.5686,2.1699,-0.2680
2801.50,-2.5657,2.4539,-0.0610
2801.75,-2.4381,2.9053,-0.3865
2802.00,-1.7534,2.0975,-0.6012
2802.25,-1.8092,0.7004,-0.3365
2802.50,-1.1337,1.2651,-0.8088
2802.75,-1.0995,1.8549,-1.6173
2803.00,-1.1102,1.8053,-2.0055
2803.25,-0.9777,1.9973,-1.5358
2803.50,-1.2205,1.7605,-0.8771
2803.75,-1.7113,-0.0398,-0.9231
2804.00,-1.8992,-0.9231,-1.0303
2804.25,-1.5796,-0.7569,-1.0364
2804.50,-1.5960,-0.3137,-0.9374
2804.75,-1.7813,-0.1157,-1.0586
2805.00,-2.2861,0.2080,-0.6694
2805.25,-2.2870,-0.1883,-0.8919
2805.50,-2.0302,0.1498,-0.4489
2805.75,-1.9718,-0.2572,0.2407
2806.00,-1.2162,0.9905,-0.4588
2806.25,-2.1482,0.8242,-0.7479
2806.50,-1.4032,0.0337,-0.8485
2806.75,-1.1927,-0.4040,-1.3616
2807.00,-1.4665,-0.4333,-1.5704
2807.25,-1.0974,-0.1622,-1.4180
2807.50,-1.3068,0.2838,-0.9622
2807.75,-1.7399,-0.0663,-0.6597
2808.00,-2.2649,-0.6547,-0.9881
2808.25,-2.6798,-0.9667,-1.4553
2808.50,-3.0588,-0.1858,-1.4865
2808.75,-3.3090,-0.4385,-1.0947
2809.00,-4.3116,-0.5761,-1.0773
2809.25,-5.1783,-0.7667,-1.2640
2809.50,-5.3327,-0.1782,-1.2478
2809.75,-4.7130,0.2975,-0.3091
2810.00,-5.3728,-0.1244,0.4834
2810.25,-5.2776,-0.4008,0.5136
2810.50,-5.7288,0.0816,1.0068
2810.75,-5.4955,0.8154,0.5448
2811.00,-5.7305,0.7309,0.2787
2811.25,-6.3635,0.8584,0.0961
2811.50,-5.4464,0.4450,-0.5765
2811.75,-5.5661,-0.1845,-0.6376
2812.00,-5.7902,-0.7904,-0.6204
2812.25,-5.5118,-0.5953,-0.1882
2812.50,-4.9906,0.7773,0.1786
2812.75,-5.2985,1.4737,-0.4536
2813.00,-5.9409,1.4098,-0.6283
2813.25,-5.8635,1.1146,-0.7570
2813.50,-4.6307,0.6626,-1.1877
2813.75,-3.9496,0.4548,-1.3995
2814.00,-4.8270,0.2042,-1.6561
2814.25,-5.4085,-0.3081,-1.7750
2814.50,-5.7472,-0.2723,-1.7166
2814.75,-5.0607,-0.2492,-1.2821
2815.00,-3.7046,-0.8533,-1.9002
2815.25,-4.2201,-0.9191,-2.2531
2815.50,-5.0909,-0.2504,-2.4274
2815.75,-5.8993,-0.8791,-2.5426
2816.00,-6.1887,-1.0134,-2.1979
2816.25,-6.3030,-1.0321,-1.6657
2816.50,-6.7910,-0.4563,-1.3082
2816.75,-7.2787,0.0833,-1.4461
2817.00,-7.8492,0.2252,-1.4521
2817.25,-8.2576,-0.1946,-2.0290
2817.50,-8.3863,-0.4826,-3.0354
2817.75,-7.3011,-0.5383,-3.3467
2818.00,-5.6885,-0.5318,-3.4624
2818.25,-5.4027,-1.0722,-2.4556
2818.50,-4.8735,-1.0500,-2.1203
2818.75,-4.9838,-0.4995,-2.3542
2819.00,-3.9873,0.2153,-2.7007
2819.25,-4.0105,0.6079,-2.8972
2819.50,-4.2129,1.5159,-2.1129
2819.75,-5.5785,1.9739,-1.6898
2820.00,-5.7597,1.9089,-1.2191
2820.25,-5.8112,2.5286,-1.3411
2820.50,-6.3050,2.1734,-1.8054
2820.75,-6.4442,1.6993,-2.1033
2821.00,-6.2274,1.6879,-1.9063
2821.25,-5.7314,1.6209,-1.8492
2821.50,-5.7696,1.1171,-1.5801
2821.75,-4.8633,1.2305,-1.4177
2822.00,-4.7131,1.2282,-1.1308
2822.25,-4.2314,0.7752,-1.2027
2822.50,-5.0887,-0.0633,-1.1645
2822.75,-5.3071,-0.9905,-0.4017
2823.00,-5.5295,-1.1754,-0.1683
2823.25,-5.5017,-2.1386,0.0541
2823.50,-6.2648,-1.9196,0.3086
2823.75,-6.8942,-2.0127,-0.4221
2824.00,-6.7437,-1.3576,-0.6398
2824.25,-6.9253,-0.7721,-0.4789
2824.50,-6.1294,-0.5170,-0.3406
2824.75,-4.7111,-0.4842,-0.3957
2825.00,-3.9640,-0.7472,-0.0463
2825.25,-2.5159,-0.4601,0.7516
2825.50,-1.6780,-0.1156,0.3334
2825.75,-1.7893,0.4909,-0.3347
2826.00,-2.2129,1.1858,-0.3625
2826.25,-2.9202,0.1149,-0.6484
2826.50,-3.6290,-0.8223,-0.4882
2826.75,-3.5949,-1.2330,-0.5309
2827.00,-3.5608,-0.8903,-0.6204
2827.25,-3.9048,-0.9067,-0.5717
2827.50,-4.3842,0.4199,-0.0825
2827.75,-4.3999,1.0986,-0.0421
2828.00,-3.7935,1.2569,-0.3246
2828.25,-3.9785,0.7743,-0.6969
2828.50,-4.1111,0.9474,-0.8033
2828.75,-4.1171,0.6164,-0.0335
2829.00,-3.8488,0.0568,0.1656
2829.25,-3.9878,0.1282,-0.3750
2829.50,-3.7295,-0.6131,0.0320
2829.75,-3.6321,-0.6060,0.3015
2830.00,-3.3602,-0.2441,0.3215
2830.25,-2.9385,0.8995,-0.2184
2830.50,-2.6154,2.4332,0.2003
2830.75,-3.4213,2.7128,-0.0545
2831.00,-3.8007,1.5114,-0.4614
2831.25,-3.3785,0.9096,-0.4474
2831.50,-3.8538,0.4291,-0.6955
2831.75,-3.1092,0.3740,-0.7279
2832.00,-3.8789,0.6516,-0.2990
2832.25,-3.8028,1.2565,-0.0095
2832.50,-3.0209,1.2709,-0.2081
2832.75,-2.3343,1.7488,-0.2989
2833.00,-3.1071,2.2515,-0.3895
2833.25,-4.1973,2.4008,-0.3238
2833.50,-4.2416,2.4206,0.1441
2833.75,-3.5209,2.6026,0.7712
2834.00,-2.3113,2.1730,0.9354
2834.25,-2.1525,0.6652,0.7676
2834.50,-3.6057,0.2305,1.3889
2834.75,-3.6043,-0.2928,1.6407
2835.00,-4.6667,-0.0726,0.9209
2835.25,-5.3643,-0.1468,0.0596
2835.50,-4.2891,-0.7111,-0.1799
2835.75,-2.5435,-0.6117,-0.3304
2836.00,-1.5938,-0.2759,-0.1751
2836.25,-1.6624,-0.1422,0.4761
2836.50,-3.0668,0.5147,1.0483
2836.75,-3.4268,0.4911,0.8844
2837.00,-3.6541,0.4323,0.6217
2837.25,-4.2511,0.4512,0.4323
2837.50,-4.0198,0.3777,0.0072
2837.75,-2.7080,1.0816,-0.0797
2838.00,-2.3043,0.5277,-0.0390
2838.25,-2.1744,0.2071,-0.3742
2838.50,-2.3490,-0.0890,-0.3732
2838.75,-3.1151,0.2004,0.0341
2839.00,-3.0287,0.4981,0.2614
2839.25,-1.9711,0.9163,0.6890
2839.50,-2.8928,2.1988,0.6459
2839.75,-4.1150,2.6843,0.5791
2840.00,-4.4302,2.8513,0.7911
2840.25,-4.7486,2.0791,0.2590
2840.50,-5.1779,1.8093,0.3865
2840.75,-4.1727,1.5851,0.7031
2841.00,-3.8223,0.7363,0.6876
2841.25,-4.0602,0.8953,0.6828
2841.50,-4.0917,1.9397,1.1785
2841.75,-4.2497,2.4967,0.8497
2842.00,-4.1316,2.0460,0.9029
2842.25,-3.4141,1.4196,0.3857
2842.50,-1.7230,1.2696,-0.4208
2842.75,-0.9120,0.7575,-0.8535
2843.00,-1.8253,-0.1417,-1.2906
2843.25,-2.0423,0.3903,-1.4774
2843.50,-1.9959,1.7192,-1.4321
2843.75,-2.7692,2.6154,-1.4448
2844.00,-3.2776,2.5753,-1.2048
2844.25,-3.1555,2.0279,-0.9202
2844.50,-2.3844,1.4979,-0.7456
2844.75,-2.3962,0.9059,-0.5603
2845.00,-3.0029,0.8617,0.3020
2845.25,-2.1844,1.6786,0.3912
2845.50,-1.4651,2.2112,0.6765
2845.75,-1.4945,2.4564,0.8485
2846.00,-2.2440,2.2137,0.6890
2846.25,-3.7788,1.9720,0.7156
2846.50,-3.6676,1.8782,0.5428
2846.75,-1.8104,2.1758,0.3123
2847.00,-1.0289,2.3716,0.5394
2847.25,-0.7901,2.2914,0.2376
2847.50,-1.7189,2.4873,0.2452
2847.75,-1.3766,2.7076,0.3841
2848.00,-1.4207,2.2109,0.5352
2848.25,-1.5016,1.6104,0.4567
2848.50,-1.9883,1.5288,-0.1448
2848.75,-2.8443,1.4645,-0.0011
2849.00,-3.5184,0.9310,0.1272
2849.25,-4.5441,0.9513,-0.0156
2849.50,-3.9177,1.1967,-0.0888
2849.75,-3.4145,1.1855,-0.3537
2850.00,-2.5786,1.2798,-0.9858
2850.25,-2.1760,1.4116,-1.2404
2850.50,-1.1680,1.4622,-1.1463
2850.75,-0.5522,1.8182,-1.1030
2851.00,-0.9530,1.4563,-0.7203
2851.25,-1.8060,2.2072,-0.6201
2851.50,-3.6343,2.9491,-0.4184
2851.75,-3.8275,2.2915,-0.2228
2852.00,-3.7251,1.9915,-0.4973
2852.25,-3.5344,1.5386,-0.5809
2852.50,-3.2352,0.8602,-0.7797
2852.75,-3.9418,0.7476,-0.9238
2853.00,-3.8859,0.0458,-0.7711
2853.25,-3.6426,0.1365,-0.4354
2853.50,-3.9945,0.6069,-0.1857
2853.75,-3.5486,1.0476,-0.3021
2854.00,-2.9089,2.0257,-0.2546
2854.25,-2.9165,2.1462,-0.2200
2854.50,-3.9942,1.9260,-0.1802
2854.75,-3.9255,1.8889,-0.0231
2855.00,-4.0182,1.6133,0.1083
2855.25,-5.1202,1.2070,0.3385
2855.50,-5.8842,1.3264,0.5026
2855.75,-5.7222,1.1607,-0.0390
2856.00,-4.4376,1.1920,0.1162
2856.25,-4.2039,1.7331,0.5455
2856.50,-3.6115,2.3734,0.3073
2856.75,-2.6591,3.2145,-0.1673
2857.00,-2.6032,3.1159,-0.2336
2857.25,-3.3776,2.7975,-0.0719
2857.50,-3.5090,2.9917,-0.5137
2857.75,-3.8585,2.3026,-0.8632
2858.00,-3.6181,1.6412,-1.0934
2858.25,-3.8009,1.8524,-0.5385
2858.50,-3.0835,1.5527,-0.1322
2858.75,-2.5715,0.4502,0.5655
2859.00,-1.7142,0.9212,0.7529
2859.25,-1.8595,1.6053,0.5003
2859.50,-2.1219,1.4770,0.1451
2859.75,-1.3384,1.8400,-0.0497
2860.00,-2.2240,1.2265,-0.3938
2860.25,-2.6706,1.2539,-0.5376
2860.50,-1.7432,0.9869,-0.0691
2860.75,-1.4715,1.1407,0.0209
2861.00,-1.9820,0.9750,0.1117
2861.25,-1.9344,1.5406,-0.0011
2861.50,-1.6991,2.0496,-0.2172
2861.75,-2.6646,2.2280,0.7049
2862.00,-3.8372,2.3587,0.9043
2862.25,-3.7596,2.2865,0.9467
2862.50,-3.3560,1.8152,0.6658
2862.75,-3.4371,1.1045,0.2198
2863.00,-3.1718,0.4933,0.1648
2863.25,-2.3515,0.1282,0.1855
2863.50,-1.3927,0.9721,0.9612
2863.75,-1.2391,1.2374,0.5673
2864.00,-0.8990,1.9617,-0.2919
2864.25,-0.9680,2.2043,-0.5590
2864.50,-2.2475,2.1046,-0.7064
2864.75,-2.1528,2.0475,-1.1536
2865.00,-2.5012,1.8807,-0.7520
2865.25,-2.5953,2.3549,-0.3310
2865.50,-3.0035,2.5482,-0.8592
2865.75,-3.3024,2.5398,-0.9558
2866.00,-3.6207,2.2196,-1.0758
2866.25,-3.5039,2.3108,-1.0481
2866.50,-3.5102,2.6313,-0.6921
2866.75,-4.1242,1.9607,-0.7466
2867.00,-3.7202,1.9604,-0.5291
2867.25,-3.0507,1.5993,0.1741
2867.50,-2.2359,1.4344,0.4783
2867.75,-1.9538,1.1711,0.2702
2868.00,-1.7390,1.7341,0.1949
2868.25,-0.8088,2.6384,0.0268
2868.50,0.1421,3.6949,-0.2912
2868.75,-0.5936,3.2019,0.4045
2869.00,-0.6713,2.3965,0.1528
2869.25,-0.8707,2.4350,0.0470
2869.50,-0.8655,2.5873,-0.7576
2869.75,-1.6887,2.2646,-0.8063
2870.00,-1.5930,2.1859,-1.2650
2870.25,-1.3820,2.0773,-1.4875
2870.50,-1.8598,1.3279,-1.4013
2870.75,-2.0340,0.7993,-0.9116
2871.00,-1.6711,1.2723,-0.8926
2871.25,-1.1750,1.1020,-0.2791
2871.50,-0.5319,0.9219,0.2758
2871.75,-0.5738,-0.1802,0.3289
2872.00,-1.0228,-0.8601,-0.5085
2872.25,-1.2286,0.0225,-1.3207
2872.50,-0.6239,1.4209,-1.3129
2872.75,-0.9975,1.5217,-1.4658
2873.00,-0.0866,1.3331,-1.6416
2873.25,0.8050,1.2071,-1.7087
2873.50,0.4842,2.3648,-1.8919
2873.75,-0.3911,2.3090,-1.3785
2874.00,-0.3338,2.2001,-1.2717
2874.25,-0.8317,2.5401,-1.9260
2874.50,-1.2329,2.7358,-2.0908
2874.75,-1.7634,1.8398,-1.5662
2875.00,-2.2409,1.2581,-1.1485
2875.25,-1.9232,1.2224,-1.1682
2875.50,-1.2265,0.8385,-1.0265
2875.75,-0.4870,1.3230,-0.7992
2876.00,-0.4118,1.7572,-0.4802
2876.25,-0.4763,1.2877,-0.3529
2876.50,-0.4988,1.7840,-1.0670
2876.75,-0.0790,2.6773,-1.5866
2877.00,-0.0145,3.1445,-1.6325
2877.25,-0.0545,3.8630,-2.1546
2877.50,-0.3955,3.5347,-2.0149
2877.75,-1.0970,3.1979,-2.1761
2878.00,-0.8305,2.5450,-1.7341
2878.25,-1.4124,3.1174,-1.5320
2878.50,-0.9021,2.5143,-1.4518
2878.75,0.1940,1.7390,-0.9074
2879.00,0.1798,1.3698,-0.9136
2879.25,0.8091,1.0501,-1.1438
2879.50,1.8561,1.8143,-1.7754
2879.75,0.5977,2.8911,-1.7261
2880.00,0.1115,3.2571,-1.9548
2880.25,0.4621,3.3800,-1.9651
2880.50,0.2847,3.4096,-1.8207
2880.75,0.2027,3.6938,-2.0390
2881.00,0.0570,3.6395,-1.4755
2881.25,-1.0269,3.7395,-1.1879
2881.50,-0.8628,3.2478,-1.1917
2881.75,-0.3045,2.6025,-1.0253
2882.00,-0.4049,2.6668,-0.9384
2882.25,-0.0986,3.7311,-1.0697
2882.50,-0.2733,4.4061,-0.6835
2882.75,0.2112,4.1115,0.1299
2883.00,0.1524,2.7489,0.3497
2883.25,-0.6151,1.9517,0.6993
2883.50,-1.1549,2.0959,0.6698
2883.75,-2.0989,2.4187,0.3804
2884.00,-2.6689,2.6986,0.4370
2884.25,-2.9082,2.4692,0.8994
2884.50,-2.4418,1.7643,1.4370
2884.75,-1.8943,0.9371,1.7607
2885.00,-2.4896,1.0983,1.6888
2885.25,-2.5371,1.1225,1.7280
2885.50,-1.5498,0.7139,2.0850
2885.75,-0.2455,0.9378,2.3651
2886.00,-0.9708,1.5098,2.3388
2886.25,-2.1020,1.6948,1.7273
2886.50,-2.5233,1.3959,1.3490
2886.75,-2.7254,1.2425,0.8393
2887.00,-3.0743,1.4308,1.1009
2887.25,-3.6689,2.6043,1.0596
2887.50,-3.7944,2.7256,0.9030
2887.75,-3.3280,2.9237,0.8384
2888.00,-2.9864,2.3637,1.2018
2888.25,-3.3960,1.5576,1.5494
2888.50,-3.7480,1.3410,2.1521
2888.75,-3.4578,1.1591,2.5887
2889.00,-3.4027,1.8577,2.9901
2889.25,-3.8966,2.9000,2.4525
2889.50,-3.2599,3.2221,2.0238
2889.75,-2.7181,3.7562,1.9786
2890.00,-2.3698,4.3485,1.6695
2890.25,-1.8217,5.0292,1.9450
2890.50,-1.6685,4.4666,2.2401
2890.75,-1.9181,4.0334,2.2667
2891.00,-2.6849,3.8492,1.6546
2891.25,-4.0806,4.3902,1.0159
2891.50,-3.9672,3.7352,1.4174
2891.75,-4.6387,3.5630,1.5414
2892.00,-5.1814,4.1964,2.0154
2892.25,-5.3695,4.1339,2.3062
2892.50,-5.5547,3.6327,2.0037
2892.75,-4.4250,3.0987,1.5771
2893.00,-3.4386,2.5223,0.8282
2893.25,-3.1394,3.2079,0.8502
2893.50,-3.3984,3.2064,1.0409
2893.75,-3.7473,3.2511,1.2067
2894.00,-4.2497,3.7865,1.7932
2894.25,-4.4614,3.9088,2.4860
2894.50,-4.6121,3.7597,2.8214
2894.75,-3.5774,3.4747,2.4702
2895.00,-3.2306,2.5746,1.9148
2895.25,-3.4736,2.5298,1.3590
2895.50,-5.0356,2.5698,0.7297
2895.75,-5.1919,1.9777,0.7617
2896.00,-5.1946,1.9736,0.5593
2896.25,-4.8258,3.0740,-0.1117
2896.50,-5.1030,3.7428,0.0500
2896.75,-4.5899,3.7312,0.4793
2897.00,-4.7254,3.9665,0.2822
2897.25,-4.4724,3.4218,0.4139
2897.50,-4.3449,3.4553,0.7718
2897.75,-4.2067,3.1856,1.3327
2898.00,-3.6021,2.4502,1.7901
2898.25,-3.2672,1.8773,2.1964
2898.50,-2.8599,1.3411,2.3664
2898.75,-3.3223,1.6109,2.1072
2899.00,-4.2024,1.1925,2.2872
2899.25,-4.1292,1.5731,1.9720
2899.50,-3.5496,2.3776,1.9662
2899.75,-3.4352,2.7548,2.2319
2900.00,-3.0581,2.8511,2.0499
2900.25,-3.8922,3.1964,2.3724
2900.50,-5.2622,2.3676,2.4252
2900.75,-6.1920,2.8133,2.1084
2901.00,-6.5883,4.1416,1.8582
2901.25,-6.2935,4.4651,2.4982
2901.50,-6.2823,4.3720,3.2121
2901.75,-6.0809,4.7885,3.0075
2902.00,-4.8329,4.5605,2.7874
2902.25,-3.9254,4.4004,2.1665
2902.50,-3.1869,3.8722,1.7232
2902.75,-2.8816,3.1484,2.0659
2903.00,-3.4535,3.5068,2.3886
2903.25,-3.4303,3.7555,2.3261
2903.50,-3.9175,3.4562,2.4904
2903.75,-4.6662,4.3557,3.2690
2904.00,-4.7781,4.5910,4.0538
2904.25,-4.6013,4.6172,4.6101
2904.50,-4.4749,4.9055,4.7339
2904.75,-3.1302,4.2684,4.3726
2905.00,-3.1598,3.6637,4.1113
2905.25,-4.3041,3.5443,4.1380
2905.50,-4.9998,3.8717,3.5900
2905.75,-6.4245,3.9217,3.8056
2906.00,-7.1384,3.9480,4.0280
2906.25,-6.7830,3.8091,4.6742
2906.50,-5.4538,3.4749,4.7525
2906.75,-4.7463,3.7376,4.3157
2907.00,-5.3309,4.6438,4.0631
2907.25,-6.2265,4.8205,3.9098
2907.50,-6.1374,4.6048,3.7276
2907.75,-5.6440,5.3605,3.9627
2908.00,-4.9015,5.4095,3.7692
2908.25,-4.6805,5.0988,4.0044
2908.50,-5.2218,4.6179,3.9761
2908.75,-6.5629,4.1270,4.5363
2909.00,-6.9472,3.5408,4.8632
2909.25,-6.3952,2.6250,4.9791
2909.50,-5.8789,3.0345,4.5637
2909.75,-5.3244,3.5058,4.3449
2910.00,-6.0966,3.0758,4.1774
2910.25,-5.3374,2.9921,4.4258
2910.50,-4.6193,3.5444,4.6562
2910.75,-4.5451,3.8995,4.8073
2911.00,-5.5391,4.0113,5.1654
2911.25,-6.2092,3.7279,4.8703
2911.50,-5.7028,3.2458,5.0991
2911.75,-4.6542,3.4758,5.5050
2912.00,-4.4914,3.2657,5.0025
2912.25,-5.5472,3.0539,4.7479
2912.50,-5.0124,2.4283,4.7853
2912.75,-5.4189,1.8215,4.5499
2913.00,-6.9208,1.8058,4.0612
2913.25,-7.8410,1.8200,3.6320
2913.50,-9.1347,2.0037,3.4326
2913.75,-9.5437,2.2561,3.2416
2914.00,-10.0894,2.0674,3.4768
2914.25,-10.6569,1.9778,3.5647
2914.50,-9.4965,2.0187,3.3965
2914.75,-9.2207,2.6938,4.2260
2915.00,-8.7754,2.5316,4.4632
2915.25,-8.7655,2.1781,4.3306
2915.50,-8.8915,1.8969,4.0741
2915.75,-8.9112,2.5460,2.9877
2916.00,-9.4005,3.2316,2.8462
2916.25,-9.2074,3.5868,2.5808
2916.50,-8.6253,4.3483,2.5458
2916.75,-8.7598,4.4353,2.6030
2917.00,-9.5907,3.6256,2.3776
2917.25,-9.2387,2.8669,2.7752
2917.50,-9.3274,3.1882,3.1261
2917.75,-8.8489,3.2856,3.3079
2918.00,-8.7493,2.5145,3.3111
2918.25,-7.9680,1.5799,3.0409
2918.50,-8.6570,1.8021,3.1457
2918.75,-8.7427,2.1230,3.3122
2919.00,-8.8371,2.5114,2.9856
2919.25,-8.1238,2.5864,2.4023
2919.50,-8.4443,2.5008,1.8589
2919.75,-7.8002,2.4309,1.6178
2920.00,-7.1298,1.8096,1.3821
2920.25,-6.4930,2.2372,1.4533
2920.50,-5.7418,2.0174,1.1936
2920.75,-5.4128,2.2421,1.0800
2921.00,-6.1180,2.7521,0.6092
2921.25,-7.0989,3.5232,0.4630
2921.50,-6.8722,3.6687,0.8067
2921.75,-6.5510,3.7580,0.6329
2922.00,-7.5077,4.2217,0.4359
2922.25,-8.0852,3.2631,1.1331
2922.50,-8.5489,2.7107,1.3759
2922.75,-9.3689,2.1372,1.6127
2923.00,-9.5539,2.2817,1.6190
2923.25,-9.1968,3.1032,1.3512
2923.50,-9.1241,3.9744,1.4384
2923.75,-8.3673,4.3820,1.8807
2924.00,-7.2568,4.1732,2.0691
2924.25,-7.5374,4.4851,2.7890
2924.50,-7.6235,4.5496,3.4430
2924.75,-7.5373,4.7529,3.6406
2925.00,-8.0107,4.7509,3.5657
2925.25,-9.6531,4.6222,3.4159
2925.50,-9.2619,4.0239,3.5289
2925.75,-8.5755,4.6548,3.0512
2926.00,-8.4882,4.2033,2.3748
2926.25,-8.6402,4.0975,1.9999
2926.50,-7.6557,4.3035,1.9262
2926.75,-7.3815,3.4167,1.8818
2927.00,-6.4467,2.6936,2.3065
2927.25,-6.2649,2.3343,2.4724
2927.50,-6.1064,2.9872,2.4401
2927.75,-5.3319,3.2569,2.8051
2928.00,-5.0807,2.9446,2.5879
2928.25,-5.7134,3.4455,2.4330
2928.50,-6.3931,4.5066,2.6345
2928.75,-6.4703,4.2678,2.5879
2929.00,-6.4986,4.0792,2.7530
2929.25,-6.7355,3.9784,2.8357
2929.50,-6.0841,2.9807,2.7191
2929.75,-5.3872,3.4441,2.7619
2930.00,-4.4122,3.9214,3.1400
2930.25,-4.7821,4.8203,3.4961
2930.50,-5.7990,4.8567,3.5140
2930.75,-6.8585,4.1661,3.5154
2931.00,-7.1946,4.4499,3.3656
2931.25,-6.9997,4.4179,3.5932
2931.50,-5.7525,3.6335,3.6629
2931.75,-4.9770,3.2439,3.3566
2932.00,-5.6397,2.7644,3.4534
2932.25,-6.8941,3.0767,2.7355
2932.50,-7.1037,3.0437,2.5902
2932.75,-6.9482,3.6284,2.8888
2933.00,-6.4666,3.9957,2.7024
2933.25,-6.4943,3.7760,1.6970
2933.50,-6.5953,3.6078,1.2671
2933.75,-7.3740,2.8870,1.7879
2934.00,-7.3852,2.4926,2.1299
2934.25,-6.9130,3.5049,2.5514
2934.50,-5.5538,3.8137,2.4078
2934.75,-4.7994,3.4670,1.9510
2935.00,-5.6571,4.4280,1.7747
2935.25,-6.0158,5.0407,1.5739
2935.50,-6.6624,4.5040,1.4618
2935.75,-6.3076,4.3038,1.1404
2936.00,-6.1734,3.8452,0.5725
2936.25,-5.1699,3.6607,1.2069
2936.50,-4.8270,3.2555,1.7587
2936.75,-6.3536,4.0306,1.6199
2937.00,-7.1776,4.5352,1.0929
2937.25,-7.2571,4.7756,0.9070
2937.50,-6.8867,4.6500,1.2778
2937.75,-6.1034,4.4449,1.3490
2938.00,-5.7672,4.2377,1.8926
2938.25,-5.8393,4.2976,2.2499
2938.50,-5.9726,4.7069,2.0579
2938.75,-5.8542,4.3600,1.8634
2939.00,-5.7173,5.4138,2.5351
2939.25,-5.9870,5.0949,2.2700
2939.50,-5.7208,5.0024,1.4788
2939.75,-6.2633,4.9758,1.3447
2940.00,-6.2805,4.3813,1.4037
2940.25,-6.6347,3.8329,1.5277
2940.50,-6.3275,3.9495,1.3940
2940.75,-5.7945,4.0711,1.1461
2941.00,-5.7404,4.5493,0.9202
2941.25,-5.7633,4.9024,0.1153
2941.50,-5.5882,5.0263,-0.2597
2941.75,-6.4029,5.2712,-0.0695
2942.00,-7.0935,6.0479,0.0601
2942.25,-8.0809,5.9043,-0.2142
2942.50,-7.9060,6.4574,-0.5659
2942.75,-7.4909,6.2139,0.0931
2943.00,-7.8167,5.7843,0.2438
2943.25,-7.3581,4.9161,0.0913
2943.50,-6.7656,4.2054,0.3506
2943.75,-5.7749,3.8990,0.4902
2944.00,-5.8936,3.8258,0.1515
2944.25,-6.0572,3.6282,-0.1464
2944.50,-7.1061,4.1008,-0.6883
2944.75,-7.5440,4.9610,-0.1734
2945.00,-8.0376,5.5346,0.9055
2945.25,-8.2472,5.4867,1.0714
2945.50,-8.5156,4.6682,1.0029
2945.75,-7.7381,4.6595,1.1127
2946.00,-7.3861,4.4802,0.8292
2946.25,-6.1141,4.3364,0.3144
2946.50,-6.6181,3.8394,0.3186
2946.75,-7.1453,2.9632,-0.1688
2947.00,-7.5136,3.7089,-0.4728
2947.25,-7.8180,4.0692,-0.2483
2947.50,-8.1068,3.8140,-0.1864
2947.75,-8.8175,4.0983,0.4034
2948.00,-9.0853,4.3272,0.3734
2948.25,-8.7001,4.9666,0.4543
2948.50,-7.9543,4.9518,0.5435
2948.75,-6.8376,4.8548,0.4118
2949.00,-5.5087,4.8318,0.5190
2949.25,-4.7861,4.4166,0.5723
2949.50,-4.6728,4.1480,0.7055
2949.75,-4.6298,3.7000,0.6570
2950.00,-5.5794,3.9551,0.8359
2950.25,-4.6758,4.0639,0.8659
2950.50,-3.9195,4.2075,1.3805
2950.75,-4.1772,4.9247,1.4648
2951.00,-5.4234,5.4179,0.8590
2951.25,-6.6239,5.6784,1.1623
2951.50,-7.5780,5.1255,0.9314
2951.75,-7.8207,5.1978,0.3441
2952.00,-7.4764,5.6428,0.4406
2952.25,-6.6089,5.8635,0.6316
2952.50,-5.8687,5.1622,0.9303
2952.75,-5.6465,5.1063,1.3173
2953.00,-6.3029,4.8759,1.1911
2953.25,-7.3616,5.1488,1.3405
2953.50,-7.8937,5.1971,1.6001
2953.75,-7.2568,5.1798,1.8386
2954.00,-6.7823,5.3229,1.8333
2954.25,-5.8333,5.5472,2.1871
2954.50,-5.3173,6.4584,2.7920
2954.75,-6.0979,7.0656,2.5747
2955.00,-6.3270,7.0754,2.3924
2955.25,-5.2366,6.3046,2.5170
2955.50,-4.6264,6.5262,2.2805
2955.75,-4.7342,6.6869,2.1179
2956.00,-4.9733,5.7712,2.2863
2956.25,-5.4374,5.6166,2.4480
2956.50,-4.8455,5.7262,2.3811
2956.75,-4.5469,6.1769,2.7319
2957.00,-4.1067,5.8615,2.1452
2957.25,-4.1066,5.9453,1.7981
2957.50,-4.0412,5.7516,1.3552
2957.75,-2.9875,5.4066,1.8586
2958.00,-2.7376,5.4506,1.8268
2958.25,-3.3517,5.5341,1.6017
2958.50,-3.7887,5.3264,1.9886
2958.75,-3.6387,5.3617,2.3733
2959.00,-3.6750,5.0933,2.8761
2959.25,-3.7672,4.5938,2.8080
2959.50,-3.9308,4.7768,2.8382
2959.75,-3.5804,5.2307,2.9852
2960.00,-2.6820,5.0600,2.6154
2960.25,-2.6941,5.0175,2.7148
2960.50,-3.3608,5.1738,2.4625
2960.75,-3.5666,5.6336,1.6913
2961.00,-2.5664,5.9433,1.6348
2961.25,-2.1369,5.6365,2.1420
2961.50,-2.0126,5.8120,2.2833
2961.75,-2.1703,5.8737,2.5562
2962.00,-2.4301,4.9276,2.4787
2962.25,-2.2235,4.8265,2.3437
2962.50,-3.2886,4.3303,2.1942
2962.75,-3.8939,4.7747,2.0280
2963.00,-3.3158,5.0414,2.2324
2963.25,-3.9029,4.8578,1.9633
2963.50,-4.6123,3.6468,2.2448
2963.75,-4.3229,2.5044,2.3803
2964.00,-4.1995,2.5406,2.7145
2964.25,-3.3435,2.8771,3.0359
2964.50,-3.0267,2.7222,3.1406
2964.75,-2.3380,3.1732,2.7525
2965.00,-2.8339,3.6636,2.3985
2965.25,-2.8266,3.4647,2.2811
2965.50,-3.5648,3.4626,2.0333
2965.75,-3.9727,4.2000,1.5478
2966.00,-3.7012,3.6212,2.0298
2966.25,-3.5177,3.5723,2.3024
2966.50,-4.3703,3.7178,1.4901
2966.75,-5.6953,3.5518,1.5043
2967.00,-6.3047,3.9636,1.5822
2967.25,-6.3890,4.0782,1.1796
2967.50,-6.3867,4.1032,0.7695
2967.75,-6.1235,4.4436,0.8110
2968.00,-6.1546,4.5100,0.4941
2968.25,-6.5562,4.7559,0.3115
2968.50,-6.9015,4.5596,0.1076
2968.75,-6.9499,4.3568,0.1168
2969.00,-6.8900,4.1194,0.4948
2969.25,-6.4536,5.4050,0.7236
2969.50,-6.0254,5.7127,0.5474
2969.75,-5.4363,5.2884,0.9275
2970.00,-4.9961,5.9161,1.2436
2970.25,-4.8263,6.4232,1.6021
2970.50,-4.6827,5.6655,1.4966
2970.75,-3.8190,5.0303,1.6621
2971.00,-3.6701,4.7281,1.4559
2971.25,-3.8929,4.4230,1.4505
2971.50,-4.1334,5.2259,1.5670
2971.75,-4.6996,5.4236,1.1829
2972.00,-4.0273,5.6721,1.0809
2972.25,-4.2704,5.7120,0.7712
2972.50,-4.3090,5.1701,0.9092
2972.75,-4.3942,4.5939,0.7054
2973.00,-4.7199,4.3518,1.0464
2973.25,-4.9469,4.3186,1.0569
2973.50,-5.0232,4.5555,0.8608
2973.75,-4.9660,4.5394,0.7952
2974.00,-4.4470,4.6592,0.6629
2974.25,-4.6613,4.9266,0.6820
2974.50,-5.1234,4.1440,0.9256
2974.75,-5.8281,4.2474,1.0269
2975.00,-5.1926,4.3086,1.0416
2975.25,-3.9613,4.1999,0.6808
2975.50,-4.0114,4.4590,0.4259
2975.75,-4.0661,3.9275,0.3331
2976.00,-51.7608,3.3321,0.7740
2976.25,-4.1800,3.2922,0.6929
2976.50,-4.3976,3.0255,0.3243
2976.75,-5.0891,2.9669,-0.1792
2977.00,-5.1406,3.2217,0.4066
2977.25,-4.1523,3.0296,0.5871
2977.50,-3.7859,2.5374,0.5785
2977.75,-3.6520,3.4433,0.2674
2978.00,-4.2923,3.9737,0.3742
2978.25,-4.8553,3.0343,0.3791
2978.50,-5.0846,2.1351,0.5225
2978.75,-5.5984,2.0242,1.3102
2979.00,nan,nan,nan
2979.25,nan,nan,nan
2979.50,nan,nan,nan
2979.75,nan,nan,nan
2980.00,nan,nan,nan
2980.25,nan,nan,nan
2980.50,nan,nan,nan
2980.75,nan,nan,nan
2981.00,nan,nan,nan
2981.25,nan,nan,nan
2981.50,nan,nan,nan
2981.75,nan,nan,nan
2982.00,nan,nan,nan
2982.25,nan,nan,nan
2982.50,nan,nan,nan
2982.75,nan,nan,nan
2983.00,nan,nan,nan
2983.25,nan,nan,nan
2983.50,nan,nan,nan
2983.75,nan,nan,nan
2984.00,nan,nan,nan
2984.25,nan,nan,nan
2984.50,nan,nan,nan
2984.75,nan,nan,nan
2985.00,nan,nan,nan
2985.25,nan,nan,nan
2985.50,nan,nan,nan
2985.75,nan,nan,nan
2986.00,nan,nan,nan
2986.25,nan,nan,nan
2986.50,nan,nan,nan
2986.75,nan,nan,nan
2987.00,nan,nan,nan
2987.25,nan,nan,nan
2987.50,nan,nan,nan
2987.75,nan,nan,nan
2988.00,nan,nan,nan
2988.25,nan,nan,nan
2988.50,nan,nan,nan
2988.75,nan,nan,nan
2989.00,nan,nan,nan
2989.25,nan,nan,nan
2989.50,nan,nan,nan
2989.75,nan,nan,nan
2990.00,nan,nan,nan
2990.25,nan,nan,nan
2990.50,nan,nan,nan
2990.75,nan,nan,nan
2991.00,nan,nan,nan
2991.25,nan,nan,nan
2991.50,nan,nan,nan
2991.75,nan,nan,nan
2992.00,nan,nan,nan
2992.25,nan,nan,nan
2992.50,nan,nan,nan
2992.75,nan,nan,nan
2993.00,nan,nan,nan
2993.25,nan,nan,nan
2993.50,nan,nan,nan
2993.75,nan,nan,nan
2994.00,nan,nan,nan
2994.25,nan,nan,nan
2994.50,nan,nan,nan
2994.75,nan,nan,nan
2995.00,nan,nan,nan
2995.25,nan,nan,nan
2995.50,nan,nan,nan
2995.75,nan,nan,nan
2996.00,nan,nan,nan
2996.25,nan,nan,nan
2996.50,nan,nan,nan
2996.75,nan,nan,nan
2997.00,nan,nan,nan
2997.25,-3.4856,5.1131,-0.3055
2997.50,-3.8378,5.4506,-0.4117
2997.75,-4.6701,5.4008,-0.5729
2998.00,-3.5941,6.3643,-0.7605
2998.25,-4.1582,6.6906,-1.2538
2998.50,-3.9932,6.0798,-1.2347
2998.75,-3.7025,5.8673,-0.6233
2999.00,-3.1152,6.2130,-0.3743
2999.25,-3.2930,5.8764,-1.1018
2999.50,-3.2284,5.5037,-1.7433
2999.75,-2.9256,4.7249,-1.3064
3000.00,-3.5154,4.7031,-0.8264
3000.25,-3.0498,4.9471,-0.6515
3000.50,-3.0840,5.4295,-0.7596
3000.75,-3.6943,5.7419,-0.2374
3001.00,-3.8058,5.6675,0.5444
3001.25,-4.3600,6.0055,0.9822
3001.50,-4.9529,6.0470,0.6758
3001.75,-4.7146,5.5293,0.8735
3002.00,-4.4533,5.4645,0.9824
3002.25,-4.1984,5.4611,0.5688
3002.50,-3.4617,5.4322,0.0314
3002.75,-2.8809,5.4207,0.1604
3003.00,-2.8705,5.6302,0.2054
3003.25,-2.9356,4.9739,0.5602
3003.50,-2.8604,4.1225,-0.0551
3003.75,-3.4637,3.1704,-0.3878
3004.00,-5.1824,3.5158,0.0583
3004.25,-6.5928,4.2048,0.8230
3004.50,-6.2836,4.6335,0.9824
3004.75,-5.3977,4.2192,0.7392
3005.00,-4.4259,3.5469,0.4632
3005.25,-4.6015,2.7274,-0.3240
3005.50,-4.6128,2.3423,-0.2165
3005.75,-4.6037,2.0905,-0.2828
3006.00,-4.1122,2.3526,-0.5815
3006.25,-3.9038,3.1144,-0.1053
3006.50,-3.5644,3.0003,-0.1435
3006.75,-3.8996,3.0441,0.2834
3007.00,-4.1122,2.1277,0.8881
3007.25,-4.6098,1.0117,1.0485
3007.50,-4.7897,0.9912,0.8272
3007.75,-3.9690,1.1575,0.8694
3008.00,-2.6274,0.9559,0.6555
3008.25,-2.3143,0.9614,0.5012
3008.50,-2.1722,1.3963,0.5111
3008.75,-2.0412,2.9003,0.9294
3009.00,-2.3773,3.1697,0.6470
3009.25,-2.7331,2.8538,-0.0081
3009.50,-2.9291,2.4543,-0.3351
3009.75,-3.6875,2.5083,-0.0406
3010.00,-3.9813,2.6480,-0.1584
3010.25,-3.4018,2.4533,-0.3621
3010.50,-4.0778,2.8764,-0.2720
3010.75,-5.1235,3.3477,0.0276
3011.00,-4.2278,3.5148,0.0672
3011.25,-4.5042,3.6590,0.6513
3011.50,-5.0970,4.4114,0.8158
3011.75,-4.6870,4.9200,0.0452
3012.00,-4.2518,4.8281,-0.4001
3012.25,-4.1720,4.5729,-0.2070
3012.50,-3.7788,4.7117,0.0779
3012.75,-3.6512,4.9545,0.0986
3013.00,-3.8108,5.7378,-0.4245
3013.25,-4.4565,6.6104,-0.5372
3013.50,-5.4580,7.0089,-0.4974
3013.75,-5.6202,6.5024,-0.6679
3014.00,-4.8565,6.7856,-0.6213
3014.25,-4.4752,7.1259,-0.6118
3014.50,-4.6755,5.8180,-0.2160
3014.75,-4.9820,5.2021,0.3921
3015.00,-4.5960,4.9268,0.5569
3015.25,-3.5382,4.2721,0.7151
3015.50,-2.2680,4.2711,0.3829
3015.75,-2.4284,4.4087,0.4595
3016.00,-2.1729,5.3404,0.9732
3016.25,-2.7083,6.2653,1.4503
3016.50,-3.4696,6.0810,1.4466
3016.75,-4.3322,5.6506,1.8072
3017.00,-4.9350,5.0177,1.6630
3017.25,-5.1077,4.7106,1.6188
3017.50,-4.0347,4.8834,1.4963
3017.75,-3.8110,5.3450,1.0909
3018.00,-3.7906,5.7235,0.6148
3018.25,-4.0096,5.4324,0.9118
3018.50,-4.0699,5.7863,1.2706
3018.75,-3.8558,4.8296,1.0818
3019.00,-5.1760,4.7902,0.8763
3019.25,-5.6540,5.1471,1.2739
3019.50,-5.3259,4.6209,1.3086
3019.75,-6.0601,4.2936,1.0121
3020.00,-6.3322,4.1345,1.2162
3020.25,-5.5344,4.3869,1.2968
3020.50,-4.7872,4.3594,1.1108
3020.75,-4.5321,3.7693,0.9349
3021.00,-4.2412,3.3303,0.7922
3021.25,-4.5366,3.2662,0.6173
3021.50,-4.1801,3.7184,0.7244
3021.75,-3.9554,4.3925,0.5924
3022.00,-3.4165,5.1727,1.2645
3022.25,-3.9709,6.3054,1.7804
3022.50,-4.5164,6.8161,1.7895
3022.75,-5.2249,6.0600,1.1661
3023.00,-6.2259,5.8375,0.9841
3023.25,-4.8483,5.9342,0.5191
3023.50,-3.6134,5.7550,0.3573
3023.75,-3.3618,6.4284,0.7929
3024.00,-4.1441,6.9333,1.1237
3024.25,-3.8706,6.7868,0.6826
3024.50,-4.4113,6.5722,0.5793
3024.75,-4.2629,6.8453,0.4908
3025.00,-3.7451,6.3727,0.9960
3025.25,-3.7024,5.8566,0.9128
3025.50,-2.8827,5.7619,0.4444
3025.75,-0.7848,5.5211,0.4218
3026.00,-1.0272,5.7792,0.2514
3026.25,-1.9918,5.9694,0.5244
3026.50,-2.6072,6.5588,1.0443
3026.75,-2.8103,6.7678,0.9327
3027.00,-3.0337,6.9444,0.7155
3027.25,-1.8865,6.7449,0.1726
3027.50,-1.8190,6.3098,-0.1394
3027.75,-2.5799,5.7533,0.0838
3028.00,-2.9139,6.2503,0.6763
3028.25,-3.7604,5.9171,0.9739
3028.50,-3.3705,6.0958,1.5003
3028.75,-4.0393,5.8332,0.9219
3029.00,-4.0822,5.4401,1.1178
3029.25,-3.7212,5.0511,1.0385
3029.50,-4.0504,4.3620,0.5210
3029.75,-3.4718,3.6609,0.1442
3030.00,-4.1165,4.3800,1.0339
3030.25,-4.0934,5.1178,1.9118
3030.50,-4.2527,4.9618,2.4327
3030.75,-3.7519,5.3052,2.2975
3031.00,-4.6149,5.1915,1.8389
3031.25,-4.8441,4.6858,1.0239
3031.50,-5.5069,4.4001,0.7421
3031.75,-4.2623,4.2175,0.7152
3032.00,-3.6202,4.4317,0.7674
3032.25,-4.0758,4.8545,1.0083
3032.50,-3.5889,4.8653,1.4907
3032.75,-3.0039,4.5136,1.5580
3033.00,-3.9058,4.9460,1.5400
3033.25,-4.9651,4.7436,1.2460
3033.50,-4.4579,4.9195,1.4885
3033.75,-3.4924,4.1607,1.9221
3034.00,-2.4539,3.9028,2.3190
3034.25,-1.9522,3.4147,2.4659
3034.50,-2.2690,4.2347,1.7532
3034.75,-2.0276,4.6984,1.5438
3035.00,-1.2827,4.9553,1.0769
3035.25,-0.2843,5.0758,1.4126
3035.50,-0.1005,4.6735,2.2745
3035.75,-1.6309,4.1774,2.8412
3036.00,-2.8813,4.5817,3.4608
3036.25,-3.5085,4.1276,3.0946
3036.50,-3.8128,2.9513,1.9642
3036.75,-4.2416,2.0019,1.0043
3037.00,-4.8106,2.0194,1.0134
3037.25,-4.0363,1.2019,1.6293
3037.50,-3.2730,1.5466,1.9741
3037.75,-2.6734,2.5613,2.5854
3038.00,-2.3907,2.6593,2.3346
3038.25,-1.8979,3.5088,2.0322
3038.50,-1.4426,3.7607,1.0151
3038.75,-1.0292,3.6971,0.6063
3039.00,-1.7857,3.0804,0.6727
3039.25,-1.9868,3.2404,1.0843
3039.50,-2.3074,3.1068,0.8930
3039.75,-1.9889,3.1157,0.6577
3040.00,-2.1755,3.3640,0.6588
3040.25,-2.2601,4.4227,0.5479
3040.50,-2.0971,5.1512,0.4319
3040.75,-1.9726,4.9834,0.9717
3041.00,-2.1136,4.3855,1.0948
3041.25,-2.2585,3.7761,1.0245
3041.50,-2.3859,3.3122,0.5186
3041.75,-2.4548,3.3776,-0.0654
3042.00,-2.0417,3.1597,-0.2448
3042.25,-1.7967,2.1465,-0.3413
3042.50,-1.7215,2.5474,0.0024
3042.75,-2.2179,2.3004,-0.0812
3043.00,-2.2830,2.3929,0.2608
3043.25,-3.0872,2.4869,0.7699
3043.50,-3.4500,2.6998,0.7313
3043.75,-3.4529,2.2255,0.5664
3044.00,-3.6974,3.0444,0.9886
3044.25,-4.0973,3.3585,0.9860
3044.50,-3.4780,3.2905,0.8826
3044.75,-3.4172,3.0970,0.9311
3045.00,-4.9941,2.7057,1.0846
3045.25,-5.8277,3.1610,0.7463
3045.50,-4.4846,3.3116,0.9412
3045.75,-3.1652,3.6519,1.3249
3046.00,-2.2141,4.1366,0.6090
3046.25,-2.2943,4.0012,0.6885
3046.50,-3.2545,3.7691,0.5003
3046.75,-3.1647,3.8086,1.2036
3047.00,-4.1080,3.4006,1.2607
3047.25,-4.4871,3.0037,0.7242
3047.50,-4.4377,2.9023,0.2190
3047.75,-3.1141,1.7161,0.0081
3048.00,-2.3894,1.7235,0.2465
3048.25,-2.0272,2.3039,0.2863
3048.50,-1.7819,2.2711,0.3472
3048.75,-1.5569,2.3064,0.0868
3049.00,-1.2380,2.7497,0.6882
3049.25,-0.9338,3.1552,0.8226
3049.50,-1.4938,2.4587,0.5385
3049.75,-1.2000,2.1146,-0.2252
3050.00,-1.5882,1.8485,0.1043
3050.25,-1.4359,1.3881,0.0557
3050.50,-1.6091,0.7633,0.3211
3050.75,-2.3930,1.2978,0.2007
3051.00,-2.8084,1.4656,-0.0401
3051.25,-3.1610,1.4007,-0.2882
3051.50,-2.8887,0.9075,-0.6245
3051.75,-3.4482,-0.0733,-0.6402
3052.00,-3.6507,-0.0689,-0.7068
3052.25,-2.7123,-0.1314,-0.4960
3052.50,-2.7558,-0.0926,0.1562
3052.75,-3.3365,-0.4121,0.7994
3053.00,-3.2862,-0.5361,0.7168
3053.25,-3.1607,0.0232,1.0725
3053.50,-2.0568,0.5820,0.4009
3053.75,-1.5710,0.7235,-0.7776
3054.00,-2.3630,1.4158,-1.2531
3054.25,-1.7876,2.2598,-0.1882
3054.50,-1.7072,2.9218,0.3787
3054.75,-1.2338,2.6005,0.3637
3055.00,-2.0372,2.0333,0.5274
3055.25,-2.6657,0.7417,0.9498
3055.50,-1.7570,0.8925,1.0208
3055.75,-1.8406,1.0561,-0.1733
3056.00,-2.9179,0.4159,-1.0103
3056.25,-2.0560,0.0680,-1.2329
3056.50,-2.3081,0.4932,-0.4130
3056.75,-1.8315,1.5127,0.2263
3057.00,-2.1206,2.2469,0.1041
3057.25,-2.8574,2.7194,-0.4573
3057.50,-2.6406,3.0159,-0.7509
3057.75,-3.0650,3.0931,-0.7649
3058.00,-3.2351,3.2012,-1.0274
3058.25,-3.4756,3.3174,-0.9261
3058.50,-4.2432,2.4788,0.0809
3058.75,-4.5165,2.2244,0.5348
3059.00,-4.7813,1.9263,-0.1791
3059.25,-4.1562,1.2020,-1.3101
3059.50,-3.1419,1.0493,-0.9508
3059.75,-2.6933,2.0437,-0.9766
3060.00,-2.2848,2.4410,-1.0960
3060.25,-2.8114,2.4582,-1.3708
3060.50,-3.8856,2.0213,-1.4219
3060.75,-4.5424,1.2886,-1.1350
3061.00,-4.0217,1.5608,-0.8196
3061.25,-3.4461,1.8100,-0.3344
3061.50,-3.5831,2.4941,0.0959
3061.75,-3.2229,2.9130,-0.1086
3062.00,-2.6016,2.5635,0.3875
3062.25,-2.9416,2.4544,0.4885
3062.50,-2.9884,2.3125,0.2104
3062.75,-2.8655,2.2156,-0.3854
3063.00,-2.0570,2.1372,-0.8240
3063.25,-1.7662,2.2496,-0.9694
3063.50,-1.5212,2.3606,-1.2367
3063.75,-2.4388,2.0243,-0.8189
3064.00,-2.9482,1.9119,-0.6508
3064.25,-3.3572,1.9478,0.0289
3064.50,-3.7506,2.1688,0.5325
3064.75,-3.5082,2.9891,0.4222
3065.00,-3.3292,3.7076,0.2455
3065.25,-3.2407,3.6114,-0.0149
3065.50,-3.5860,3.2153,0.1860
3065.75,-4.4368,3.4518,0.7292
3066.00,-4.4715,3.3349,0.4984
3066.25,-4.2448,3.2771,0.2854
3066.50,-4.4425,3.3422,0.7838
3066.75,-3.7145,3.0149,0.5073
3067.00,-3.3456,2.4810,0.8907
3067.25,-3.5573,3.1227,0.5427
3067.50,-3.1125,3.0223,0.1457
3067.75,-3.1274,2.7273,0.4304
3068.00,-3.5076,2.4387,0.1686
3068.25,-4.6863,3.4324,-0.0642
3068.50,-4.5838,3.4130,-73.1707
3068.75,-3.5437,3.3101,-0.3060
3069.00,-3.3479,3.6958,-0.4332
3069.25,-2.8905,2.9087,-0.9462
3069.50,-4.0044,2.5859,-0.2891
3069.75,-4.9429,2.7790,0.0654
3070.00,-4.7913,2.9290,-0.2293
3070.25,-4.6950,3.2296,-0.5839
3070.50,-4.5564,3.7710,-0.9940
3070.75,-4.5691,4.1262,-1.3010
3071.00,-4.3531,4.1804,-1.0625
3071.25,-4.2733,3.8249,-0.6531
3071.50,-2.9880,3.8728,-0.8650
3071.75,-2.6925,4.5395,-1.1535
3072.00,-2.9101,4.5957,-0.8592
3072.25,-3.2530,4.4410,-0.9253
3072.50,-4.6103,4.1503,-1.2427
3072.75,-5.1758,3.9953,-1.3378
3073.00,-5.5472,4.2616,-1.2146
3073.25,-6.1529,4.8684,-1.4523
3073.50,-5.7781,5.0609,-0.7338
3073.75,-5.5468,4.7278,-0.1646
3074.00,-4.7855,3.6319,0.1965
3074.25,-4.5449,3.2546,0.5217
3074.50,-4.4123,2.7762,0.6707
3074.75,-4.3712,2.4362,0.9394
3075.00,-5.2057,2.7234,0.8210
3075.25,-4.5471,3.4272,1.1162
3075.50,-3.6362,3.8124,1.1635
3075.75,-3.4648,4.0716,1.1821
3076.00,-2.8446,3.0053,0.7724
3076.25,-3.3251,2.5003,0.5841
3076.50,-4.2007,2.4025,0.6186
3076.75,-4.7581,2.8494,0.6786
3077.00,-5.5749,2.9486,0.7913
3077.25,-5.2265,3.5427,1.1728
3077.50,-5.4409,2.8861,1.1093
3077.75,-5.4551,2.5775,1.1174
3078.00,-6.0177,2.8584,1.2551
3078.25,-6.0173,2.5874,1.4601
3078.50,-4.7479,2.2638,2.0353
3078.75,-4.7247,2.4239,2.1167
3079.00,-5.1936,3.2086,1.9215
3079.25,-5.6184,3.7283,1.7515
3079.50,-6.0864,3.6063,1.4573
3079.75,-6.3096,3.3821,1.9227
3080.00,-6.0424,2.9694,1.9192
3080.25,-5.7326,3.5721,2.3634
3080.50,-5.4223,3.2977,2.2617
3080.75,-5.6297,2.6697,1.4656
3081.00,-5.5480,3.0652,0.5178
3081.25,-5.1605,2.6097,0.9159
3081.50,-5.3565,2.0620,1.6297
3081.75,-5.5155,1.9547,1.9720
3082.00,-5.2015,2.4980,1.7587
3082.25,-5.2539,2.7331,1.6794
3082.50,-4.9551,3.7258,1.9557
3082.75,-4.8692,3.5415,2.2210
3083.00,-5.0332,3.4656,2.2195
3083.25,-6.5834,4.2948,2.2283
3083.50,-6.5995,4.7256,2.1478
3083.75,-6.1628,4.2462,2.0687
3084.00,-5.4904,2.9502,1.6967
3084.25,-5.1286,2.3636,1.9817
3084.50,-4.5899,2.3818,2.3720
3084.75,-4.9772,2.3692,2.6306
3085.00,-4.1994,1.7591,2.4976
3085.25,-3.2059,1.9857,2.8158
3085.50,-3.0015,2.3218,2.8720
3085.75,-3.0052,1.9253,3.0269
3086.00,-2.2350,1.4948,2.7746
3086.25,-2.0495,2.3094,2.6438
3086.50,-2.7092,2.1589,2.2932
3086.75,-3.2020,2.5313,2.1467
3087.00,-4.0384,2.7894,1.8513
3087.25,-4.0755,2.9885,1.5112
3087.50,-3.8666,3.3564,1.3295
3087.75,-4.0296,3.5508,1.2050
3088.00,-4.0669,2.9602,1.8850
3088.25,-4.5053,2.9041,2.5666
3088.50,-4.3541,3.1679,3.1088
3088.75,-4.7229,3.2936,3.0592
3089.00,-4.9032,3.4931,2.1593
3089.25,-3.7391,3.5728,2.0896
3089.50,-4.4633,3.2123,2.2565
3089.75,-4.1494,2.7191,2.7944
3090.00,-4.1490,3.2683,2.5747
3090.25,-3.1974,4.0205,2.0659
3090.50,-2.2012,3.8317,1.8953
3090.75,-2.0181,3.3530,1.3582
3091.00,-1.4827,2.6789,1.2227
3091.25,-2.0953,2.6137,1.8088
3091.50,-2.2852,2.2832,1.8610
3091.75,-2.0469,2.0361,2.1409
3092.00,-1.9575,2.0490,2.3421
3092.25,-1.2952,2.3129,2.7944
3092.50,0.5622,2.4494,2.1021
3092.75,0.9411,2.8445,1.7998
3093.00,1.2247,2.4934,2.5844
3093.25,1.0012,2.3919,2.9907
3093.50,0.6101,2.7998,3.4139
3093.75,0.0028,3.3980,2.6414
3094.00,-1.3133,3.3686,2.4380
3094.25,-1.5827,3.2889,3.5168
3094.50,-0.9930,3.5387,4.1857
3094.75,0.3052,4.6886,4.1168
3095.00,1.6038,4.9017,3.8304
3095.25,2.3440,4.8341,3.0784
3095.50,1.5441,4.4789,2.3746
3095.75,0.5669,4.0575,1.8086
3096.00,-0.0969,3.7249,1.8687
3096.25,-1.5308,3.2848,2.0814
3096.50,-1.5162,3.1199,2.1128
3096.75,-0.7163,2.9363,1.6213
3097.00,-0.5922,2.4228,1.5552
3097.25,-0.8750,3.2482,1.2480
3097.50,-1.5521,4.2478,0.9507
3097.75,-2.0152,4.4489,1.6345
3098.00,-1.8384,4.3599,2.6386
3098.25,-1.4331,3.6255,2.8200
3098.50,-1.3360,3.1591,2.3360
3098.75,-0.7978,3.2156,1.5966
3099.00,-0.7715,3.0909,1.9987
3099.25,-1.2989,3.0651,2.2087
3099.50,-1.3833,3.4225,2.2497
3099.75,-0.9203,3.4571,1.8206
3100.00,-1.3686,3.7439,1.4743
3100.25,-1.9664,3.7764,1.2601
3100.50,-2.3799,4.6590,1.1683
3100.75,-1.4872,4.3524,1.6121
3101.00,-2.2637,3.5454,1.7280
3101.25,-2.8800,2.4889,2.5736
3101.50,-3.5506,2.8339,2.5063
3101.75,-3.8598,3.1930,1.7169
3102.00,-3.4188,3.2402,1.5027
3102.25,-1.8294,3.5960,1.2233
3102.50,-1.9015,3.3228,1.1949
3102.75,-1.5603,3.0884,1.3411
3103.00,-1.5787,2.8683,1.1845
3103.25,-1.4704,3.0977,1.3463
3103.50,-1.2596,3.0498,1.5395
3103.75,-1.9492,3.2911,1.5943
3104.00,-2.4845,2.7384,1.6441
3104.25,-2.8480,2.1190,1.8534
3104.50,-2.6115,2.5883,2.3254
3104.75,-1.9763,2.5090,3.1708
3105.00,-1.0844,2.1352,2.4378
3105.25,-1.2967,2.6832,2.1143
3105.50,-1.4026,2.8030,1.3482
3105.75,-0.9446,2.4368,1.1272
3106.00,-1.1319,2.8605,1.8825
3106.25,-0.1449,2.9001,2.0530
3106.50,0.2953,3.2340,2.4710
3106.75,0.3088,3.3619,2.2074
3107.00,0.2659,4.2849,1.6447
3107.25,-0.6409,4.0130,2.3298
3107.50,-1.0739,4.0421,2.9157
3107.75,-1.2139,4.3388,3.4733
3108.00,-2.0054,4.0489,3.2974
3108.25,-2.7652,3.5017,3.1823
3108.50,-2.6422,2.7620,3.1637
3108.75,-3.3926,2.6601,2.5378
3109.00,-2.9395,2.6878,1.4768
3109.25,-2.9860,2.5755,1.5202
3109.50,-2.7336,2.1200,1.8313
3109.75,-2.2975,1.8048,1.5971
3110.00,-2.1603,1.8493,1.7207
3110.25,-1.6275,2.1975,1.7949
3110.50,-2.3166,2.0976,1.9454
3110.75,-2.8333,1.8856,1.6353
3111.00,-2.3895,0.9168,1.0197
3111.25,-2.2110,0.5546,0.8273
3111.50,-2.5481,0.8264,1.8099
3111.75,-1.7662,1.1785,1.8823
3112.00,-1.7835,2.0057,2.2738
3112.25,-1.1852,2.5426,2.3743
3112.50,-1.6881,2.0959,2.8065
3112.75,-2.6406,2.5169,2.9949
3113.00,-2.4440,2.2586,2.4998
3113.25,-2.0299,2.1435,2.4599
3113.50,-1.2673,2.3660,2.2566
3113.75,-0.8469,1.2499,2.5082
3114.00,-0.6693,0.8490,2.3298
3114.25,-0.8952,1.0536,2.7155
3114.50,-0.7128,1.7293,3.1741
3114.75,-1.1114,2.2533,3.1239
3115.00,-1.3931,2.4915,2.8880
3115.25,-2.3453,2.8169,2.2691
3115.50,-3.1188,2.7215,2.2000
3115.75,-3.6334,2.9432,2.1283
3116.00,-3.3866,2.8808,1.7887
3116.25,-3.1463,2.5507,1.3048
3116.50,-3.1699,2.2392,1.4268
3116.75,-2.3534,2.2849,1.6779
3117.00,-0.8752,2.2607,1.8866
3117.25,-2.0730,2.7293,1.4882
3117.50,-2.0714,2.2931,1.3481
3117.75,-2.4055,2.8895,1.8731
3118.00,-3.2449,2.8431,1.9576
3118.25,-2.8271,2.3707,1.9826
3118.50,-2.4676,2.1126,2.1496
3118.75,-1.3136,2.3838,1.9800
3119.00,-1.3646,2.6409,2.2442
3119.25,-1.7412,2.2731,2.3760
3119.50,-2.1813,3.0144,1.8705
3119.75,-2.1616,3.2827,1.8708
3120.00,-1.5866,3.1568,2.1410
3120.25,-0.8504,3.0591,2.5083
3120.50,-0.1920,3.4519,3.0591
3120.75,-0.2869,3.9774,2.9739
3121.00,-0.4571,4.3757,2.1633
3121.25,-0.3200,3.6929,2.2217
3121.50,-0.7505,3.2170,2.8945
3121.75,-2.5076,3.3029,2.9221
3122.00,-3.0844,3.3857,2.4306
3122.25,-2.9168,2.9997,2.0971
3122.50,-3.3822,2.8548,2.2381
3122.75,-3.6767,2.4235,2.3981
3123.00,-2.9224,3.0865,3.1995
3123.25,-2.6538,2.8585,2.9942
3123.50,-2.6161,2.9399,2.4596
3123.75,-2.3043,2.3829,2.1953
3124.00,-2.2707,2.1033,2.3838
3124.25,-2.9382,1.5911,3.0592
3124.50,-3.9470,1.7031,3.2610
3124.75,-4.5714,1.4805,3.1202
3125.00,-3.3898,1.1615,2.6166
3125.25,-2.8912,1.4191,2.5614
3125.50,-3.0038,1.5052,2.2555
3125.75,-4.0073,2.3161,1.8587
3126.00,-4.5782,3.0189,1.3153
3126.25,-4.8141,2.3192,0.4769
3126.50,-5.3296,0.7021,0.7521
3126.75,-4.4516,0.2830,1.4193
3127.00,-3.8121,0.2935,1.5157
3127.25,-3.3424,0.4247,1.7226
3127.50,-3.4707,0.5614,2.0433
3127.75,-3.9526,1.6403,2.3901
3128.00,-3.9912,1.3953,2.3715
3128.25,-3.5318,0.6169,2.7520
3128.50,-3.6043,-0.3115,2.9529
3128.75,-2.4593,-1.1660,2.5950
3129.00,-2.2293,-1.3318,2.0508
3129.25,-1.9739,-0.0911,1.6172
3129.50,-2.5246,-0.3228,1.9015
3129.75,-2.5193,-0.5926,2.3318
3130.00,-2.9003,-0.1632,1.7754
3130.25,-2.7890,1.1470,1.9949
3130.50,-2.8475,2.2376,2.0877
3130.75,-2.6589,3.0417,2.2275
3131.00,-2.8947,2.5011,2.7763
3131.25,-2.9142,2.1578,2.3230
3131.50,-2.5838,1.4570,1.9281
3131.75,-3.0986,1.5147,2.5565
3132.00,-1.9745,1.9167,2.6293
3132.25,-1.8368,2.3053,2.6260
3132.50,-1.6965,2.7162,2.3000
3132.75,-1.0456,2.5937,1.8162
3133.00,-0.3263,3.1546,1.3458
3133.25,0.0781,3.2110,1.0503
3133.50,0.1606,3.0978,0.9916
3133.75,0.0517,3.0401,1.3323
3134.00,-1.0431,3.0893,1.1004
3134.25,-2.4400,2.3883,0.8418
3134.50,-4.2003,1.8182,0.6907
3134.75,-4.1706,1.7342,0.8310
3135.00,-4.0993,0.9610,1.2354
3135.25,-4.5785,0.7753,1.5440
3135.50,-4.0352,0.9066,2.0556
3135.75,-4.2354,1.1675,1.9608
3136.00,-4.0899,1.6159,1.4686
3136.25,-3.4441,1.9566,1.3473
3136.50,-3.0740,3.0319,1.7857
3136.75,-2.5341,3.4891,1.5660
3137.00,-2.3661,2.9494,1.6277
3137.25,-2.0959,2.2213,2.4669
3137.50,-1.7157,1.5273,2.6149
3137.75,-1.8341,1.6287,2.2436
3138.00,-2.2668,2.0906,2.7517
3138.25,-1.9286,2.4615,3.0435
3138.50,-1.3760,2.5903,3.3059
3138.75,-1.6660,1.6314,3.2892
3139.00,-1.9903,1.5028,3.1964
3139.25,-1.7930,1.5348,3.0337
3139.50,-1.4903,1.9883,3.0782
3139.75,-0.2033,2.1398,2.8192
3140.00,0.5043,1.9566,2.7969
3140.25,0.3906,1.6276,2.0042
3140.50,0.3775,1.5835,1.6660
3140.75,-0.7758,1.9621,1.5328
3141.00,-2.4266,2.0593,1.0779
3141.25,-3.2463,1.5828,1.1616
3141.50,-3.1281,0.3218,1.6595
3141.75,-2.9526,0.4781,1.8428
3142.00,-2.9115,0.7471,1.9482
3142.25,-2.2947,0.8095,1.9795
3142.50,-1.9871,1.0524,2.4994
3142.75,-2.4381,0.7968,2.7507
3143.00,-2.1662,1.0774,3.5067
3143.25,-1.6465,0.2018,3.3786
3143.50,-1.3418,-0.6982,3.1628
3143.75,-1.2789,-0.4287,3.2593
3144.00,-0.8304,-1.2012,3.2614
3144.25,-0.6877,-0.7682,3.4464
3144.50,-1.2317,0.4838,3.4752
3144.75,-1.9896,0.9913,3.8623
3145.00,-2.2669,1.6831,4.0288
3145.25,-2.6655,2.2561,3.7007
3145.50,-2.6202,1.9025,3.0806
3145.75,-1.9877,1.9101,3.0588
3146.00,-3.0175,2.1320,2.9458
3146.25,-3.0019,1.7586,3.0904
3146.50,-3.0077,1.9350,3.1968
3146.75,-3.6944,1.5491,3.0285
3147.00,-4.5887,1.2593,2.8456
3147.25,-4.8244,1.7151,3.0130
3147.50,-3.9420,1.8947,3.0863
3147.75,-3.5711,1.9778,2.8562
3148.00,-3.4102,1.4103,3.0769
3148.25,-3.1132,1.1832,3.5228
3148.50,-3.4966,0.5716,3.4331
3148.75,-3.3835,0.5067,3.4368
3149.00,-3.7091,0.9232,3.3885
3149.25,-3.8627,1.8107,2.9595
3149.50,-3.7948,2.2535,3.2119
3149.75,-4.4056,2.0705,3.8132
3150.00,-4.8143,1.6616,3.7414
3150.25,-4.3942,1.4387,3.2640
3150.50,-4.9579,1.0186,2.7809
3150.75,-5.5322,0.9140,3.0941
3151.00,-4.1579,0.4775,2.9054
3151.25,-3.4626,0.4526,2.0295
3151.50,-3.3321,0.1456,1.6883
3151.75,-2.5224,-0.0249,1.9316
3152.00,-1.2291,0.7537,1.8679
3152.25,-1.2357,1.0139,2.0026
3152.50,-1.7969,0.9078,2.1599
3152.75,-1.9337,1.0323,2.6798
3153.00,-1.2253,1.6934,2.5290
3153.25,-1.7736,1.4651,2.8451
3153.50,-1.8410,1.5886,2.8604
3153.75,-1.7221,1.1568,3.0409
3154.00,-1.4565,0.4931,3.7032
3154.25,-0.9292,0.4027,3.8001
3154.50,-0.9599,0.1335,4.5691
3154.75,-0.6987,0.3112,4.4995
3155.00,-1.1112,0.3311,4.2327
3155.25,-1.1693,0.2072,4.4341
3155.50,-1.9403,-0.6881,4.5889
3155.75,-1.9630,-0.8257,4.3201
3156.00,-1.0994,-0.0246,3.8877
3156.25,-0.7342,0.7588,3.1812
3156.50,-0.0293,0.3108,3.2163
3156.75,-0.1308,0.6652,2.8519
3157.00,-0.3046,0.9961,2.7888
3157.25,-0.6466,0.9664,2.4388
3157.50,-0.9542,0.5774,2.2971
3157.75,-1.3119,0.4258,2.6673
3158.00,-1.4387,0.5223,2.2075
3158.25,-1.2385,-0.2677,1.9620
3158.50,-1.4033,-0.5931,2.3718
3158.75,-1.5896,-0.7465,1.9685
3159.00,-1.2186,-1.1035,2.1299
3159.25,-1.3059,-0.2704,2.6983
3159.50,-1.7406,0.2407,2.6576
3159.75,-1.6815,0.6434,2.6291
3160.00,-1.2699,0.4745,2.3849
3160.25,-1.3518,1.5975,2.0651
3160.50,-1.5383,1.8325,2.1675
3160.75,-1.4679,1.5116,1.9749
3161.00,-1.6701,0.5141,1.4464
3161.25,-2.3942,-0.3033,1.1981
3161.50,-2.2382,-0.7679,1.7726
3161.75,-1.5195,-1.3756,2.8211
3162.00,-1.2920,-1.5086,3.5417
3162.25,-1.0127,-0.6847,4.1970
3162.50,-1.3721,-0.0213,4.1507
3162.75,-1.1583,-0.3397,4.5205
3163.00,-0.4271,-0.4262,4.0268
3163.25,0.9380,-0.9092,3.6048
3163.50,1.2843,-1.4767,3.2896
3163.75,0.3001,-0.9359,3.7686
3164.00,0.2807,-0.4206,3.6363
3164.25,0.6170,-0.3308,3.6250
3164.50,0.6788,0.3826,3.7844
3164.75,0.0456,0.3832,3.3216
3165.00,-1.2532,0.0442,3.0664
3165.25,-2.2003,-0.0229,3.2369
3165.50,-3.1322,-0.0202,3.6964
3165.75,-2.6164,-0.4145,4.0547
3166.00,-1.6120,-0.2881,4.3412
3166.25,-1.7674,-0.3543,3.9191
3166.50,-2.7645,-0.2674,3.4672
3166.75,-2.0708,-0.0771,3.6261
3167.00,-2.0270,0.3555,3.8927
3167.25,-2.1935,0.3205,3.9094
3167.50,-1.6263,0.5623,4.0725
3167.75,-1.2017,-0.1550,3.1986
3168.00,-0.0128,-0.3617,3.0760
3168.25,0.0780,-1.1129,2.8714
3168.50,0.0732,-1.0107,2.4209
3168.75,1.0551,-0.0604,2.4898
3169.00,0.8447,-0.4055,2.7771
3169.25,0.3125,-0.4786,3.1492
3169.50,0.0113,-0.3226,3.0734
3169.75,0.2385,0.0113,2.5816
3170.00,0.1237,-0.2342,2.7451
3170.25,0.3056,0.0501,2.7799
3170.50,-0.5272,0.2092,2.9745
3170.75,-1.2532,0.4297,3.0032
3171.00,-2.0177,0.3331,2.6399
3171.25,-2.8418,0.4998,1.6490
3171.50,-2.7637,0.9866,1.6330
3171.75,-1.7928,0.9778,2.1870
3172.00,0.0562,0.7707,2.0622
3172.25,0.2655,0.8304,1.6918
3172.50,0.9817,1.2516,1.3656
3172.75,0.4379,0.9572,1.5082
3173.00,-1.5572,0.5889,1.5397
3173.25,-2.4978,1.3581,1.7341
3173.50,-2.1878,1.5864,1.6268
3173.75,-1.3780,2.1793,1.4319
3174.00,-0.2884,2.0168,0.9696
3174.25,0.1361,2.2136,0.5227
3174.50,-1.1026,2.5334,0.9302
3174.75,-2.1382,2.3030,1.4416
3175.00,-2.3378,2.2018,1.2893
3175.25,-1.7730,1.4328,1.0769
3175.50,-1.2288,1.2613,1.2240
3175.75,0.1999,0.9529,1.0869
3176.00,0.3859,1.2961,1.5288
3176.25,1.2405,1.4988,1.5479
3176.50,2.5197,1.7329,1.2136
3176.75,2.9185,2.1872,1.2959
3177.00,2.8273,2.3460,1.1157
3177.25,2.6046,2.6182,0.5525
3177.50,2.9845,2.6482,0.3510
3177.75,2.9683,2.1144,-0.1088
3178.00,2.3990,2.0577,0.0668
3178.25,2.0955,2.3449,1.5164
3178.50,1.9271,2.8719,1.5279
3178.75,1.7864,2.5894,0.8875
3179.00,1.2074,1.7483,0.8819
3179.25,0.9282,1.5159,1.0943
3179.50,0.7754,1.6961,1.4125
3179.75,-0.1343,1.3611,1.0903
3180.00,0.0439,2.4045,0.6599
3180.25,1.0185,2.8838,0.7884
3180.50,1.2140,2.5980,1.2335
3180.75,0.2020,2.7017,1.2432
3181.00,-1.0622,2.7701,1.2841
3181.25,-0.6439,2.5261,1.4210
3181.50,-0.6256,2.2398,1.4794
3181.75,0.4275,1.9153,1.6048
3182.00,-0.4640,1.9164,1.8095
3182.25,-1.3296,1.4798,1.8060
3182.50,-2.0689,1.0433,1.9759
3182.75,-1.5072,1.0112,2.2857
3183.00,-1.4843,1.0852,1.9356
3183.25,-1.8065,1.0099,1.5976
3183.50,-2.2382,1.8341,1.3298
3183.75,-2.3903,2.8351,1.5214
3184.00,-1.9511,2.6696,1.5957
3184.25,-1.3491,2.5006,1.3727
3184.50,-0.9813,2.5082,1.2704
3184.75,-1.8470,2.0543,0.8803
3185.00,-1.6208,2.0554,0.9470
3185.25,-2.3128,2.3775,1.1251
3185.50,-2.5044,2.9066,1.0166
3185.75,-3.0216,3.0203,1.4069
3186.00,-3.0895,2.7845,1.4577
3186.25,-2.4561,2.6658,1.7701
3186.50,-2.2466,2.4368,2.5719
3186.75,-1.7841,1.7299,2.7951
3187.00,-1.7591,1.5312,2.5105
3187.25,-0.5807,2.0213,1.9197
3187.50,-0.8852,2.0537,1.0577
3187.75,-1.4252,2.3054,0.6155
3188.00,-1.8334,2.4438,1.2142
3188.25,-1.8504,1.8596,1.6779
3188.50,-1.3476,1.2810,1.8199
3188.75,-1.0945,2.2063,2.1936
3189.00,-0.7021,3.2030,2.2378
3189.25,-0.2658,3.8348,2.3184
3189.50,0.8394,3.8439,2.2684
3189.75,0.2987,3.6543,3.0724
3190.00,-0.6378,2.9945,3.2106
3190.25,-0.8371,2.7958,2.8639
3190.50,-1.6012,3.4194,2.7788
3190.75,-1.7097,3.9366,2.3285
3191.00,-1.3576,3.8763,1.3582
3191.25,-0.9468,3.6703,1.1668
3191.50,-1.1750,3.7725,1.4173
3191.75,-2.1724,4.4294,1.4759
3192.00,-2.8739,4.0188,1.4235
3192.25,-3.1383,3.3753,1.5445
3192.50,-3.0480,2.6011,1.2127
3192.75,-3.2541,2.0220,1.2153
3193.00,-3.4593,2.0785,1.5230
3193.25,-2.5908,1.8014,0.8443
3193.50,-2.5510,1.4978,0.4063
3193.75,-2.0489,1.8379,0.5236
3194.00,-2.6182,1.5517,1.2782
3194.25,-2.8899,0.9595,1.5471
3194.50,-2.2188,1.4619,1.5032
3194.75,-1.9375,1.2789,1.0948
3195.00,-1.2243,0.8889,1.4584
3195.25,-0.5902,0.9792,1.5062
3195.50,-0.6483,1.2234,1.3055
3195.75,0.7181,0.6456,1.6591
3196.00,0.4230,0.8322,1.7286
3196.25,-0.0805,1.0255,1.2201
3196.50,-0.1709,0.5468,0.8120
3196.75,-0.5143,-0.1002,0.7836
3197.00,-0.4273,-0.5176,0.7832
3197.25,-0.3652,-0.6430,1.0758
3197.50,0.0175,0.0958,1.5009
3197.75,1.0512,0.6464,1.6081
3198.00,1.1572,0.9251,1.2867
3198.25,0.3435,0.5864,0.7516
3198.50,0.2004,0.5564,0.5210
3198.75,0.0077,0.6406,1.5400
3199.00,-0.6529,0.3147,1.7020
3199.25,-0.4142,0.9566,2.2983
3199.50,0.6557,1.1862,2.0651
3199.75,0.6569,2.0575,1.4273
3200.00,0.7575,3.1520,1.3002
3200.25,-0.0324,3.3721,0.8645
3200.50,-0.4671,2.4153,0.5705
3200.75,-0.3662,1.8168,0.9046
3201.00,-0.2540,1.5712,0.9307
3201.25,0.8603,1.0057,1.6748
3201.50,-0.3179,0.1519,1.5766
3201.75,-0.2597,-0.0625,1.1445
3202.00,0.4284,0.4089,1.4956
3202.25,0.3663,1.0523,2.0338
3202.50,-0.2955,0.4084,2.0448
3202.75,-0.2812,0.3837,2.0801
3203.00,-1.1590,0.3730,2.1548
3203.25,-1.0642,0.1632,2.5723
3203.50,-1.0141,1.0112,2.3223
3203.75,-1.8840,2.2549,2.2981
3204.00,-1.9072,3.7647,1.9318
3204.25,-1.3922,4.1987,1.8307
3204.50,-1.1991,4.2476,1.7823
3204.75,-1.0100,4.8193,1.6987
3205.00,-0.3999,4.6562,1.6661
3205.25,0.8569,3.6824,2.0923
3205.50,0.5074,3.1984,2.1061
3205.75,0.4705,2.6426,1.9301
3206.00,0.1524,2.5733,1.5085
3206.25,0.1398,2.6061,0.8288
3206.50,0.5397,3.3422,0.5352
3206.75,1.0556,3.5550,0.3417
3207.00,0.8019,3.5353,0.3172
3207.25,0.0495,2.4869,0.3903
3207.50,-0.2991,1.9789,0.3234
3207.75,0.7502,1.9981,0.0760
3208.00,0.7455,1.7030,0.5942
3208.25,0.8396,0.9599,1.5979
3208.50,1.1802,1.5588,1.8156
3208.75,0.1682,1.6008,2.2144
3209.00,-0.0206,2.1860,2.0906
3209.25,0.1116,2.9661,1.6589
3209.50,0.1783,3.1168,1.8008
3209.75,0.1863,3.2077,1.7122
3210.00,-0.2202,3.8408,1.7062
3210.25,0.6850,3.4859,1.7511
3210.50,1.4802,3.0493,1.2851
3210.75,1.7092,2.6771,1.6001
3211.00,0.9710,2.8316,1.9195
3211.25,1.7582,3.2776,2.8026
3211.50,1.7394,2.2600,3.1539
3211.75,0.4614,2.4153,2.8898
3212.00,0.2746,2.9848,2.7103
3212.25,0.5960,2.9816,2.2783
3212.50,0.7571,2.9919,2.1780
3212.75,0.9519,3.8352,2.5461
3213.00,1.2218,4.1175,2.9766
3213.25,1.3868,3.8666,3.6849
3213.50,1.1813,2.9233,3.4645
3213.75,-0.2140,2.8998,3.2516
3214.00,-0.8103,3.9210,3.3199
3214.25,-0.4937,4.5290,3.4151
3214.50,0.1943,4.8910,3.7393
3214.75,0.6489,4.7350,3.9017
3215.00,1.5186,4.3687,3.5325
3215.25,2.1938,3.7607,3.0001
3215.50,2.7394,3.6402,3.0170
3215.75,1.8273,3.8755,2.5501
3216.00,1.1059,3.9338,2.4321
3216.25,0.6114,3.7305,2.1307
3216.50,-0.1186,3.6757,1.9464
3216.75,0.0044,3.5371,1.9499
3217.00,0.5465,3.6313,1.7887
3217.25,0.5142,3.3827,1.9611
3217.50,0.2391,3.7316,2.1386
3217.75,0.7738,3.6405,2.6778
3218.00,2.0459,3.5797,3.1454
3218.25,1.1198,3.5122,2.8137
3218.50,0.0313,3.6778,2.4457
3218.75,0.1808,4.3065,2.2684
3219.00,1.2974,4.1374,2.5872
3219.25,1.8661,4.5120,2.3346
3219.50,1.8851,4.4497,2.3556
3219.75,1.5106,4.3073,2.0124
3220.00,2.0772,3.5318,2.0346
3220.25,2.0126,3.6749,2.3725
3220.50,1.5796,3.8235,2.6278
3220.75,0.6049,3.8314,2.4557
3221.00,0.0071,3.1090,2.2333
3221.25,-0.4375,2.4412,2.6427
3221.50,-0.0578,1.8697,3.0279
3221.75,0.7488,1.7328,2.5426
3222.00,0.7826,1.5159,2.4613
3222.25,1.5155,1.5978,2.7072
3222.50,1.4228,1.4449,2.6445
3222.75,1.0250,1.4716,2.5819
3223.00,0.9591,0.9645,3.1367
3223.25,0.7575,0.8606,3.2938
3223.50,0.0528,1.9218,3.5018
3223.75,0.9491,1.4040,3.4615
3224.00,1.3745,1.3711,3.1092
3224.25,0.9848,1.3612,3.2154
3224.50,0.4489,1.1210,2.9660
3224.75,-0.1537,0.9449,2.9994
3225.00,-0.5832,1.5939,3.1855
3225.25,-0.7062,1.9757,3.6480
3225.50,0.1547,1.8820,3.7303
3225.75,0.1746,1.9415,3.8501
3226.00,0.9420,2.5257,4.2482
3226.25,0.6654,2.4629,4.7719
3226.50,0.9805,3.1954,4.3557
3226.75,0.7221,3.5090,3.8766
3227.00,1.5023,3.2464,3.3579
3227.25,1.7505,3.8219,3.3917
3227.50,1.0157,4.8359,3.6371
3227.75,1.3808,4.6775,4.3760
3228.00,0.9112,4.1243,3.9424
3228.25,-0.4494,3.8615,3.9337
3228.50,-1.1738,4.8677,4.5110
3228.75,-1.0771,5.0670,4.4457
3229.00,-0.4195,4.2387,3.7750
3229.25,-0.2175,3.4639,3.3845
3229.50,0.3431,2.3805,3.0892
3229.75,0.4856,2.3698,2.9959
3230.00,0.2600,3.3846,2.9321
3230.25,0.5484,3.6480,3.0504
3230.50,1.9841,3.4160,3.0809
3230.75,2.3419,3.8830,2.8495
3231.00,2.6327,4.2488,2.7688
3231.25,2.5315,4.4548,2.9892
3231.50,2.9837,4.5599,3.3092
3231.75,2.7675,3.7784,3.2601
3232.00,2.5831,3.8694,3.0363
3232.25,2.0379,3.6199,3.1785
3232.50,0.9132,2.9761,3.4439
3232.75,0.6033,3.1680,3.5994
3233.00,-0.0699,2.8344,3.4682
3233.25,-0.3574,3.4262,3.1748
3233.50,0.4703,3.3347,2.8887
3233.75,1.3326,2.6241,3.0816
3234.00,1.5337,1.9789,3.3296
3234.25,0.0565,1.8231,3.9449
3234.50,0.2801,2.0293,3.8103
3234.75,-0.1200,2.1371,4.1585
3235.00,-0.2458,1.9504,3.9857
3235.25,0.4109,1.9504,3.2680
3235.50,0.3026,2.3774,2.5879
3235.75,-0.2406,1.9882,2.8253
3236.00,0.0012,2.2293,2.9979
3236.25,0.1348,2.3668,2.8357
3236.50,-0.6224,2.3922,2.2919
3236.75,-1.4675,1.8298,1.9931
3237.00,-0.6121,1.9521,2.3767
3237.25,0.3567,2.1521,2.9396
3237.50,0.5870,2.3808,2.9970
3237.75,0.2165,2.3297,2.7598
3238.00,0.3180,1.8055,2.4314
3238.25,0.0212,2.4080,2.2522
3238.50,-0.7300,3.2514,2.5959
3238.75,-1.8472,3.3006,2.5504
3239.00,-2.1985,3.0138,3.0462
3239.25,-1.6047,2.6281,2.8376
3239.50,-1.1667,1.8951,2.8253
3239.75,-1.1922,2.0740,3.0089
3240.00,-0.9947,2.7468,3.0015
3240.25,-0.6001,2.2931,3.2623
3240.50,-0.7474,2.1280,2.9824
3240.75,-1.1638,2.0290,1.9033
3241.00,-2.4247,2.1350,1.5553
3241.25,-2.6998,2.2716,1.9210
3241.50,-1.7588,2.4479,2.3272
3241.75,-1.4919,1.9455,2.6232
3242.00,-0.8683,1.0666,2.9228
3242.25,-1.1872,1.7069,3.2940
3242.50,-0.9100,1.5213,3.1517
3242.75,-1.7589,1.2411,3.3304
3243.00,-1.7936,2.0933,3.1616
3243.25,-1.4273,2.9826,3.0319
3243.50,-0.7829,3.1440,3.3337
3243.75,0.6046,3.0821,3.7787
3244.00,0.3254,3.6814,3.5824
3244.25,-0.7864,3.5397,3.3797
3244.50,-1.6354,2.4904,3.0934
3244.75,-0.9091,2.2040,2.7936
3245.00,-0.3487,2.4506,2.7877
3245.25,-1.5694,2.5927,3.0816
3245.50,-0.7848,2.6392,3.2160
3245.75,-0.1235,1.9664,3.6749
3246.00,-0.1840,1.6912,3.2513
3246.25,-0.0926,1.0780,3.0282
3246.50,0.5815,0.9805,3.3490
3246.75,0.6023,1.4932,2.9569
3247.00,-0.2342,1.3214,3.4291
3247.25,-0.8452,0.7298,3.2423
3247.50,-1.4067,1.4820,3.4866
3247.75,-0.6597,2.2409,4.3365
3248.00,-0.3596,1.8520,4.4734
3248.25,-0.6177,2.1732,4.7704
3248.50,-1.2937,2.3920,5.5935
3248.75,-2.4913,2.5025,5.6015
3249.00,-2.8476,2.4496,5.1039
3249.25,-2.5592,2.7427,5.4076
3249.50,-2.7485,2.9378,5.3686
3249.75,-1.9677,3.3954,4.8628
3250.00,-1.8311,4.1668,4.9011
3250.25,-2.3130,4.6987,4.7114
3250.50,-2.0043,4.2991,4.3367
3250.75,-1.5496,4.4738,4.0395
3251.00,-0.8369,4.6938,3.3201
3251.25,-0.8233,4.4464,3.5741
3251.50,-0.0054,4.5382,4.6358
3251.75,-0.6614,3.9177,5.1757
3252.00,-1.1257,2.9606,4.9205
3252.25,-0.8613,3.0138,5.0456
3252.50,-1.4893,2.8914,4.3988
3252.75,-2.1750,3.2400,4.0438
3253.00,-1.8433,3.8211,3.7735
3253.25,-1.7510,3.5113,3.3273
3253.50,-1.8674,3.1760,3.2495
3253.75,-1.8304,2.4223,3.6769
3254.00,-2.6371,2.3914,3.4596
3254.25,-2.0285,2.5218,3.0279
3254.50,-2.3996,1.4713,2.3332
3254.75,-2.8960,1.4416,2.2008
3255.00,-2.6979,1.1926,2.0449
3255.25,-2.8159,1.6228,2.2246
3255.50,-1.9465,2.6903,2.8481
3255.75,-2.2018,3.0614,3.0104
3256.00,-1.7337,2.7459,3.0151
3256.25,-2.0144,2.6148,2.4194
3256.50,-2.1527,3.1308,2.6858
3256.75,-2.9337,3.7101,2.7092
3257.00,-4.1017,3.9525,2.1306
3257.25,-3.9810,3.2094,1.7713
3257.50,-2.9703,2.4706,1.9810
3257.75,-3.7222,3.1296,1.8589
3258.00,-4.0231,4.3634,1.6972
3258.25,-3.7904,3.6646,1.6573
3258.50,-4.0624,3.1977,1.2644
3258.75,-3.4190,2.9415,1.3003
3259.00,-3.2354,2.6573,1.8560
3259.25,-3.3714,2.7467,1.9942
3259.50,-3.0350,3.7118,2.2589
3259.75,-2.1263,3.6162,2.1618
3260.00,-0.1007,2.8752,1.8424
3260.25,0.3801,3.2924,1.5913
3260.50,0.1334,3.7301,1.6895
3260.75,-0.2087,3.3652,2.4937
3261.00,-0.0424,3.1739,2.5044
3261.25,0.2910,3.6185,1.4859
3261.50,0.9257,3.2159,1.2916
3261.75,1.3799,2.9765,1.3694
3262.00,0.7323,3.3801,0.7809
3262.25,0.9205,3.5876,0.7527
3262.50,1.2612,3.4327,0.4796
3262.75,1.9373,3.6625,0.0215
3263.00,1.3070,3.6230,0.5857
3263.25,0.9417,3.8215,0.4415
3263.50,1.5763,4.5214,0.8729
3263.75,-73.4661,4.3897,0.9019
3264.00,1.0010,3.7693,0.6079
3264.25,1.9416,3.6476,0.8492
3264.50,3.1956,4.0988,0.9916
3264.75,2.6676,3.6925,0.7143
3265.00,2.4753,3.4950,0.6847
3265.25,1.8468,3.7698,0.5676
3265.50,1.5205,4.2098,0.2306
3265.75,1.4209,4.3871,0.5988
3266.00,1.2806,3.9069,1.5155
3266.25,0.4529,3.5386,1.3618
3266.50,0.0406,4.3150,1.0933
3266.75,-0.2741,5.2378,0.3445
3267.00,0.6440,5.7234,-0.3786
3267.25,1.0116,6.0595,-0.5948
3267.50,1.6302,5.4809,-0.2407
3267.75,1.6078,4.5921,-0.2404
3268.00,1.3031,4.3778,-0.2127
3268.25,1.3753,4.4037,0.5528
3268.50,1.4840,4.2732,0.9005
3268.75,0.9578,4.6890,1.2770
3269.00,0.3797,4.3454,1.8143
3269.25,0.6016,4.5245,2.1250
3269.50,1.3459,3.4880,1.8634
3269.75,1.7020,2.0599,1.7690
3270.00,1.6095,2.1695,1.8146
3270.25,2.0594,2.6563,1.4776
3270.50,2.1007,3.2890,1.4498
3270.75,1.4089,3.4674,1.8607
3271.00,0.8017,3.4998,1.8674
3271.25,0.8449,3.7291,1.4614
3271.50,-0.2397,3.9911,1.0090
3271.75,0.0320,3.6356,0.8360
3272.00,0.0084,3.3251,0.9586
3272.25,0.5545,3.6795,1.5597
3272.50,0.7061,3.4638,0.9980
3272.75,0.8269,2.1552,1.5305
3273.00,1.4330,1.8727,1.4511
3273.25,0.9379,2.7552,1.5526
3273.50,1.6942,3.6226,1.6946
3273.75,2.4757,4.3486,1.9546
3274.00,2.1038,4.5270,2.0719
3274.25,1.5229,4.5714,2.0316
3274.50,0.3304,4.0541,2.1705
3274.75,-0.3457,3.5988,2.6060
3275.00,-0.9572,3.2252,2.7070
3275.25,-0.8005,3.5931,2.7836
3275.50,-0.1377,4.2284,2.9488
3275.75,-0.0206,4.7335,2.5143
3276.00,0.7861,4.9225,1.8538
3276.25,1.4102,3.7441,1.3255
3276.50,1.2132,2.6003,1.2668
3276.75,-0.2570,1.9753,1.7565
3277.00,-0.4812,1.6756,2.6863
3277.25,-0.2111,0.5738,3.2926
3277.50,0.3676,0.6222,3.1051
3277.75,0.4265,0.5050,2.8791
3278.00,1.4172,0.5297,2.2805
3278.25,2.4589,0.9838,2.8462
3278.50,2.5963,0.5298,2.9777
3278.75,1.0630,0.1987,3.2235
3279.00,0.3476,0.7127,2.8092
3279.25,0.3013,0.5600,1.8761
3279.50,0.9054,0.7961,1.3440
3279.75,1.1138,0.6226,1.4341
3280.00,0.4138,1.5305,1.1369
3280.25,-0.2293,1.8624,0.7090
3280.50,-0.3304,1.8743,0.0890
3280.75,-0.0072,1.3637,-0.6483
3281.00,-0.4890,0.7089,-1.4737
3281.25,-0.8503,1.4095,-1.6397
3281.50,-1.4660,2.1807,-1.2310
3281.75,-2.9037,2.6545,-1.0074
3282.00,-2.4697,2.7378,-0.5424
3282.25,-2.5044,3.6422,0.1785
3282.50,-3.3684,3.1053,-0.0846
3282.75,-3.1419,2.3000,-0.3292
3283.00,-3.4132,1.7306,-0.7588
3283.25,-3.9942,1.2322,-1.1702
3283.50,-3.8017,1.7608,-1.4063
3283.75,-2.5259,2.3564,-1.1631
3284.00,-1.8425,2.9006,-0.2757
3284.25,-1.1155,3.0726,0.5433
3284.50,-1.5019,2.8445,0.8725
3284.75,-1.9590,3.1561,1.0377
3285.00,-2.0214,3.0967,0.9407
3285.25,-0.6047,2.7292,0.6622
3285.50,-0.5898,2.4258,0.6554
3285.75,-1.4994,1.8836,0.6841
3286.00,-1.6690,1.8509,0.5641
3286.25,-0.8284,1.7921,1.0081
3286.50,-0.4298,1.3396,1.1882
3286.75,0.2247,1.1668,1.3330
3287.00,0.9813,2.0268,1.5228
3287.25,0.6425,2.4749,1.4297
3287.50,-0.2656,2.5549,1.1478
3287.75,-1.0314,2.3120,0.2615
3288.00,-0.5648,3.1008,0.1660
3288.25,0.3430,3.1993,0.4871
3288.50,0.2097,3.2300,0.5691
3288.75,1.3313,3.5061,0.5965
3289.00,1.7456,4.2698,0.5168
3289.25,2.6590,3.6320,0.4578
3289.50,2.3767,3.6308,0.3539
3289.75,2.0678,3.9210,0.2249
3290.00,1.9433,4.1150,-0.3333
3290.25,1.2108,4.9395,0.3097
3290.50,0.9485,6.1315,1.0284
3290.75,0.6761,6.6511,0.9022
3291.00,1.1902,5.9712,1.3256
3291.25,1.8083,5.4981,1.6604
3291.50,1.0319,5.0975,1.4927
3291.75,1.5343,5.2641,1.1331
3292.00,2.7608,5.2555,0.8431
3292.25,3.6038,5.7228,1.1288
3292.50,3.7857,5.7161,0.9153
3292.75,3.1606,6.3930,0.0942
3293.00,3.6474,5.7270,0.1692
3293.25,4.1194,5.2157,0.4848
3293.50,3.9321,5.2866,0.1015
3293.75,3.4174,5.5643,-0.1353
3294.00,3.0602,5.9275,-0.5342
3294.25,2.9495,5.3414,-0.6057
3294.50,3.3994,4.7798,-0.4073
3294.75,4.0364,4.8190,-0.2396
3295.00,5.1470,4.4774,-0.2182
3295.25,5.2858,4.2421,0.7782
3295.50,5.6471,4.2621,0.6483
3295.75,4.9480,4.7133,-0.4156
3296.00,4.7622,4.5484,-0.8221
3296.25,3.1658,4.6888,-0.9371
3296.50,3.0697,5.0827,-0.8110
3296.75,3.3133,4.5728,-0.6748
3297.00,4.0474,4.0028,-0.3724
3297.25,4.1542,4.0619,-0.7134
3297.50,3.1196,3.3323,-0.7754
3297.75,2.2644,3.4017,-0.8543
3298.00,2.1661,4.1907,-0.6857
3298.25,2.3276,4.7162,-0.7231
3298.50,1.7920,5.5830,-0.6955
3298.75,1.0228,5.1226,-0.9053
3299.00,0.0981,5.0147,-0.8929
3299.25,-0.2987,5.1901,-0.7420
3299.50,-0.2546,4.7289,-0.6086
3299.75,-0.0309,4.8858,-0.4233
3300.00,-0.0063,4.9873,-0.5074
3300.25,0.3218,4.7150,-0.6079
3300.50,-0.0179,4.1565,-0.4239
3300.75,-1.4382,4.4171,0.3943
3301.00,-1.1274,4.6271,0.6315
3301.25,-0.5316,4.3870,0.3124
3301.50,0.3004,4.8859,0.1798
3301.75,0.8843,5.1351,-0.2047
3302.00,0.9784,5.0026,-0.0613
3302.25,-0.1774,4.8972,0.0107
3302.50,-0.6528,4.4079,0.9876
3302.75,-1.1803,5.6868,1.1587
3303.00,-1.8873,5.6295,0.7335
3303.25,-1.9029,5.0264,0.3030
3303.50,-2.2981,5.1810,0.4125
3303.75,-2.2941,5.2782,1.0397
3304.00,-2.0432,5.7447,1.4152
3304.25,-1.8142,5.5893,1.6852
3304.50,-0.9754,5.7376,1.1629
3304.75,-1.1788,6.0934,0.6296
3305.00,-0.9786,5.9998,-0.4860
3305.25,-1.3353,4.6573,-0.1461
3305.50,-0.9817,3.3910,-0.2607
3305.75,-0.7403,3.3199,-0.7204
3306.00,0.0270,4.3256,-0.6128
3306.25,0.3243,4.5349,-0.2601
3306.50,0.0352,4.7639,0.1234
3306.75,0.7484,4.9732,0.0831
3307.00,0.6329,4.7697,-0.1859
3307.25,0.0311,4.5035,0.0030
3307.50,-1.5160,4.2985,0.6339
3307.75,-2.5617,5.0356,0.5463
3308.00,-3.1677,5.5692,0.3523
3308.25,-3.6468,6.1439,0.5147
3308.50,-3.8672,5.5385,0.9297
3308.75,-3.4071,5.0289,1.3593
3309.00,-2.5576,5.3331,1.4294
3309.25,-2.0543,5.3639,1.6153
3309.50,-1.4873,5.1607,1.6258
3309.75,-1.8209,4.4508,1.3317
3310.00,-0.7880,4.2517,0.9503
3310.25,-0.2936,4.4179,1.1836
3310.50,-0.7137,5.3789,0.9964
3310.75,-0.5769,5.7118,0.6311
3311.00,-1.2033,5.9059,0.5737
3311.25,-1.5667,5.9696,1.2230
3311.50,-1.2364,5.9128,1.9337
3311.75,-1.3685,5.9016,2.3773
3312.00,-1.9294,5.4490,2.7217
3312.25,-1.5045,4.5686,2.2548
3312.50,-0.2977,3.5523,1.3947
3312.75,0.2186,3.5905,1.2773
3313.00,1.0365,4.0184,1.0162
3313.25,1.0345,4.1153,0.9017
3313.50,0.6111,4.5206,1.7074
3313.75,-0.3448,4.9328,2.2389
3314.00,-0.7671,5.0410,2.0387
3314.25,0.0281,4.9899,1.9890
3314.50,0.6482,5.4444,1.8467
3314.75,1.1976,6.1428,1.7805
3315.00,0.4263,5.5652,1.8658
3315.25,-0.6398,4.8922,2.1036
3315.50,0.0682,4.6164,2.1395
3315.75,0.7680,4.8375,2.3356
3316.00,0.6866,4.6829,2.1278
3316.25,0.7869,3.8323,2.1180
3316.50,-0.0923,3.0305,2.9735
3316.75,-0.4119,3.3111,2.4638
3317.00,-0.1900,3.3165,2.1986
3317.25,0.1722,3.2167,2.6212
3317.50,0.4081,3.0596,2.5398
3317.75,0.9312,2.8796,2.4463
3318.00,1.3755,2.6682,2.0248
3318.25,0.8564,2.4813,1.8332
3318.50,-0.2307,2.3791,1.3080
3318.75,-0.3267,2.8677,1.3039
3319.00,-1.0296,2.7857,1.9800
3319.25,-0.9148,2.5315,2.2306
3319.50,-1.5872,2.7937,2.6138
3319.75,-1.7516,4.0127,2.7290
3320.00,-0.7831,4.3664,2.2721
3320.25,-1.4246,4.1286,2.3377
3320.50,-1.1486,3.0152,2.9172
3320.75,-0.5167,2.2455,2.9877
3321.00,-0.0941,3.2237,3.1128
3321.25,-0.3667,3.4615,3.5069
3321.50,-1.0404,3.7660,3.5351
3321.75,-1.7902,3.5035,3.6056
3322.00,-1.4554,2.9867,3.7129
3322.25,-0.6487,2.4947,3.4358
3322.50,-0.3686,2.3640,3.3557
3322.75,-0.7851,2.8329,3.5424
3323.00,-0.0121,3.1780,3.5232
3323.25,-0.5171,2.8890,2.4507
3323.50,-0.5950,1.9627,1.8793
3323.75,-0.7394,2.1650,1.8195
3324.00,-1.1123,1.4729,1.4112
3324.25,0.3125,1.5468,1.3877
3324.50,1.2472,2.1632,1.2144
3324.75,0.9096,2.3915,1.4534
3325.00,0.3819,2.2849,2.0471
3325.25,0.7531,1.7684,2.4791
3325.50,1.4554,1.6704,2.0112
3325.75,1.3490,2.0573,2.1577
3326.00,1.3074,2.2990,2.9250
3326.25,1.5833,2.3472,2.7576
3326.50,2.3810,2.3482,2.6164
3326.75,2.5194,3.1787,1.9670
3327.00,2.3909,3.3909,1.4605
3327.25,2.0116,3.9989,1.0822
3327.50,1.9550,4.9065,0.6334
3327.75,2.1475,4.8408,0.6072
3328.00,2.8893,4.8469,0.9414
3328.25,2.5555,5.3202,1.5783
3328.50,3.0198,5.5147,1.7406
3328.75,3.1720,4.9111,1.0190
3329.00,2.7982,5.3609,0.7767
3329.25,2.6851,5.3676,0.5768
3329.50,3.4310,4.4535,0.1210
3329.75,3.2343,5.0014,-0.2111
3330.00,2.5332,5.5102,-0.3474
3330.25,0.9932,5.2663,-0.5626
3330.50,0.7320,4.8170,-0.7636
3330.75,1.3415,4.9647,-0.5499
3331.00,1.6130,5.3613,-0.6111
3331.25,2.3969,5.4952,-0.8231
3331.50,2.1075,5.0635,-0.6374
3331.75,1.8320,4.0761,-0.3267
3332.00,2.1456,3.3526,0.2207
3332.25,2.7065,3.7229,0.4621
3332.50,2.2837,3.5480,0.5678
3332.75,1.4214,3.5212,0.2634
3333.00,1.1908,4.1652,-0.1394
3333.25,1.7304,3.9143,-0.2883
3333.50,1.7529,4.0364,0.1982
3333.75,1.7630,4.0562,0.7361
3334.00,1.8323,3.6159,1.0639
3334.25,1.5789,3.4325,0.6392
3334.50,2.5168,3.8420,0.0920
3334.75,2.7544,4.5461,-0.2189
3335.00,1.8136,4.7247,0.1391
3335.25,1.2939,4.8493,-0.2592
3335.50,1.1512,4.5742,-0.0380
3335.75,0.9442,4.5737,0.2876
3336.00,0.7183,4.6502,0.2715
3336.25,0.6339,4.4767,0.2497
3336.50,0.8365,4.5222,0.6325
3336.75,1.2084,5.3795,0.5913
3337.00,1.9805,5.4597,0.6469
3337.25,2.3493,4.7841,-0.0084
3337.50,1.5258,4.1218,-0.5754
3337.75,0.4340,4.7710,-0.7007
3338.00,-1.0480,4.8693,-0.8946
3338.25,-1.8118,5.2285,-0.8086
3338.50,-2.4566,4.9965,-0.7702
3338.75,-1.9199,4.7497,-0.4637
3339.00,-1.4802,4.3242,-0.0519
3339.25,-1.9394,4.1828,-0.0112
3339.50,-1.7488,3.9605,0.0806
3339.75,-2.4254,4.0683,0.1261
3340.00,-2.2649,3.4949,-0.4174
3340.25,-2.2121,2.9690,-0.7616
3340.50,-2.9522,3.6012,-0.4101
3340.75,-3.3017,3.8587,0.5922
3341.00,-3.3545,3.4522,0.9294
3341.25,-2.5152,3.3132,0.6354
3341.50,-2.3788,3.4378,0.1131
3341.75,-2.4831,3.7599,-0.4324
3342.00,-2.0380,3.4696,-0.5135
3342.25,-1.1098,3.4862,-0.9017
3342.50,-0.9654,3.7538,-0.3589
3342.75,-0.7841,3.2205,-0.6609
3343.00,-1.0302,3.0181,-1.0004
3343.25,-1.5541,3.7873,-0.9221
3343.50,-1.0869,4.2505,-1.2559
3343.75,-0.8120,4.5106,-1.7268
3344.00,-0.8346,4.5998,-1.8067
3344.25,-0.4840,4.0029,-1.3461
3344.50,-0.3068,4.4466,-1.3474
3344.75,-0.1117,4.9259,-1.4298
3345.00,0.5870,5.0590,-0.7667
3345.25,0.6980,5.2898,-0.6048
3345.50,0.4059,5.4353,-0.4157
3345.75,-0.2669,4.7161,-0.7196
3346.00,-1.5194,4.6779,-0.3598
3346.25,-2.6302,5.1223,-0.7472
3346.50,-1.9269,4.6674,-1.0065
3346.75,-1.7886,3.9243,-0.8660
3347.00,-1.6358,4.3721,-0.7589
3347.25,-0.8707,4.7211,-0.2996
3347.50,-0.8553,4.4314,0.1290
3347.75,-2.0177,3.9359,0.3109
3348.00,-2.3206,5.1421,0.3726
3348.25,-1.5579,5.8587,0.4825
3348.50,-1.2683,5.4361,0.4461
3348.75,-1.0199,5.4132,0.2723
3349.00,-0.5688,5.4403,0.5488
3349.25,0.0302,5.7058,0.6272
3349.50,0.9606,5.5326,0.8049
3349.75,1.2516,5.1471,1.2242
3350.00,1.5808,5.9583,1.6066
3350.25,1.0991,6.0449,1.6485
3350.50,1.0877,6.0542,1.0627
3350.75,1.6304,6.8595,0.4060
3351.00,1.9567,6.9113,0.6152
3351.25,1.3450,7.2841,0.5449
3351.50,2.0587,6.8216,0.1620
3351.75,1.8382,6.6658,0.3044
3352.00,1.2802,6.9438,0.2537
3352.25,1.7945,7.7012,0.5689
3352.50,2.6248,8.4625,0.4972
3352.75,2.3993,9.0098,0.5802
3353.00,1.8133,8.3230,0.7352
3353.25,1.9691,7.2035,0.8639
3353.50,1.4637,6.9423,0.9365
3353.75,1.1668,7.3011,0.6301
3354.00,1.3864,7.1679,1.0399
3354.25,0.8774,6.6518,1.2896
3354.50,0.2730,7.4996,1.4047
3354.75,-0.5268,7.9216,0.7999
3355.00,0.3359,7.5054,1.2287
3355.25,0.9979,7.1175,1.4781
3355.50,1.8083,7.2853,1.4514
3355.75,1.6558,7.3934,0.9961
3356.00,1.2505,7.6249,0.6617
3356.25,1.7577,6.8252,0.6434
3356.50,0.6055,6.0696,0.2841
3356.75,0.4457,5.4014,-0.2252
3357.00,0.8771,5.2546,-0.3851
3357.25,0.5508,5.2583,-0.3454
3357.50,0.6433,5.6514,-0.7274
3357.75,0.7912,5.3753,-0.5153
3358.00,0.5935,5.4596,-0.3421
3358.25,-0.1464,5.4108,-0.4625
3358.50,-1.1968,5.4108,-0.2148
3358.75,-2.2408,5.3213,0.1578
3359.00,-2.5611,5.2922,0.2345
3359.25,-1.9113,5.7723,0.4288
3359.50,-1.0226,5.7120,-0.1814
3359.75,-0.6252,6.3328,-0.0080
3360.00,-0.7912,6.3877,0.3382
3360.25,-1.0916,6.1503,0.3051
3360.50,-1.7259,5.8825,0.3237
3360.75,-1.3032,6.0181,0.5048
3361.00,-1.2399,6.1944,1.1840
3361.25,-1.9412,6.7574,1.4141
3361.50,-1.4724,6.8595,1.0677
3361.75,-1.1900,6.0128,0.8643
3362.00,-0.4099,5.6998,0.4982
3362.25,-0.3916,5.5286,0.3485
3362.50,-0.7832,5.4682,0.4629
3362.75,0.6214,5.9408,0.7918
3363.00,1.7539,5.6727,0.6213
3363.25,1.8469,5.6248,0.8048
3363.50,1.3233,5.2310,0.8900
3363.75,-0.1404,4.8318,0.8074
3364.00,-0.9905,5.5517,0.7035
3364.25,-0.5112,6.4828,0.6779
3364.50,0.4042,6.6198,0.6001
3364.75,0.2987,5.9943,0.6377
3365.00,0.3896,5.7532,0.5845
3365.25,0.2374,6.1666,0.6410
3365.50,0.0460,5.8961,0.8145
3365.75,0.2540,6.2318,0.7459
3366.00,0.2663,6.5198,0.0989
3366.25,-0.2227,6.9051,0.4850
3366.50,-0.2318,6.7450,1.1537
3366.75,-0.2357,6.7471,1.3269
3367.00,-0.2326,6.6794,0.8681
3367.25,-0.7789,7.1651,0.7661
3367.50,-2.2146,6.4463,0.6548
3367.75,-2.8709,5.8606,0.7228
3368.00,-3.2023,5.4927,0.5403
3368.25,-2.7942,5.5425,0.3821
3368.50,-1.6392,5.8895,0.2821
3368.75,-0.2990,5.4958,0.4489
3369.00,-0.3082,5.3714,0.1908
3369.25,-0.2215,4.9036,-0.5391
3369.50,-0.6863,5.8004,-0.9064
3369.75,-0.7235,5.5749,-0.9750
3370.00,-1.2445,5.7736,-0.6757
3370.25,-1.9007,6.4087,-0.2799
3370.50,-1.7639,6.3490,0.2400
3370.75,-2.2343,6.6144,-0.2178
3371.00,-2.7576,7.4260,-0.1776
3371.25,-3.0476,7.3312,-0.7606
3371.50,-2.9051,7.2236,-0.6570
3371.75,-2.6720,6.6459,-0.4180
3372.00,-2.6325,5.6633,0.0394
3372.25,-1.7397,5.8604,0.3277
3372.50,-2.0451,6.4718,0.5969
3372.75,-2.6389,6.6090,0.5845
3373.00,-1.6930,7.1230,1.3643
3373.25,-0.7951,7.2647,1.4714
3373.50,-0.2459,7.0518,1.0177
3373.75,0.1441,7.0452,1.6577
3374.00,0.2825,7.0013,1.2085
3374.25,0.1262,6.7589,0.9460
3374.50,0.3730,6.8763,0.9368
3374.75,-0.0549,6.9945,1.8111
3375.00,0.0575,7.6316,2.1297
3375.25,-0.5203,7.5457,2.0152
3375.50,-0.2640,7.9569,2.0548
3375.75,-0.3938,8.9031,1.5958
3376.00,-0.6196,8.8470,1.1212
3376.25,-1.1775,8.1003,1.3341
3376.50,-2.0147,7.0319,1.0920
3376.75,-0.4640,6.6215,1.0928
3377.00,-0.3017,6.3748,1.7148
3377.25,-0.6425,6.3877,1.5500
3377.50,-0.7159,6.0157,1.0514
3377.75,-1.3398,5.7432,1.6092
3378.00,-2.4967,5.5186,2.4616
3378.25,-2.2827,5.8268,2.9829
3378.50,-1.8329,6.7778,2.3633
3378.75,-2.3409,7.4922,2.0392
3379.00,-2.1037,7.7371,2.3375
3379.25,-1.3463,7.3256,2.2570
3379.50,-0.1383,7.0922,2.2431
3379.75,-0.2720,7.7769,2.7673
3380.00,-0.4857,8.0952,2.8198
3380.25,-0.3748,7.6795,3.0685
3380.50,-0.2238,7.4458,2.3964
3380.75,-0.3717,6.9484,1.6381
3381.00,-1.0227,7.5296,1.9816
3381.25,-1.4292,7.4562,2.6543
3381.50,-1.8051,7.2013,3.1545
3381.75,-2.0569,6.9396,3.5281
3382.00,-2.2676,7.0111,2.9020
3382.25,-3.8331,7.2649,2.4460
3382.50,-4.5519,6.1937,2.6654
3382.75,-3.6603,5.0151,2.7221
3383.00,-2.5175,5.0463,2.3006
3383.25,-3.1484,5.2230,2.5065
3383.50,-4.3002,5.8765,2.2007
3383.75,-4.8657,6.6986,2.0925
3384.00,-4.8622,7.2565,2.0828
3384.25,-4.7987,7.0780,2.2127
3384.50,-4.4238,6.3737,1.8260
3384.75,-3.9155,7.2518,1.5184
3385.00,-3.5466,7.8773,1.9551
3385.25,-2.7109,9.0067,2.0037
3385.50,-3.5999,10.3189,1.8137
3385.75,-4.0614,9.9764,1.5006
3386.00,-4.0491,8.6611,0.8896
3386.25,-4.2985,9.3318,0.6484
3386.50,-4.4134,10.1376,1.2799
3386.75,-4.2501,9.8983,1.7386
3387.00,-3.3308,9.3711,2.5673
3387.25,-3.6405,9.4624,2.2902
3387.50,-4.3369,9.6295,2.7545
3387.75,-4.6521,9.6388,3.2983
3388.00,-4.7182,9.3913,3.3657
3388.25,-4.3733,8.6581,3.1254
3388.50,-4.4400,8.0500,2.5845
3388.75,-4.1177,8.0999,2.0532
3389.00,-3.9349,8.3788,1.5671
3389.25,-4.1640,8.1792,1.3133
3389.50,-4.6332,7.7155,1.2480
3389.75,-5.2861,7.6883,1.5038
3390.00,-4.9700,7.3719,1.5430
3390.25,-4.6585,6.1733,1.4754
3390.50,-4.0810,5.7530,1.4332
3390.75,-3.6025,6.3228,1.8457
3391.00,-4.2581,6.8799,2.1595
3391.25,-4.5327,7.3249,3.0096
3391.50,-4.4662,7.4894,2.7802
3391.75,-4.9225,7.5130,2.9337
3392.00,-5.2694,7.4818,2.1409
3392.25,-4.2322,6.8715,2.4386
3392.50,-3.8493,6.4049,2.5941
3392.75,-3.5518,5.9523,3.1648
3393.00,-3.2190,5.3035,3.4955
3393.25,-3.7160,4.1389,3.4388
3393.50,-4.2107,3.7882,3.4096
3393.75,-5.0703,3.5462,2.6309
3394.00,-4.0405,4.1117,1.9125
3394.25,-4.0482,3.8109,1.6683
3394.50,-4.1699,3.9689,1.6095
3394.75,-3.3950,4.1665,1.5564
3395.00,-2.3432,4.0587,1.3978
3395.25,-0.9610,4.2415,1.3001
3395.50,-1.1930,3.8872,1.3820
3395.75,-1.9725,3.8050,1.4642
3396.00,-1.6047,3.7027,1.7691
3396.25,-1.1448,3.7214,2.0111
3396.50,-0.6738,4.1801,2.5873
3396.75,-1.3583,4.3136,2.5885
3397.00,-2.3163,4.7180,2.3571
3397.25,-3.2572,5.3211,1.6605
3397.50,-4.6310,5.4327,1.3892
3397.75,-4.4934,5.9221,1.6900
3398.00,-5.1698,5.9047,2.1423
3398.25,-5.3107,4.7418,2.4253
3398.50,-4.6158,4.5714,2.1753
3398.75,-4.0296,5.5355,2.0692
3399.00,-4.4047,5.7639,2.2044
3399.25,-4.4418,5.3064,2.3177
3399.50,-2.8341,4.9558,2.2962
3399.75,-1.6762,5.4844,2.5344
3400.00,-1.6224,5.4287,2.8246
3400.25,-1.4327,4.9601,2.5329
3400.50,-1.2826,4.7381,2.0662
3400.75,-1.6852,4.9218,2.0569
3401.00,-3.0943,4.2615,1.3893
3401.25,-4.0427,3.2147,1.2098
3401.50,-3.5374,3.2057,0.9418
3401.75,-3.9692,3.7927,0.5315
3402.00,-3.9270,3.7625,0.5627
3402.25,-5.1307,3.8033,0.9830
3402.50,-5.9009,3.5131,2.0398
3402.75,-4.6116,3.1950,2.3054
3403.00,-4.1641,2.7265,2.1820
3403.25,-3.0953,3.1977,2.5752
3403.50,-3.3177,3.6306,2.5993
3403.75,-3.4894,3.5774,2.3231
3404.00,-4.3742,3.7142,2.4577
3404.25,-4.7878,3.3380,2.5772
3404.50,-4.6699,3.6548,2.1529
3404.75,-4.9894,4.1688,1.9234
3405.00,-4.6885,3.3329,1.5597
3405.25,-4.7712,2.7322,1.3366
3405.50,-4.3800,1.7266,1.0119
3405.75,-4.0621,1.2600,0.5863
3406.00,-3.9528,2.0941,0.4768
3406.25,-4.3339,2.9177,0.4714
3406.50,-4.7552,3.0446,0.9668
3406.75,-5.1961,2.8679,0.9028
3407.00,-5.9648,3.1473,0.7789
3407.25,-6.2411,2.9394,0.7884
3407.50,-5.3993,3.0093,0.6233
3407.75,-4.0032,2.8825,0.4281
3408.00,-3.5103,3.3232,-0.4358
3408.25,-3.7883,3.1276,-1.2910
3408.50,-3.5733,3.0525,-1.1854
3408.75,-4.1100,3.0112,-1.3013
3409.00,-4.4417,3.2159,-1.1761
3409.25,-3.8674,3.2059,-0.6828
3409.50,-4.0632,2.4580,0.0167
3409.75,-4.0516,2.4365,-0.3702
3410.00,-3.6573,2.3456,-1.4119
3410.25,-3.7383,3.2587,-1.5512
3410.50,-3.3517,3.3926,-1.1087
3410.75,-3.3536,2.9379,-0.5436
3411.00,-3.0634,2.4006,0.0463
3411.25,-2.8017,2.2103,0.9898
3411.50,-3.6846,2.2946,1.1807
3411.75,-4.1720,2.9679,1.0908
3412.00,-4.3224,3.3669,1.4077
3412.25,-4.3471,3.6209,2.1308
3412.50,-4.1957,3.8055,1.9740
3412.75,-4.1176,4.2731,1.3216
3413.00,-4.9524,4.0499,0.7874
3413.25,-4.9104,3.1931,0.9863
3413.50,-4.7356,2.2769,1.4588
3413.75,-4.7835,2.2241,1.0944
3414.00,-4.3147,2.8131,1.3392
3414.25,-4.5726,4.0422,1.6333
3414.50,-4.4145,5.6708,1.3273
3414.75,-4.0885,6.5076,2.0384
3415.00,-3.9272,6.3561,2.4301
3415.25,-3.7222,5.1844,2.6714
3415.50,-4.9826,4.4357,2.7287
3415.75,-5.3488,4.3872,2.5037
3416.00,-5.5402,4.6770,2.4063
3416.25,-5.7508,4.6942,2.3576
3416.50,-5.3235,4.5162,2.4874
3416.75,-4.4282,4.1926,2.3448
3417.00,-3.9869,4.3310,2.2355
3417.25,-3.4209,4.4221,1.6032
3417.50,-3.2681,4.6059,1.4262
3417.75,-4.1453,4.1898,1.8101
3418.00,-4.9563,4.4941,2.6537
3418.25,-4.6928,3.9945,3.0090
3418.50,-5.3236,3.6115,2.5302
3418.75,-5.4848,4.2848,1.8403
3419.00,-5.9741,4.7467,2.0121
3419.25,-6.5285,5.0559,2.3856
3419.50,-6.7262,5.3429,2.4135
3419.75,-6.5805,4.8346,1.8117
3420.00,-7.1212,4.5873,1.7313
3420.25,-7.7477,4.4339,1.5851
3420.50,-7.4496,4.5213,1.9049
3420.75,-6.8112,5.1094,2.0382
3421.00,-5.9116,5.4512,2.3558
3421.25,-5.8039,6.2425,2.5017
3421.50,-6.0084,6.0091,3.0918
3421.75,-5.3391,6.2990,3.3071
3422.00,-6.3496,5.9557,2.8208
3422.25,-7.0124,5.9383,2.7055
3422.50,-6.8447,6.5190,2.5431
3422.75,-6.6266,6.4086,2.2398
3423.00,-6.4413,6.3379,1.9141
3423.25,-5.5251,6.4518,1.9223
3423.50,-5.0066,6.1643,1.9882
3423.75,-3.9953,5.7867,1.9245
3424.00,-3.9621,6.4507,1.8795
3424.25,-5.3969,6.0985,1.3532
3424.50,-6.1451,6.5562,1.3362
3424.75,-5.5156,7.2367,1.3303
3425.00,-4.5748,7.0247,1.3080
3425.25,-4.1735,7.1095,1.1158
3425.50,-3.4985,6.4969,0.7463
3425.75,-3.8148,6.5505,1.0229
3426.00,-4.1299,6.4544,0.9186
3426.25,-4.1816,5.9796,0.5818
3426.50,-5.4220,6.8752,0.4921
3426.75,-6.3731,6.3233,0.8366
3427.00,-6.3061,6.0008,1.0034
3427.25,-5.5741,6.2163,1.1263
3427.50,-5.5714,6.1406,1.2749
3427.75,-5.3877,6.1270,1.0996
3428.00,-5.6371,5.7542,1.6264
3428.25,-6.1129,5.2349,2.1226
3428.50,-5.5088,4.6766,2.1262
3428.75,-4.8480,4.9915,1.8157
3429.00,-5.4479,5.3574,1.9946
3429.25,-5.6032,5.4812,2.0111
3429.50,-6.0632,5.0791,1.9602
3429.75,-5.5432,4.2375,1.5683
3430.00,-5.1952,3.3338,2.0242
3430.25,-5.2311,3.1240,2.1598
3430.50,-5.1217,3.3257,1.3230
3430.75,-5.3044,3.3238,1.3886
3431.00,-4.4759,3.9185,1.1174
3431.25,-4.5037,4.2869,1.1703
3431.50,-4.9647,4.3222,2.1145
3431.75,-5.3072,4.4070,1.9131
3432.00,-5.8666,4.2625,1.5754
3432.25,-6.2645,4.4561,2.0203
3432.50,-7.1297,3.8418,1.8920
3432.75,-6.7458,3.3922,1.8094
3433.00,-6.1268,3.4014,1.4107
3433.25,-6.1019,4.1791,1.2295
3433.50,-6.0192,4.9070,1.5274
3433.75,-7.0383,5.3856,1.6917
3434.00,-7.6456,5.5467,1.6915
3434.25,-7.8173,5.7216,1.9722
3434.50,-7.8141,5.4977,2.5295
3434.75,-7.6837,6.1418,2.2271
3435.00,-7.7326,6.6230,2.2919
3435.25,-7.9339,7.0421,2.3196
3435.50,-7.9707,7.4594,2.4439
3435.75,-8.4713,6.8102,2.0548
3436.00,-8.3483,7.2973,1.6487
3436.25,-8.6056,7.3817,1.7969
3436.50,-8.6529,6.7425,1.4511
3436.75,-8.5938,6.8165,0.7415
3437.00,-9.0866,6.9635,0.0785
3437.25,-9.0365,6.6818,-0.1228
3437.50,-8.6886,6.8608,0.0385
3437.75,-8.7894,6.6411,0.4696
3438.00,-8.2549,6.3279,1.1265
3438.25,-8.4499,5.9900,1.2656
3438.50,-7.9991,6.3145,0.7572
3438.75,-7.4378,6.7752,0.6256
3439.00,-8.2994,6.9450,0.5850
3439.25,-9.2527,7.2973,0.9475
3439.50,-8.6505,7.8283,0.7775
3439.75,-8.0221,8.0362,0.7285
3440.00,-8.1786,7.4543,0.7594
3440.25,-7.9350,6.7759,0.9314
3440.50,-7.9388,6.4660,1.3742
3440.75,-8.8224,6.9114,1.1687
3441.00,-8.6540,7.8234,1.0265
3441.25,-8.4965,8.7486,0.5365
3441.50,-7.6719,7.6389,0.2179
3441.75,-7.3699,6.4249,-0.1137
3442.00,-8.2844,6.3495,-0.0496
3442.25,-9.4885,6.5065,-0.0917
3442.50,-10.2703,7.4732,-0.1627
3442.75,-10.4243,6.6222,0.0455
3443.00,-10.1589,5.7324,0.3050
3443.25,-10.0599,5.5697,0.6895
3443.50,-9.6355,4.5209,1.3760
3443.75,-9.8309,3.7545,1.5598
3444.00,-9.6779,3.2504,1.6597
3444.25,-8.5529,3.7012,1.2726
3444.50,-8.2558,4.4313,0.8148
3444.75,-7.7118,4.5312,0.7169
3445.00,-7.5911,4.8485,0.6196
3445.25,-7.3238,5.0148,1.1525
3445.50,-6.4140,4.9424,1.3390
3445.75,-5.9550,4.4782,1.2469
3446.00,-6.0287,4.5558,1.3290
3446.25,-5.5381,4.4139,1.2776
3446.50,-5.3981,4.3946,0.8344
3446.75,-6.3327,4.1408,0.4674
3447.00,-6.9583,3.5167,0.7697
3447.25,-7.3882,3.6619,0.5919
3447.50,-7.3308,4.2598,0.7835
3447.75,-8.0709,4.7276,1.1185
3448.00,-7.7441,4.6586,1.4660
3448.25,-7.3499,4.2103,1.6989
3448.50,-6.8928,4.0985,2.4229
3448.75,-6.9109,3.3530,2.5596
3449.00,-7.3380,3.2771,2.2503
3449.25,-8.1292,3.5866,1.8581
3449.50,-8.9734,3.1308,1.1742
3449.75,-9.3181,3.0919,1.4626
3450.00,-9.1900,3.4861,1.9891
3450.25,-7.9561,3.7272,1.7496
3450.50,-8.4080,4.1342,1.0979
3450.75,-8.2136,4.2882,0.4353
3451.00,-8.1502,5.0145,0.7400
3451.25,-8.1315,4.7774,0.9492
3451.50,-7.7900,4.6193,1.2923
3451.75,-8.3693,4.6540,1.2419
3452.00,-8.1471,4.1569,1.4864
3452.25,-8.3615,3.2046,1.8678
3452.50,-7.5303,2.8416,1.7538
3452.75,-6.7456,3.3626,1.8298
3453.00,-6.3888,4.4165,1.9541
3453.25,-5.9629,5.1662,1.4885
3453.50,-5.4925,5.1048,0.7661
3453.75,-5.6619,5.0034,-0.0452
3454.00,-7.1864,4.6827,-1.1061
3454.25,-8.0346,4.4663,-1.3005
3454.50,-7.6566,4.0970,-1.9531
3454.75,-6.8626,4.8354,-1.9247
3455.00,-5.6113,4.6588,-1.7518
3455.25,-5.2423,4.7267,-1.1610
3455.50,-5.8289,4.6695,-0.8071
3455.75,-4.3078,4.7917,-1.1242
3456.00,-4.1770,4.7155,-0.6181
3456.25,-4.3061,4.2965,-0.4849
3456.50,-5.6348,2.8436,-1.1303
3456.75,-5.5833,2.3523,-1.4981
3457.00,-5.7818,2.8954,-1.6293
3457.25,-5.8778,3.6891,-1.2508
3457.50,-5.5079,3.7216,-1.4915
3457.75,-5.4979,3.0604,-1.4264
3458.00,-6.0642,2.6485,-1.2506
3458.25,-5.4895,2.4562,-1.5031
3458.50,-5.2829,2.4404,-1.7578
3458.75,-5.6545,2.8111,-2.3921
3459.00,-5.4732,2.8309,-2.4710
3459.25,-6.8430,3.5471,-2.6410
3459.50,-7.4343,4.5460,-2.7244
3459.75,-6.8850,4.9099,-2.6081
3460.00,-6.1555,5.0451,-1.5148
3460.25,-5.1412,4.8405,-1.0083
3460.50,-5.8402,5.3490,-0.4609
3460.75,-5.7328,5.5251,-0.3813
3461.00,-4.9497,5.1580,-0.5446
3461.25,-4.1185,4.6928,-0.8983
3461.50,-4.4474,5.1003,-1.0010
3461.75,-4.8555,5.6182,-1.3370
3462.00,-5.3475,5.2703,-1.1690
3462.25,-4.7883,4.6381,-1.3092
3462.50,-4.5656,4.1537,-1.7050
3462.75,-4.7283,3.9620,-1.6412
3463.00,-3.7525,3.9004,-1.5321
3463.25,-3.7636,3.7218,-1.6997
3463.50,-4.0661,2.8615,-1.5978
3463.75,-4.5395,3.1330,-1.6809
3464.00,-5.6184,3.6825,-1.3116
3464.25,-6.6514,3.5159,-1.0477
3464.50,-6.9976,3.0961,-0.5405
3464.75,-7.3745,3.3427,-0.0736
3465.00,-6.5463,3.8025,-0.2331
3465.25,-6.1373,3.8771,-0.5160
3465.50,-5.9276,4.7626,-0.1872
3465.75,-6.0361,5.1190,-0.4551
3466.00,-5.8344,5.1949,-0.6730
3466.25,-6.0981,4.8573,-0.1932
3466.50,-7.2789,4.0832,0.0132
3466.75,-7.5083,4.0913,-0.0519
3467.00,-7.7086,5.2798,-0.0178
3467.25,-8.2956,5.5954,-0.1873
3467.50,-7.9491,5.3400,-0.9060
3467.75,-8.0274,5.3995,-0.9488
3468.00,-8.2666,5.8081,-1.1942
3468.25,-7.5434,5.1288,-1.0803
3468.50,-6.6576,5.4397,-0.9698
3468.75,-6.7436,5.0641,-0.9079
3469.00,-6.9981,4.3369,-1.0365
3469.25,-7.5247,4.6983,-0.9588
3469.50,-9.3516,4.7924,-0.9277
3469.75,-10.2172,4.3749,-0.5451
3470.00,-9.2268,4.3730,0.3044
3470.25,-9.2609,4.5541,0.2842
3470.50,-8.2485,5.1724,-0.2264
3470.75,-7.5861,6.4470,-0.6285
3471.00,-6.7274,7.1695,-0.8712
3471.25,-6.9093,6.3643,-1.0481
3471.50,-6.9541,5.1984,-1.2707
3471.75,-7.3151,4.8388,-1.0519
3472.00,-6.8027,4.8360,-1.0642
3472.25,-7.3164,5.0883,-0.6673
3472.50,-7.9092,5.6793,-0.4084
3472.75,-7.2426,5.0824,-0.0544
3473.00,-6.4187,5.1665,0.0082
3473.25,-5.6377,5.4957,0.0990
3473.50,-5.8300,5.4541,-0.6331
3473.75,-5.5116,4.9253,-0.5163
3474.00,-5.6887,4.6073,-0.0605
3474.25,-5.8073,5.1941,-0.2446
3474.50,-5.9791,5.5633,-0.1829
3474.75,-5.5581,5.6595,0.4790
3475.00,-5.9171,5.3157,0.0910
3475.25,-6.2790,5.2919,-0.4379
3475.50,-6.3223,5.1776,-0.3716
3475.75,-6.7388,5.1002,-0.4540
3476.00,-7.6102,5.0835,-0.3875
3476.25,-7.8123,4.9629,-0.3171
3476.50,-7.6100,4.2797,-0.5530
3476.75,-7.7369,4.4839,-0.7698
3477.00,-7.1104,4.9450,-0.5520
3477.25,-7.2733,5.0413,-0.0539
3477.50,-7.9916,4.7557,0.0849
3477.75,-8.2738,4.6273,-0.1033
3478.00,-6.7638,4.3717,-0.0449
3478.25,-5.9183,4.2090,0.2449
3478.50,-5.9362,4.4243,0.8445
3478.75,-5.7699,4.0485,1.2759
3479.00,-5.7468,3.4696,1.2420
3479.25,-7.3851,3.2396,0.8834
3479.50,-7.7414,3.1546,0.4595
3479.75,-8.3940,3.4587,0.3074
3480.00,-8.0588,3.6485,0.2783
3480.25,-7.2727,3.9329,0.0181
3480.50,-6.3476,4.4620,0.2805
3480.75,-5.7827,4.6953,0.8754
3481.00,-7.2720,4.3464,1.0290
3481.25,-8.5357,3.8115,0.7529
3481.50,-7.5451,3.6500,0.3986
3481.75,-6.8787,4.0248,0.9789
3482.00,-7.4805,3.8793,1.6128
3482.25,-7.7361,4.4650,1.6763
3482.50,-8.7666,6.0474,1.8521
3482.75,-8.7130,6.5955,1.4883
3483.00,-8.3142,7.2899,1.0648
3483.25,-9.1365,7.5851,1.0424
3483.50,-9.4216,6.9268,1.6235
3483.75,-9.0678,5.9116,1.7500
3484.00,-7.6382,5.4241,1.7175
3484.25,-6.3305,5.4629,1.5817
3484.50,-6.2011,5.4329,1.7188
3484.75,-6.2420,6.0037,1.2593
3485.00,-6.6936,6.5605,1.1043
3485.25,-6.2215,7.3529,1.3291
3485.50,-6.3749,7.2643,1.5826
3485.75,-7.2153,6.1159,1.9267
3486.00,-8.0720,6.4955,1.9414
3486.25,-8.5466,7.1988,1.4575
3486.50,-9.1831,7.4310,1.0638
3486.75,-8.9619,8.2730,0.8671
3487.00,-7.8609,8.7632,0.7229
3487.25,-6.4669,8.8829,1.1455
3487.50,-6.3596,9.1350,0.8071
3487.75,-6.5043,9.2225,0.8292
3488.00,-5.2061,9.3771,1.3424
3488.25,-5.1972,9.4311,1.5968
3488.50,-4.7512,9.3232,2.1110
3488.75,-5.4687,8.4294,2.5481
3489.00,-6.1314,8.1241,2.3600
3489.25,-5.6444,8.0903,2.0667
3489.50,-5.1645,8.3611,1.5228
3489.75,-4.6322,8.4788,1.4969
3490.00,-4.8560,8.3283,1.8908
3490.25,-5.2721,8.0339,2.2405
3490.50,-5.5027,7.7624,1.7459
3490.75,-5.9281,7.0252,1.3095
3491.00,-6.0483,6.4650,1.2515
3491.25,-6.7402,5.5832,1.1533
3491.50,-6.9105,4.5188,1.0081
3491.75,-6.5266,4.5870,1.1980
3492.00,-6.4455,4.7860,1.1676
3492.25,-6.2139,5.2699,1.0697
3492.50,-6.0192,5.6346,0.5543
3492.75,-4.6636,6.2173,0.3326
3493.00,-5.0345,6.0259,0.5565
3493.25,-5.1983,5.6405,0.3326
3493.50,-4.8946,5.5419,0.3542
3493.75,-5.3015,5.9907,0.7729
3494.00,-6.4798,6.0114,0.8160
3494.25,-6.2651,5.4687,1.4394
3494.50,-5.7942,5.4442,1.0047
3494.75,-6.2073,4.5334,0.5559
3495.00,-6.7560,4.5030,0.6137
3495.25,-7.6363,5.2402,0.2489
3495.50,-7.2814,4.9658,-0.0529
3495.75,-6.9231,4.4094,0.1945
3496.00,-6.4894,4.3247,0.3561
3496.25,-5.9918,4.4783,1.1413
3496.50,-5.4766,5.1466,1.0134
3496.75,-5.3462,5.7053,0.7016
3497.00,-6.1062,5.8055,0.3530
3497.25,-5.7718,6.0506,0.7809
3497.50,-5.7665,5.4508,1.0528
3497.75,-6.0589,5.0566,0.8003
3498.00,-5.5191,4.8643,0.6852
3498.25,-4.1165,5.5907,0.0108
3498.50,-3.3892,6.0011,-0.0242
3498.75,-3.5807,6.0428,0.1882
3499.00,-4.6623,5.4100,0.5153
3499.25,-4.3695,5.4772,0.3023
3499.50,-3.8263,6.0671,0.2273
3499.75,-4.8942,6.9086,0.1990
3500.00,-4.9494,6.6831,0.7638
3500.25,-6.1912,6.7555,0.8931
3500.50,-6.2821,6.2615,0.9781
3500.75,-6.8970,5.5218,0.9915
3501.00,-7.1864,6.0392,1.1329
3501.25,-6.5147,6.0678,0.4128
3501.50,-6.4759,6.7054,0.2651
3501.75,-6.2169,7.5040,0.5358
3502.00,-5.6597,7.2983,0.9743
3502.25,-5.3068,6.4453,1.2826
3502.50,-6.1629,5.5825,1.8218
3502.75,-6.3603,4.8931,1.8394
3503.00,-6.5118,4.8621,2.0398
3503.25,-6.0312,5.2879,1.9821
3503.50,-5.0652,5.7663,1.8635
3503.75,-5.6639,6.2855,1.6187
3504.00,-5.9941,6.5519,1.3447
3504.25,-5.0643,6.2973,1.5569
3504.50,-4.3345,5.4105,1.3557
3504.75,-4.7733,5.5333,1.3040
3505.00,-4.4425,6.1231,0.4820
3505.25,-4.9510,5.7097,0.3573
3505.50,-5.0305,5.0322,0.7035
3505.75,-5.1817,4.9827,1.3529
3506.00,-5.4988,5.2580,1.6755
3506.25,-4.4353,5.4437,1.5721
3506.50,-4.4088,5.3259,1.3907
3506.75,-4.9226,5.9284,1.5917
3507.00,-6.0834,5.1141,2.3085
3507.25,-5.7975,3.4928,2.3145
3507.50,-3.8576,3.5840,2.2415
3507.75,-2.7047,4.5360,1.8109
3508.00,-2.7708,6.4033,1.4402
3508.25,-3.5712,6.9920,1.8955
3508.50,-3.7743,6.3653,2.1471
3508.75,-3.3468,5.7760,2.1924
3509.00,-4.5669,4.8574,2.2555
3509.25,-5.2225,4.5374,2.3922
3509.50,-5.0242,5.0693,2.3171
3509.75,-5.8658,5.2648,2.8175
3510.00,-6.2863,5.8421,3.0134
3510.25,-5.9442,5.6048,3.5840
3510.50,-5.5541,4.9940,3.4112
3510.75,-4.5486,4.4012,3.1133
3511.00,-4.9177,4.7701,2.9777
3511.25,-6.1770,4.9578,3.0015
3511.50,-6.4414,4.8162,2.7236
3511.75,-6.0417,4.8935,2.6286
3512.00,-5.2810,4.9541,2.6575
3512.25,-6.1189,5.1402,2.2189
3512.50,-7.2533,5.2573,1.6560
3512.75,-8.0018,5.5411,1.5430
3513.00,-7.6975,4.7175,1.6348
3513.25,-8.1443,4.2485,1.8301
3513.50,-7.5968,4.4988,1.5535
3513.75,-6.4624,4.4101,0.5778
3514.00,-6.0192,3.9004,0.3936
3514.25,-6.8545,3.4753,0.3241
3514.50,-5.8289,3.0393,0.2589
3514.75,-5.4197,2.0534,0.6433
3515.00,-5.5715,2.0521,0.1057
3515.25,-5.5143,2.0582,-0.0807
3515.50,-5.3583,2.7761,-0.2711
3515.75,-5.7891,4.2238,-0.0632
3516.00,-6.4630,5.0680,-0.0957
3516.25,-7.2896,5.4701,0.2379
3516.50,-7.4942,5.3835,0.4925
3516.75,-6.8619,4.0123,-0.0315
3517.00,-5.4495,4.5114,-0.3574
3517.25,-4.2339,4.4210,-0.4640
3517.50,-5.6541,4.2271,-0.0054
3517.75,-6.1846,4.5595,-0.1101
3518.00,-7.3503,5.3787,0.3899
3518.25,-8.4920,5.2803,0.6707
3518.50,-7.9108,5.1890,0.8810
3518.75,-7.3770,4.9870,0.8875
3519.00,-7.2309,4.7671,-0.0154
3519.25,-6.8986,4.3767,-0.3429
3519.50,-6.8692,4.5855,-0.4505
3519.75,-6.2867,5.2416,-0.4414
3520.00,-5.8338,5.9183,-0.9013
3520.25,-5.7214,5.4051,-1.2216
3520.50,-6.1412,5.1434,-0.9871
3520.75,-5.9951,5.3392,-0.8999
3521.00,-5.4927,5.4740,-0.0223
3521.25,-5.9990,5.2611,-0.0416
3521.50,-5.7346,4.5016,-0.5451
3521.75,-5.4654,4.3987,-0.3160
3522.00,-5.0584,4.1599,-0.1503
3522.25,-5.2303,3.5394,-0.6725
3522.50,-5.9955,3.6117,-0.5389
3522.75,-5.2947,3.4760,-0.0906
3523.00,-4.5205,4.3616,0.7517
3523.25,-4.6294,5.2640,1.2159
3523.50,-5.6561,5.0557,0.7969
3523.75,-5.2567,4.1752,-0.1287
3524.00,-4.5321,4.1970,-0.1756
3524.25,-5.9777,4.6111,-0.1286
3524.50,-5.7114,4.3693,-0.5703
3524.75,-5.2589,4.1393,-0.5015
3525.00,-4.4977,4.0090,-0.2435
3525.25,-3.7258,4.1706,-0.5294
3525.50,-4.1817,4.0446,-0.5904
3525.75,-5.1284,3.9778,-0.2264
3526.00,-4.8592,3.4757,-0.3814
3526.25,-5.0038,2.3565,-0.0331
3526.50,-5.0720,2.4329,0.5554
3526.75,-5.1480,3.9930,0.9440
3527.00,-3.7318,4.3669,0.9353
3527.25,-3.4414,3.4663,0.7489
3527.50,-3.8455,3.5351,1.0379
3527.75,-4.7132,3.5249,1.1434
3528.00,-4.2898,3.4326,0.6608
3528.25,-4.1379,3.7982,0.9732
3528.50,-4.5137,3.7932,0.8621
3528.75,-5.1809,3.8904,0.8972
3529.00,-4.7626,4.3895,0.8808
3529.25,-4.2357,5.0299,0.6775
3529.50,-4.0256,5.2349,0.3513
3529.75,-3.3522,4.9540,-0.1170
3530.00,-3.2003,3.6140,0.0201
3530.25,-3.9052,3.3233,0.4031
3530.50,-4.8692,3.6645,0.5174
3530.75,-4.1502,3.6929,0.3538
3531.00,-4.5095,3.6294,0.5466
3531.25,-4.5957,3.7429,0.7679
3531.50,-4.5256,3.5430,0.6313
3531.75,-4.8365,3.4929,0.8576
3532.00,-5.6303,3.6797,0.8631
3532.25,-5.6587,3.4895,0.5951
3532.50,-5.7510,3.3961,0.1303
3532.75,-6.1574,2.5768,0.0268
3533.00,-6.1559,1.5117,0.0007
3533.25,-5.6864,0.9328,-0.1094
3533.50,-4.1174,1.1860,-0.2963
3533.75,-3.6332,1.6564,0.4123
3534.00,-3.2480,2.0891,0.3857
3534.25,-2.0863,2.2761,0.5700
3534.50,-2.0495,2.7392,0.6355
3534.75,-3.3802,3.3371,0.0982
3535.00,-3.8889,3.9148,0.1764
3535.25,-4.3815,3.9955,0.4185
3535.50,-4.6228,3.8151,0.4291
3535.75,-4.2505,3.3230,0.5835
3536.00,-4.1143,3.5100,0.2392
3536.25,-5.1133,2.9966,-0.3703
3536.50,-5.3976,3.0435,-0.5841
3536.75,-4.9662,3.0538,-0.6329
3537.00,-4.9062,3.4617,-0.5187
3537.25,-5.4448,4.1844,-0.3095
3537.50,-5.5704,4.4734,-0.4385
3537.75,-5.0817,3.9447,-0.6062
3538.00,-4.2479,3.1718,-0.2914
3538.25,-3.3627,2.2512,-0.7629
3538.50,-4.5150,1.1802,-1.1143
3538.75,-4.8290,1.4352,-1.4616
3539.00,-3.9723,0.9437,-0.9785
3539.25,-4.0280,1.9450,-0.8011
3539.50,-3.7196,3.3687,-0.8564
3539.75,-3.3444,3.5610,-1.5874
3540.00,-3.3004,3.5942,-1.6362
3540.25,-2.9812,3.8154,-1.3298
3540.50,-3.7031,3.7406,-0.9531
3540.75,-4.1109,3.6689,-0.6016
3541.00,-5.2568,3.3633,-0.3725
3541.25,-6.0362,3.8842,-0.5026
3541.50,-6.8558,3.5266,-0.8119
3541.75,-7.0567,3.4310,-1.2391
3542.00,-6.1967,3.6099,-1.6678
3542.25,-4.9298,3.6595,-1.1516
3542.50,-5.0063,3.9708,-0.4220
3542.75,-5.4091,3.9269,-0.2208
3543.00,-5.2528,5.0957,-0.1905
3543.25,-5.3083,5.0700,-0.0137
3543.50,-5.4469,4.5057,-0.0077
3543.75,-5.9670,3.7878,0.2004
3544.00,-4.8814,3.8819,0.2665
3544.25,-4.0169,4.1748,-0.2504
3544.50,-4.9345,3.3048,-0.3970
3544.75,-5.8179,2.9448,-0.1821
3545.00,-6.1538,2.6579,-0.2158
3545.25,-5.9634,2.4434,-0.3068
3545.50,-6.0225,3.6988,0.1931
3545.75,-5.5420,4.3236,0.1550
3546.00,-4.8813,5.0574,0.0340
3546.25,-4.3592,5.2519,-0.0949
3546.50,-4.6525,4.6176,-0.8628
3546.75,-4.4899,4.1931,-0.5961
3547.00,-4.2622,4.4199,-0.6842
3547.25,-4.6603,4.3631,-0.9952
3547.50,-4.8715,5.0541,-0.6666
3547.75,-5.1775,4.4030,-0.6773
3548.00,-5.3044,4.3856,-0.6306
3548.25,-4.7912,4.9871,-0.7912
3548.50,-3.6070,5.2649,-0.7678
3548.75,-3.8570,5.2257,-0.4233
3549.00,-4.7102,4.5080,-0.7380
3549.25,-3.4131,3.6300,-0.6845
3549.50,-2.5738,3.0589,-1.4197
3549.75,-1.8659,3.1916,-1.8136
3550.00,-2.6947,3.0427,-1.5178
3550.25,-3.6592,4.1169,-1.3371
3550.50,-4.3676,4.9381,-1.6292
3550.75,-5.0254,4.5872,-2.2483
3551.00,-4.7537,4.1233,-2.5651
3551.25,-4.6455,3.6817,-2.1461
3551.50,-5.3517,3.0911,-1.2784
3551.75,-5.6556,2.9070,-0.7861
3552.00,-5.7354,2.9883,-0.6893
3552.25,-5.3640,3.2749,-1.0962
3552.50,-4.8653,3.4942,-1.3773
3552.75,-5.2970,3.8603,-1.0005
3553.00,-6.2719,3.9925,-0.6014
3553.25,-5.9381,4.5034,-0.6445
3553.50,-5.1398,4.7837,-1.3357
3553.75,-4.9073,4.0882,-1.2458
3554.00,-4.9229,3.5587,-0.5689
3554.25,-4.1356,3.1206,-0.5910
3554.50,-3.3680,2.7585,-0.5022
3554.75,-3.1434,2.1984,-0.8497
3555.00,-2.7325,2.4031,-0.9701
3555.25,-2.9663,2.8613,-0.5565
3555.50,-3.6589,2.2075,-0.6766
3555.75,-4.4976,2.4024,-0.0900
3556.00,-5.5431,2.6511,0.1347
3556.25,-6.7490,2.5694,-0.9563
3556.50,-6.8572,2.6551,-1.7519
3556.75,-7.6223,2.4909,-1.3939
3557.00,-8.0413,2.1961,-1.3869
3557.25,-8.1414,2.1974,-1.3122
3557.50,-8.4168,2.3690,-1.2561
3557.75,-8.7073,2.1095,-1.2062
3558.00,-8.4020,1.9369,-1.0353
3558.25,-8.1770,2.5306,-1.4649
3558.50,-7.7456,2.6232,-1.3290
3558.75,-7.1132,2.5574,-0.9442
3559.00,-7.7690,3.2626,-1.0371
3559.25,-7.9535,3.5378,-1.0442
3559.50,-7.9336,3.4376,-1.5277
3559.75,-7.9346,3.0188,-2.0950
3560.00,-7.9255,3.2455,-2.2598
3560.25,-7.8912,3.6641,-1.6676
3560.50,-7.2521,4.4845,-1.3657
3560.75,-7.1135,5.7202,-0.9856
3561.00,-6.0408,6.1123,0.0650
3561.25,-5.4485,6.8498,0.0719
3561.50,-6.1339,6.6618,-0.5343
3561.75,-7.1052,6.7053,-0.7073
3562.00,-6.3839,6.7256,-0.7863
3562.25,-5.0448,6.9433,-1.0206
3562.50,-4.8591,7.5824,-1.5997
3562.75,-5.1030,7.9106,-1.5911
3563.00,-5.6363,7.9140,-1.6879
3563.25,-5.5677,7.1360,-1.0646
3563.50,-4.9213,6.8164,-0.6938
3563.75,-5.1462,6.5260,-0.8758
3564.00,-5.9671,6.7910,-0.7442
3564.25,-6.0517,6.9742,-1.0817
3564.50,-6.9673,7.7776,-1.0301
3564.75,-7.1121,7.6280,-1.0565
3565.00,-7.3467,7.3384,-0.5026
3565.25,-6.9026,7.6533,-0.3818
3565.50,-4.8803,7.7806,-0.0093
3565.75,-3.1152,8.5851,0.1109
3566.00,-2.2834,8.2993,0.2686
3566.25,-2.5853,7.0614,0.4664
3566.50,-2.6893,6.3246,0.3000
3566.75,-3.5998,5.5121,-0.1643
3567.00,-3.5416,5.1600,-0.6643
3567.25,-2.2477,5.3357,-0.5202
3567.50,-2.9932,4.9873,-0.9475
3567.75,-4.1672,5.2314,-1.7903
3568.00,-5.2359,5.1869,-2.1162
3568.25,-5.4193,5.1503,-2.3030
3568.50,-5.4215,5.3222,-1.0537
3568.75,-5.6278,4.9839,-0.5184
3569.00,-5.8135,4.6089,-0.6088
3569.25,-5.6601,4.6973,-0.0433
3569.50,-4.5060,4.2716,0.4796
3569.75,-4.1211,3.8959,0.0757
3570.00,-4.1680,3.8859,-0.5000
3570.25,-4.7512,4.2375,-0.5343
3570.50,-4.2069,2.9466,-0.7570
3570.75,-4.0316,3.5305,-0.8193
3571.00,-4.1426,3.9921,-0.9485
3571.25,-4.0040,4.8195,-1.2060
3571.50,-4.2997,5.3120,-0.6963
3571.75,-4.5026,5.5240,-0.7613
3572.00,-5.3482,5.2179,-1.2627
3572.25,-5.8058,5.2586,-1.5484
3572.50,-5.8066,4.9375,-1.8542
3572.75,-5.6518,4.4972,-2.3960
3573.00,-5.3631,3.9493,-1.8817
3573.25,-5.1218,3.4384,-1.4082
3573.50,-6.2379,3.3915,-1.6173
3573.75,-6.3308,3.4061,-0.9601
3574.00,-5.5483,4.7937,-0.3656
3574.25,-4.8116,5.0422,-0.3715
3574.50,-5.3088,5.7655,-0.2897
3574.75,-5.4949,6.3643,0.3706
3575.00,-5.1066,5.9491,0.7516
3575.25,-4.6244,6.3223,1.3147
3575.50,-4.4932,6.7355,1.3056
3575.75,-4.2276,6.3779,1.0137
3576.00,-4.5958,5.2161,0.9176
3576.25,-4.1688,5.0962,1.0974
3576.50,-4.1577,5.4230,1.5795
3576.75,-4.1857,4.8109,1.5104
3577.00,-2.8667,4.6803,0.9175
3577.25,-1.4476,5.6550,0.9428
3577.50,-1.7743,6.4344,0.5579
3577.75,-1.6197,5.8944,0.3696
3578.00,-2.4274,5.0682,0.1445
3578.25,-4.2372,4.5975,0.0452
3578.50,-3.7506,3.9756,0.8395
3578.75,-3.1425,3.9824,1.1920
3579.00,-3.0099,5.2415,1.1217
3579.25,-3.0761,5.3401,1.3927
3579.50,-2.8284,5.4410,1.6308
3579.75,-2.8213,5.3606,1.6246
3580.00,-3.8978,4.7292,1.6792
3580.25,-4.9228,4.7158,1.6295
3580.50,-6.6492,4.1887,1.2797
3580.75,-6.9041,4.8182,1.2899
3581.00,-6.8593,5.0924,2.0510
3581.25,-6.0643,4.3767,2.3845
3581.50,-4.7924,4.5371,2.1161
3581.75,-4.0094,4.7739,1.8459
3582.00,-4.5578,4.1119,1.4286
3582.25,-5.1393,3.5199,1.1997
3582.50,-4.7361,3.1521,0.8822
3582.75,-4.6317,2.3873,0.8917
3583.00,-5.1021,2.1273,1.0342
3583.25,-6.7115,2.0065,1.0746
3583.50,-7.3758,2.2944,1.4536
3583.75,-6.9014,2.0204,1.6232
3584.00,-6.9797,1.3599,1.3924
3584.25,-6.6373,1.8757,1.5501
3584.50,-7.1812,2.2837,1.4992
3584.75,-7.7260,2.4278,1.6005
3585.00,-7.4277,2.9409,1.8832
3585.25,-6.4622,3.0250,1.8042
3585.50,-5.2142,2.8464,1.5947
3585.75,-6.1796,2.6080,1.6600
3586.00,-6.2908,2.5452,1.6919
3586.25,-5.9121,2.1388,1.8417
3586.50,-5.4002,2.7770,2.4397
3586.75,-5.1084,3.2294,2.1228
3587.00,-5.5327,3.6737,1.7580
3587.25,-6.2371,4.5327,1.7008
3587.50,-5.5411,4.4306,1.8466
3587.75,-5.6750,4.4117,2.3732
3588.00,-5.7490,4.1206,2.8692
3588.25,-6.4522,3.2359,2.6584
3588.50,-6.9993,2.4733,1.5307
3588.75,-6.7060,2.1921,0.3722
3589.00,-7.2713,3.3617,-0.0692
3589.25,-7.3657,4.1504,-0.0188
3589.50,-6.6494,3.4850,0.2298
3589.75,-7.0696,2.4233,0.5866
3590.00,-7.2961,3.0999,0.3648
3590.25,-7.6052,3.2478,0.5235
3590.50,-7.9473,2.8887,0.3940
3590.75,-8.4847,2.9725,0.5616
3591.00,-9.1460,2.3360,0.2294
3591.25,-9.2282,2.5187,-0.4108
3591.50,-8.2999,3.5288,-0.8160
3591.75,-7.4929,3.7996,-0.9724
3592.00,-6.6734,4.7227,-1.4890
3592.25,-6.3819,4.8213,-1.7281
3592.50,-7.3743,4.8075,-1.8171
3592.75,-7.2582,5.0526,-1.6848
3593.00,-7.0748,5.7981,-1.1896
3593.25,-7.2627,5.4844,-0.8245
3593.50,-6.8362,5.1648,-0.8813
3593.75,-7.8661,5.5015,-0.2989
3594.00,-8.1790,6.0075,0.2210
3594.25,-8.1854,6.6606,0.3196
3594.50,-9.0366,6.6555,-0.0631
3594.75,-10.0756,5.6538,-0.0873
3595.00,-10.2749,5.7890,-0.2831
3595.25,-11.0392,5.9733,-0.6400
3595.50,-11.5629,6.4165,-0.2106
3595.75,-11.5381,7.0030,0.2077
3596.00,-9.9587,7.2302,0.6003
3596.25,-9.2688,6.6335,0.9236
3596.50,-9.8668,6.6046,1.1264
3596.75,-10.0380,6.8452,0.9355
3597.00,-10.5403,6.7622,1.1761
3597.25,-10.5139,6.8455,1.0396
3597.50,-9.4520,6.5460,0.5856
3597.75,-9.5868,6.1883,0.3928
3598.00,-9.8426,5.9837,0.2401
3598.25,-10.4685,6.2226,0.7657
3598.50,-10.9266,5.6345,0.2744
3598.75,-9.8387,5.5392,0.7357
3599.00,-8.9203,4.9333,1.2169
3599.25,-7.9172,4.5789,1.0568
3599.50,-8.8564,5.0269,1.2697
3599.75,-8.5345,5.9732,1.0511
